# Oscilloscope Data

# Seconds	Mcl_Quantities.Speed_Rot_Mech	Mcl_IO.Speed_Rot_Ref	Mcl_Quantities.Torque_Ref	Mcl_Quantities.Torque	Mcl_Quantities.IsRMS	Mcl_Quantities.Stator_Flux_Mag	Mcl_IO.Vdc	SR_Overheating_Temp	ThermalModelCore_Y.WindingTemperature
2611.847	0	0	0	0	0.00386865	0.0931	185.219	55.6772	69.1193
2611.991	0	0	0	0	0.00395777	0.0931	183.487	55.6772	69.1153
2612.134	0	0	0	0	0.00408876	0.0931	181.647	55.6772	69.1119
2612.277	0	0	0	0	0.00408876	0.0931	179.915	55.6772	69.1079
2612.420	0	0	0	0	0.00415303	0.0931	178.183	55.6772	69.1039
2612.563	0	0	0	0	0.00415303	0.0931	176.451	55.6772	69.1005
2612.707	0	0	0	0	0.00405528	0.0931	174.502	55.6411	69.0965
2612.850	0	0	0	0	0.00405528	0.0931	172.77	55.6411	69.0924
2612.993	0	0	0	0	0.00421444	0.0931	171.038	55.6411	69.0884
2613.137	0	0	0	0	0.00421444	0.0931	169.198	55.6411	69.0851
2613.280	0	0	0	0	0.00381885	0.0931	167.249	55.6411	69.081
2613.423	0	0	0	0	0.00393384	0.0931	165.409	55.6411	69.077
2613.566	0	0	0	0	0.00393384	0.0931	163.677	55.6411	69.073
2613.709	0	0	0	0	0.00385847	0.0931	161.728	55.605	69.0696
2613.853	0	0	0	0	0.00385847	0.0931	159.672	55.605	69.0656
2613.996	0	0	0	0	0.00379406	0.0931	157.723	55.605	69.0616
2614.139	0	0	0	0	0.00379406	0.0931	155.883	55.605	69.0575
2614.282	0	0	0	0	0.00376909	0.0931	153.826	55.605	69.0542
2614.426	0	0	0	0	0.00397825	0.0931	151.877	55.605	69.0501
2614.585	0	0	0	0	0.00397825	0.0931	149.604	55.605	69.0461
2614.744	0	0	0	0	0.00403518	0.0931	147.331	55.569	69.0414
2614.903	0	0	0	0	0.00403518	0.0931	145.058	55.569	69.0374
2615.046	0	0	0	0	0.00376283	0.0931	143.001	55.569	69.0334
2615.221	0	0	0	0	0.00371938	0.0931	140.403	55.569	69.0287
2615.381	0	0	0	0	0.00371938	0.0931	137.913	55.569	69.0246
2615.540	0	0	0	0	0.00613612	0.0931	135.531	55.569	69.0199
2615.699	0	0	0	0	0.00613612	0.0931	133.042	55.533	69.0159
2615.858	0	0	0	0	0.00860925	0.0931	130.66	55.533	69.0119
2616.017	0	0	0	0	0.00874193	0.0931	127.846	55.533	69.0072
2616.176	0	0	0	0	0.00874193	0.0931	125.572	55.533	69.0031
2616.336	0	0	0	0	0.00847728	0.0931	122.649	55.533	68.9991
2616.495	0	0	0	0	0.00899997	0.0931	120.051	55.533	68.9945
2616.638	0	0	0	0	0.00899997	0.0931	117.562	55.4971	68.9911
2616.781	0	0	0	0	0.00926186	0.0931	115.18	55.4971	68.9872
2616.925	0	0	0	0	0.00926186	0.0931	112.474	55.4971	68.9832
2617.068	0	0	0	0	0.00942018	0.0931	109.876	55.4971	68.9792
2617.211	0	0	0	0	0.00942018	0.0931	107.169	55.4971	68.9759
2617.355	0	0	0	0	0.00949944	0.0931	104.571	55.4971	68.9719
2617.498	0	0	0	0	0.00949944	0.0931	101.649	55.4971	68.9679
2617.641	0	0	0	0	0.00965766	0.0931	313.281	55.4613	68.964
2617.785	0	0	0	0	0.00777075	0.0931	319.885	55.4613	68.9607
2617.928	0	0	0	0	0.00777075	0.0931	320.642	55.4613	68.9567
2618.071	0	0	0	0	0.00629183	0.0931	321.184	55.4613	68.9527
2618.214	0	0	0	0	0.00629183	0.0931	321.184	55.4613	68.9494
2618.357	0	0	0	0	0.00939592	0.0931	321.292	55.4613	68.9455
2618.501	0	0	0	0	0.00939592	0.0931	321.508	55.4613	68.9416
2618.644	0	0	0	0	0.00961739	0.0931	321.725	55.4256	68.9376
2618.787	0	0	0	0	0.00951791	0.0931	321.725	55.4256	68.9343
2618.931	0	0	0	0	0.00951791	0.0931	321.833	55.4256	68.9303
2619.074	0	0	0	0	0.00979996	0.0931	321.617	55.4256	68.9264
2619.217	0	0	0	0	0.00979996	0.0931	321.617	55.4256	68.9225
2619.360	0	0	0	0	0.00983762	0.0931	321.508	55.4256	68.9192
2619.504	0	0	0	0	0.00983762	0.0931	321.184	55.4256	68.9152
2619.647	0	0	0	0	0.00969667	0.0931	321.725	55.3899	68.9112
2619.790	0	0	0	0	0.00969667	0.0931	321.4	55.3899	68.9079
2619.933	0	0	0	0	0.00955036	0.0931	321.508	55.3899	68.904
2620.092	0	0	0	0	0.0096826	0.0931	321.617	55.3899	68.8994
2620.251	0	0	0	0	0.0096826	0.0931	321.508	55.3899	68.8954
2620.411	0	0	0	0	0.00955228	0.0931	321.617	55.3899	68.8915
2620.554	0	0	0	0	0.00955228	0.0931	321.617	55.3899	68.8875
2620.713	0	0	0	0	0.0097455	0.0931	321.508	55.3543	68.8836
2620.872	0	0	0	0	0.00983682	0.0931	321.508	55.3543	68.879
2621.031	0	0	0	0	0.00983682	0.0931	321.617	55.3543	68.875
2621.191	0	0	0	0	0.00953223	0.0931	321.508	55.3543	68.8711
2621.350	0	0	0	0	0.0094299	0.0931	321.617	55.3543	68.8665
2621.509	0	0	0	0	0.0094299	0.0931	321.617	55.3543	68.8625
2621.668	0	0	0	0	0.00952149	0.0931	321.725	55.3188	68.8579
2621.827	0	0	0	0	0.00952149	0.0931	321.725	55.3188	68.8539
2621.986	0	0	0	0	0.00944018	0.0931	321.725	55.3188	68.85
2622.130	0	0	0	0	0.00982695	0.0931	321.725	55.3188	68.846
2622.273	0	0	0	0	0.00982695	0.0931	321.617	55.3188	68.8421
2622.417	0	0	0	0	0.0099339	0.0931	321.617	55.3188	68.8381
2622.560	0	0	0	0	0.0099339	0.0931	321.725	55.3188	68.8348
2622.703	0	0	0	0	0.00965277	0.0931	321.617	55.2833	68.8308
2622.846	0	0	0	0	0.00965277	0.0931	321.617	55.2833	68.8269
2622.990	0	0	0	0	0.0096133	0.0931	321.508	55.2833	68.8236
2623.133	0	0	0	0	0.00952892	0.0931	321.725	55.2833	68.8196
2623.276	0	0	0	0	0.00952892	0.0931	321.617	55.2833	68.8157
2623.419	0	0	0	0	0.00973365	0.0931	321.617	55.2833	68.8118
2623.563	0	0	0	0	0.00973365	0.0931	321.508	55.2833	68.8085
2623.706	0	0	0	0	0.0097729	0.0931	321.184	55.248	68.8045
2623.849	0	0	0	0	0.0097729	0.0931	321.4	55.248	68.8006
2623.992	0	0	0	0	0.00989528	0.0931	321.617	55.248	68.7966
2624.136	0	0	0	0	0.00989528	0.0931	321.617	55.248	68.7933
2624.279	0	0	0	0	0.00931295	0.0931	321.508	55.248	68.7893
2624.422	0	0	0	0	0.00937049	0.0931	321.941	55.248	68.7854
2624.565	0	0	0	0	0.00937049	0.0931	321.725	55.248	68.7821
2624.709	0	0	0	0	0.00967827	0.0931	321.725	55.2126	68.7781
2624.852	0	0	0	0	0.00967827	0.0931	321.617	55.2126	68.7742
2624.995	0	0	0	0	0.00998628	0.0931	321.725	55.2126	68.7702
2625.138	0	0	0	0	0.00998628	0.0931	321.508	55.2126	68.7669
2625.282	0	0	0	0	0.00982855	0.0931	321.617	55.2126	68.763
2625.425	0	0	0	0	0.00982855	0.0931	321.617	55.2126	68.759
2625.584	0	0	0	0	0.00985546	0.0931	321.833	55.2126	68.7551
2625.743	0	0	0	0	0.00958763	0.0931	321.725	55.1774	68.7505
2625.902	0	0	0	0	0.00958763	0.0931	321.941	55.1774	68.7465
2626.046	0	0	0	0	0.00949502	0.0931	321.617	55.1774	68.7426
2626.205	0	0	0	0	0.00951212	0.0931	321.617	55.1774	68.7386
2626.364	0	0	0	0	0.00951212	0.0931	321.4	55.1774	68.7346
2626.523	0	0	0	0	0.00965413	0.0931	321.617	55.1774	68.73
2626.682	0	0	0	0	0.00965413	0.0931	321.617	55.1422	68.7261
2626.841	0	0	0	0	0.00990747	0.0931	321.617	55.1422	68.7222
2627.001	0	0	0	0	0.0097064	0.0931	321.617	55.1422	68.7175
2627.160	0	0	0	0	0.0097064	0.0931	321.725	55.1422	68.7136
2627.319	0	0	0	0	0.00953167	0.0931	321.833	55.1422	68.709
2627.478	0	0	0	0	0.00953167	0.0931	321.292	55.1422	68.705
2627.622	0	0	0	0	0.00962093	0.0931	321.617	55.1422	68.701
2627.765	0	0	0	0	0.009662	0.0931	321.617	55.1071	68.6978
2627.908	0	0	0	0	0.009662	0.0931	321.508	55.1071	68.6938
2628.051	0	0	0	0	0.0101439	0.0931	321.508	55.1071	68.6899
2628.195	0	0	0	0	0.0101439	0.0931	321.617	55.1071	68.6859
2628.338	0	0	0	0	0.0103009	0.0931	321.508	55.1071	68.6826
2628.481	0	0	0	0	0.0103009	0.0931	321.617	55.1071	68.6786
2628.624	0	0	0	0	0.010059	0.0931	321.617	55.1071	68.6747
2628.768	0	0	0	0	0.0100778	0.0931	321.617	55.072	68.6714
2628.911	0	0	0	0	0.0100778	0.0931	321.508	55.072	68.6674
2629.054	0	0	0	0	0.00993943	0.0931	321.725	55.072	68.6635
2629.198	0	0	0	0	0.00993943	0.0931	321.508	55.072	68.6595
2629.341	0	0	0	0	0.00985359	0.0931	321.4	55.072	68.6563
2629.484	0	0	0	0	0.00985359	0.0931	321.617	55.072	68.6523
2629.627	0	0	0	0	0.00764935	0.0931	321.725	55.072	68.6483
2629.771	0	0	0	0	0.00764935	0.0931	321.508	55.0371	68.6443
2629.914	0	0	0	0	0.00602488	0.0931	321.617	55.0371	68.641
2630.057	0	0	0	0	0.00458111	0.0931	321.508	55.0371	68.637
2630.200	0	0	0	0	0.00458111	0.0931	321.617	55.0371	68.6331
2630.344	0	0	0	0	0.00447983	0.0931	321.508	55.0371	68.6291
2630.487	0	0	0	0	0.00447983	0.0931	321.725	55.0371	68.6258
2630.630	0	0	0	0	0.0044019	0.0931	321.508	55.0371	68.6219
2630.773	0	0	0	0	0.0044019	0.0931	321.186	55.0022	68.6179
2630.917	0	0	0	0	0.00468188	0.0931	321.833	55.0022	68.6146
2631.076	0	0	0	0	0.00446987	0.0931	321.833	55.0022	68.61
2631.235	0	0	0	0	0.00446987	0.0931	321.508	55.0022	68.606
2631.394	0	0	0	0	0.00437021	0.0931	321.617	55.0022	68.6014
2631.538	0	0	0	0	0.00437021	0.0931	321.508	55.0022	68.5981
2631.697	0	0	0	0	0.00441973	0.0931	321.508	54.9673	68.5935
2631.856	0	0	0	0	0.0043031	0.0931	321.508	54.9673	68.5896
2632.015	0	0	0	0	0.0043031	0.0931	321.4	54.9673	68.5856
2632.174	0	0	0	0	0.00439056	0.0931	321.508	54.9673	68.581
2632.333	0	0	0	0	0.00439056	0.0931	321.617	54.9673	68.5771
2632.492	0	0	0	0	0.004286	0.0931	321.725	54.9673	68.5731
2632.651	0	0	0	0	0.00437321	0.0931	321.617	54.9325	68.5685
2632.811	0	0	0	0	0.00437321	0.0931	321.508	54.9325	68.5645
2632.970	0	0	0	0	0.00475909	0.0931	321.617	54.9325	68.5599
2633.113	0	0	0	0	0.00475909	0.0931	321.4	54.9325	68.5566
2633.257	0	0	0	0	0.00439534	0.0931	321.833	54.9325	68.5527
2633.400	0	0	0	0	0.00444634	0.0931	321.617	54.9325	68.5487
2633.543	0	0	0	0	0.00444634	0.0931	321.508	54.9325	68.5454
2633.686	0	0	0	0	0.00448568	0.0931	321.617	54.8978	68.5415
2633.830	0	0	0	0	0.00448568	0.0931	321.508	54.8978	68.5375
2633.973	0	0	0	0	0.00440487	0.0931	321.941	54.8978	68.5336
2634.116	0	0	0	0	0.00440487	0.0931	321.617	54.8978	68.5303
2634.259	0	0	0	0	0.00443572	0.0931	321.4	54.8978	68.5263
2634.403	0	0	0	0	0.0242676	0.0931	321.4	54.8978	68.5224
2634.546	0	0	0	0	0.0242676	0.0931	321.508	54.8978	68.5186
2634.689	0	0	0	0	0.00441023	0.0931	321.508	54.8632	68.5153
2634.832	0	0	0	0	0.00441023	0.0931	321.508	54.8632	68.5112
2634.976	0	0	0	0	0.00455701	0.0931	321.725	54.8632	68.5072
2635.119	0	0	0	0	0.00455701	0.0931	321.508	54.8632	68.5039
2635.262	0	0	0	0	0.00431041	0.0931	321.725	54.8632	68.5
2635.406	0	0	0	0	0.00431041	0.0931	321.833	54.8632	68.496
2635.549	0	0	0	0	0.00420198	0.0931	321.508	54.8632	68.4921
2635.692	0	0	0	0	0.0044132	0.0931	321.725	54.8286	68.4888
2635.836	0	0	0	0	0.0044132	0.0931	321.292	54.8286	68.4848
2635.979	0	0	0	0	0.00436421	0.0931	321.508	54.8286	68.4809
2636.122	0	0	0	0	0.00436421	0.0931	321.617	54.8286	68.4769
2636.265	0	0	0	0	0.00451423	0.0931	321.833	54.8286	68.4736
2636.408	0	0	0	0	0.00451423	0.0931	321.725	54.8286	68.4697
2636.568	0	0	0	0	0.00445871	0.0931	321.617	54.8286	68.4657
2636.726	0	0	0	0	0.00452004	0.0931	321.725	54.7941	68.4611
2636.886	0	0	0	0	0.00452004	0.0931	321.617	54.7941	68.4572
2637.029	0	0	0	0	0.00434434	0.0931	321.725	54.7941	68.4532
2637.188	0	0	0	0	0.00434434	0.0931	321.508	54.7941	68.4492
2637.347	0	0	0	0	0.00440309	0.0931	321.508	54.7941	68.4446
2637.506	0	0	0	0	0.00435458	0.0931	321.833	54.7941	68.4407
2637.666	0	0	0	0	0.00435458	0.0931	321.725	54.7597	68.4367
2637.825	0	0	0	0	0.004378	0.0931	321.725	54.7597	68.4321
2637.984	0	0	0	0	0.0043792	0.0931	321.617	54.7597	68.4282
2638.143	0	0	0	0	0.0043792	0.0931	321.725	54.7597	68.4242
2638.302	0	0	0	0	0.00427743	0.0931	321.617	54.7597	68.4196
2638.462	0	0	0	0	0.00427743	0.0931	321.617	54.7597	68.4156
2638.605	0	0	0	0	0.00440428	0.0931	321.617	54.7597	68.4117
2638.748	0	0	0	0	0.00440428	0.0931	321.508	54.7253	68.4077
2638.892	0	0	0	0	0.00449386	0.0931	321.617	54.7253	68.4044
2639.035	0	0	0	0	0.0043798	0.0931	321.725	54.7253	68.4005
2639.178	0	0	0	0	0.0043798	0.0931	321.508	54.7253	68.3965
2639.321	0	0	0	0	0.00444871	0.0931	321.617	54.7253	68.3925
2639.465	0	0	0	0	0.00444871	0.0931	321.617	54.7253	68.3893
2639.608	0	0	0	0	0.0046159	0.0931	321.508	54.7253	68.3853
2639.751	0	0	0	0	0.0046159	0.0931	321.508	54.691	68.3813
2639.894	0	0	0	0	0.00433467	0.0931	321.617	54.691	68.3781
2640.038	0	0	0	0	0.00455125	0.0931	321.617	54.691	68.3741
2640.181	0	0	0	0	0.00455125	0.0931	321.725	54.691	68.3702
2640.324	0	0	0	0	0.00437321	0.0931	321.833	54.691	68.3662
2640.468	0	0	0	0	0.00437321	0.0931	321.725	54.691	68.3629
2640.611	0	0	0	0	0.00440487	0.0931	321.725	54.691	68.359
2640.754	0	0	0	0	0.00440487	0.0931	321.725	54.6568	68.355
2640.898	0	0	0	0	0.00411433	0.0931	321.617	54.6568	68.3511
2641.041	0	0	0	0	0.00411433	0.0931	321.617	54.6568	68.3479
2641.184	0	0	0	0	0.00412579	0.0931	321.725	54.6568	68.3441
2641.327	0	0	0	0	0.00428784	0.0931	321.508	54.6568	68.3402
2641.470	0	0	0	0	0.00428784	0.0931	321.725	54.6568	68.337
2641.614	0	0	0	0	0.00432862	0.0931	321.617	54.6568	68.3332
2641.757	0	0	0	0	0.00432862	0.0931	321.508	54.6226	68.3293
2641.900	0	0	0	0	0.00433467	0.0931	321.833	54.6226	68.3255
2642.059	0	0	0	0	0.00433467	0.0931	321.725	54.6226	68.3217
2642.218	0	0	0	0	0.00448977	0.0931	321.617	54.6226	68.3178
2642.378	0	0	0	0	0.00436601	0.0931	321.508	54.6226	68.3133
2642.521	0	0	0	0	0.00436601	0.0931	321.4	54.6226	68.3101
2642.680	0	0	0	0	0.00427314	0.0931	321.508	54.5885	68.3056
2642.839	0	0	0	0	0.00427314	0.0931	321.833	54.5885	68.3018
2642.998	0	0	0	0	0.00455413	0.0931	321.508	54.5885	68.2973
2643.157	0	0	0	0	0.00441142	0.0931	321.617	54.5885	68.2935
2643.317	0	0	0	0	0.00441142	0.0931	321.508	54.5885	68.2896
2643.476	0	0	0	0	0.00439653	0.0931	321.617	54.5885	68.2851
2643.635	0	0	0	0	0.00452178	0.0931	321.508	54.5885	68.2813
2643.794	0	0	0	0	0.00452178	0.0931	321.725	54.5544	68.2774
2643.954	0	0	0	0	0.00438877	0.0931	321.617	54.5544	68.2729
2644.097	0	0	0	0	0.00438877	0.0931	321.617	54.5544	68.2697
2644.240	0	0	0	0	0.00441439	0.0931	321.941	54.5544	68.2659
2644.383	0	0	0	0	0.00441439	0.0931	321.833	54.5544	68.2621
2644.527	0	0	0	0	0.00432134	0.0931	321.833	54.5544	68.2582
2644.670	0	0	0	0	0.00446459	0.0931	321.725	54.5204	68.255
2644.813	0	0	0	0	0.00446459	0.0931	321.508	54.5204	68.2512
2644.956	0	0	0	0	0.00421942	0.0931	321.508	54.5204	68.2473
2645.100	0	0	0	0	0.00421942	0.0931	321.508	54.5204	68.2435
2645.243	0	0	0	0	0.00444399	0.0931	321.617	54.5204	68.2403
2645.386	0	0	0	0	0.00444399	0.0931	321.617	54.5204	68.2364
2645.529	0	0	0	0	0.00444104	0.0931	321.941	54.5204	68.2326
2645.673	0	0	0	0	0.00442269	0.0931	321.508	54.4865	68.2287
2645.816	0	0	0	0	0.00442269	0.0931	321.617	54.4865	68.2255
2645.959	0	0	0	0	0.00423059	0.0931	321.833	54.4865	68.2217
2646.102	0	0	0	0	0.00423059	0.0931	321.617	54.4865	68.2178
2646.246	0	0	0	0	0.00430797	0.0931	321.617	54.4865	68.2146
2646.389	0	0	0	0	0.00430797	0.0931	321.833	54.4865	68.2108
2646.532	0	0	0	0	0.00434494	0.0931	321.725	54.4865	68.2069
2646.676	0	0	0	0	0.00434494	0.0931	321.508	54.4527	68.2031
2646.819	0	0	0	0	0.00430188	0.0931	321.617	54.4527	68.1999
2646.962	0	0	0	0	0.00442566	0.0931	321.725	54.4527	68.196
2647.105	0	0	0	0	0.00442566	0.0931	321.725	54.4527	68.1922
2647.248	0	0	0	0	0.00439892	0.0931	321.725	54.4527	68.1884
2647.392	0	0	0	0	0.00439892	0.0931	321.725	54.4527	68.1852
2647.551	0	0	0	0	0.00444694	0.0931	321.725	54.4527	68.1807
2647.710	0	0	0	0	0.00444694	0.0931	321.617	54.4189	68.1768
2647.869	0	0	0	0	0.00463573	0.0931	321.4	54.4189	68.173
2648.013	0	0	0	0	0.00451133	0.0931	321.617	54.4189	68.1691
2648.172	0	0	0	0	0.00451133	0.0931	321.725	54.4189	68.1653
2648.331	0	0	0	0	0.00444399	0.0931	321.725	54.4189	68.1608
2648.490	0	0	0	0	0.00417757	0.0931	321.725	54.4189	68.157
2648.649	0	0	0	0	0.00417757	0.0931	321.725	54.3852	68.1525
2648.808	0	0	0	0	0.00451365	0.0931	321.617	54.3852	68.1486
2648.968	0	0	0	0	0.00451365	0.0931	321.617	54.3852	68.1448
2649.127	0	0	0	0	0.00450202	0.0931	321.725	54.3852	68.1403
2649.286	0	0	0	0	0.00443394	0.0931	321.617	54.3852	68.1364
2649.445	0	0	0	0	0.00443394	0.0931	321.508	54.3852	68.1326
2649.588	0	0	0	0	0.00432862	0.0931	321.508	54.3852	68.1288
2649.732	0	0	0	0	0.00432862	0.0931	321.833	54.3515	68.1249
2649.875	0	0	0	0	0.00441082	0.0931	321.508	54.3515	68.1211
2650.018	0	0	0	0	0.00441082	0.0931	321.508	54.3515	68.1179
2650.161	0	0	0	0	0.00442625	0.0931	321.725	54.3515	68.114
2650.305	0	0	0	0	0.00427743	0.0931	321.617	54.3515	68.1102
2650.448	0	0	0	0	0.00427743	0.0931	321.508	54.3515	68.107
2650.591	0	0	0	0	0.00422377	0.0931	321.508	54.3515	68.1031
2650.735	0	0	0	0	0.00422377	0.0931	321.508	54.3179	68.0993
2650.878	0	0	0	0	0.00448743	0.0931	321.508	54.3179	68.0954
2651.021	0	0	0	0	0.00448743	0.0931	321.617	54.3179	68.0922
2651.164	0	0	0	0	0.00436541	0.0931	321.725	54.3179	68.0884
2651.308	0	0	0	0	0.00455068	0.0931	321.617	54.3179	68.0845
2651.451	0	0	0	0	0.00455068	0.0931	321.617	54.3179	68.0807
2651.594	0	0	0	0	0.00445283	0.0931	321.617	54.3179	68.0775
2651.737	0	0	0	0	0.00445283	0.0931	321.617	54.2844	68.0736
2651.881	0	0	0	0	0.00452352	0.0931	321.617	54.2844	68.0698
2652.024	0	0	0	0	0.00452352	0.0931	321.725	54.2844	68.0666
2652.168	0	0	0	0	0.0043582	0.0931	321.725	54.2844	68.0627
2652.310	0	0	0	0	0.0043582	0.0931	321.617	54.2844	68.0589
2652.454	0	0	0	0	0.00438519	0.0931	321.617	54.2844	68.0551
2652.597	0	0	0	0	0.00423802	0.0931	321.617	54.2844	68.0518
2652.740	0	0	0	0	0.00423802	0.0931	321.833	54.2509	68.048
2652.884	0	0	0	0	0.00440249	0.0931	321.725	54.2509	68.0442
2653.042	0	0	0	0	0.00440249	0.0931	321.508	54.2509	68.0403
2653.202	0	0	0	0	0.00445459	0.0931	321.617	54.2509	68.0358
2653.361	0	0	0	0	0.00437561	0.0931	321.617	54.2509	68.032
2653.504	0	0	0	0	0.00437561	0.0931	321.725	54.2509	68.0281
2653.663	0	0	0	0	0.00453105	0.0931	321.941	54.2175	68.0243
2653.822	0	0	0	0	0.00453105	0.0931	321.4	54.2175	68.0204
2653.982	0	0	0	0	0.00434434	0.0931	321.617	54.2175	68.016
2654.141	2.50811	0	0	-0.0272973	0.0104115	0.0989199	321.292	54.2175	68.0121
2654.459	8.15906	0	0	-0.0318031	0.423237	0.166882	311.549	54.2175	68.0097
2654.778	0.44056	0	0	0.0606424	1.27288	0.166667	305.812	54.1842	68.0904
2654.937	0.12584	0	0	0.0632281	1.43763	0.166559	305.92	54.1842	68.1582
2655.080	0.0882696	0	0	0.0628984	1.43763	0.179089	306.245	54.1842	68.2295
2655.223	-0.130609	0	0	0.0697374	1.64459	0.187192	299.858	54.1842	68.3041
2655.367	0.142452	0	0	0.0657227	1.64459	0.187386	296.502	54.1842	68.3959
2655.510	-0.0773824	0	0	0.0636583	2.13522	0.187525	304.404	54.1842	68.5578
2655.653	0.0596563	0	0	0.0634754	2.14412	0.187734	300.399	54.2143	68.7148
2655.796	-0.078691	0	0	0.0607635	2.14412	0.187709	296.719	54.2143	68.8432
2655.940	-0.0921229	0	0	0.0555178	2.12547	0.16793	310.25	54.2143	68.9918
2656.226	0.076524	0	0	0.028257	1.07622	0.154701	315.23	54.2143	69.1857
2656.370	-0.016758	0	0	0.0294738	1.07622	0.154656	316.204	54.2143	69.1919
2656.513	-3.51126	1.90313	0.0253904	0.0245817	0.69484	0.111509	315.554	54.2143	77.7487
2656.799	7.58098	23.3903	0.0579972	0.0968554	0.694456	0.111883	315.663	54.4341	77.7181
2656.943	45.5988	65.4627	0.160176	0.213024	0.73907	0.111704	314.797	54.4341	77.7031
2657.229	120.581	155.426	0.340756	0.27888	0.791589	0.111704	314.58	54.4341	77.6798
2657.372	182.416	200.329	0.395521	0.335426	0.791589	0.110031	314.039	54.4341	77.6721
2657.516	244.461	245.31	0.344451	0.256835	0.785348	0.0994532	315.663	54.4341	77.6629
2657.659	288.575	290.37	0.203361	0.237551	0.785348	0.0941267	317.07	54.4432	77.6538
2657.802	333.04	335.259	0.248164	0.242206	0.400854	0.0941058	316.745	54.4432	77.6264
2657.945	382.949	380.22	0.209279	0.204561	0.400854	0.0937658	316.42	54.4432	77.6039
2658.089	429.301	425.18	0.181629	0.169417	0.295019	0.093631	317.178	54.4432	77.5752
2658.232	479.825	470.141	0.146009	0.133932	0.217682	0.0932856	317.503	54.4432	77.5464
2658.375	523.67	515.141	0.0744237	0.102713	0.217682	0.0931162	317.395	54.4432	77.5224
2658.693	619.317	615.109	0.125687	0.106934	0.240431	0.0934743	316.529	54.4336	77.4631
2658.853	651.369	664.981	0.118922	0.164646	0.294341	0.0937232	315.554	54.4336	77.434
2658.996	696.225	710.14	0.213125	0.231686	0.299803	0.0937113	313.281	54.4336	77.4137
2659.155	746.279	760.012	0.26172	0.234259	0.299803	0.0938742	313.173	54.4336	77.3861
2659.314	798.945	785	0.124641	0.135017	0.352576	0.0936944	314.905	54.4336	77.3643
2659.473	857.26	884.64	0.259282	0.24337	0.352576	0.0940952	313.065	54.4336	77.3432
2659.632	1008.85	1030.55	0.246598	0.192543	0.359733	0.0938388	312.415	54.4336	77.3195
2659.792	1154.31	1151	0.161642	0.162692	0.397022	0.0934473	313.714	54.4037	77.3003
2659.951	1150.62	1151	0.18553	0.150539	0.397022	0.0937193	313.714	54.4037	77.2791
2660.110	1158.61	1151	0.0934806	0.117042	0.380986	0.0930207	315.879	54.4037	77.2609
2660.269	1178.46	1151	0.0516019	0.0268652	0.369988	0.092984	317.611	54.4037	77.243
2660.572	1138.52	1151	0.177209	0.155175	0.370849	0.0939455	312.956	54.4037	77.2081
2660.858	1158.1	1151	0.0779686	0.0564155	0.378797	0.0930979	316.637	54.378	77.175
2661.002	1163.55	1151	0.0503007	0.0279797	0.378797	0.0931547	316.745	54.378	77.1592
2661.288	1135.44	1151	0.197505	0.159544	0.375271	0.0938112	312.523	54.378	77.1307
2661.431	1144.64	1151	0.127222	0.137698	0.375271	0.0933889	315.013	54.378	77.1158
2661.575	1166.01	1151	0.0520537	0.0339473	0.372637	0.0931093	316.962	54.378	77.1036
2661.718	1157.99	1151	0.0700119	0.0500075	0.372637	0.093273	316.096	54.3529	77.0892
2661.861	1140.07	1151	0.136	0.114454	0.369531	0.0937862	313.822	54.3529	77.0752
2662.148	1154.8	1151	0.117239	0.0984738	0.379143	0.0931752	315.446	54.3529	77.0503
2662.291	1166.48	1151	0.048691	0.0199143	0.379143	0.0931158	316.962	54.3529	77.0372
2662.434	1153.74	1151	0.076792	0.0479564	0.367879	0.0934744	314.688	54.3529	77.0242
2662.581	1139.51	1151	0.138668	0.181634	0.36962	0.0937203	312.848	54.3529	77.0114
2662.725	1137.64	1151	0.1765	0.135042	0.36962	0.0935189	313.281	54.3276	77.0011
2662.868	1151.9	1151	0.0776777	0.0533926	0.377568	0.0929347	316.312	54.3276	76.989
2663.011	1163.98	1151	0.0250292	0.0420996	0.377568	0.0930095	316.853	54.3276	76.9773
2663.154	1152.06	1151	0.0942298	0.122117	0.369775	0.0934248	314.147	54.3276	76.9656
2663.298	1135.13	1151	0.174304	0.175316	0.369775	0.0936179	312.956	54.3276	76.9561
2663.584	1154.73	1151	0.0523602	0.0278599	0.37631	0.0928756	316.637	54.3276	76.9341
2663.728	1158.81	1151	0.0223868	0.0598415	0.370786	0.0930748	316.204	54.3024	76.9233
2663.871	1144.58	1151	0.108958	0.130228	0.370258	0.093501	314.039	54.3024	76.9144
2664.030	1137.17	1151	0.150719	0.165784	0.370258	0.0936097	313.822	54.3024	76.9023
2664.396	1162.26	1151	0.0561614	0.0759944	0.369236	0.0929545	315.771	54.3024	76.8793
2664.698	1142.41	1151	0.190848	0.177335	0.370805	0.0933977	314.472	54.2773	76.86
2664.858	1156.18	1151	0.118968	0.0925583	0.370805	0.0930956	315.879	54.2773	76.8491
2665.017	1161.43	1151	0.0343774	0.0170455	0.374888	0.0929977	316.42	54.2773	76.8401
2665.176	1150.79	1155.06	0.106147	0.154009	0.369252	0.0934266	312.956	54.2773	76.8311
2665.704	1224.83	1206.79	0.0650745	0.0442282	0.373315	0.0930536	315.663	54.2523	76.8003
2665.863	1222.28	1222.38	0.143703	0.144826	0.373315	0.0937533	312.632	54.2523	76.7921
2666.023	1227.08	1237.95	0.208939	0.186675	0.373303	0.093762	312.632	54.2523	76.784
2666.166	1251.01	1251.98	0.155402	0.126717	0.392382	0.0933674	313.931	54.2523	76.7762
2666.309	1282.35	1266	0.0560988	0.0426241	0.392382	0.0930149	316.42	54.2523	76.769
2666.453	1284.99	1280.06	0.115428	0.114655	0.371757	0.0934588	313.281	54.2523	76.7615
2666.596	1273.82	1294.06	0.177627	0.218172	0.371757	0.0935614	311.333	54.2523	76.7551
2666.739	1300.97	1308.08	0.173294	0.16246	0.395	0.093361	315.013	54.2275	76.7482
2666.882	1335.43	1322.11	0.0368785	0.0737642	0.395	0.0930996	316.096	54.2275	76.7415
2667.026	1346.03	1336.14	0.10193	0.104014	0.378034	0.0933153	313.498	54.2275	76.7356
2667.344	1360.53	1367.31	0.162985	0.114595	0.386518	0.0932156	314.147	54.2275	76.7208
2667.487	1394.06	1381.39	0.0734857	0.0487544	0.388762	0.0929977	315.338	54.2275	76.7143
2667.631	1399.8	1395.37	0.104774	0.161456	0.388762	0.0936559	312.956	54.2275	76.7079
2667.774	1391.17	1409.39	0.203318	0.210322	0.382486	0.093751	311.657	54.2033	76.7024
2667.917	1421.35	1423.42	0.117113	0.112119	0.382486	0.0931937	313.931	54.2033	76.696
2668.061	1447.5	1437.45	0.07071	0.0465574	0.400467	0.0930646	315.554	54.2033	76.6902
2668.204	1445.96	1451.47	0.165442	0.161051	0.381161	0.0935289	311.441	54.2033	76.6843
2668.347	1456.8	1465.5	0.183129	0.194526	0.381161	0.0936272	311.008	54.2033	76.6791
2668.777	1497.82	1507.58	0.152094	0.221338	0.380787	0.093722	309.492	54.1795	76.6631
2668.920	1512.62	1521.61	0.167174	0.166141	0.380787	0.0932669	313.606	54.1795	76.657
2669.063	1548.51	1535.63	0.0422413	0.0640765	0.408474	0.0930816	315.121	54.1795	76.6519
2669.211	1555.24	1550.03	0.104516	0.12294	0.408474	0.0933641	312.74	54.1795	76.6468
2669.354	1544.37	1564.08	0.16497	0.177169	0.382983	0.0936027	310.25	54.1795	76.641
2669.497	1578.65	1578.08	0.102023	0.0943715	0.408277	0.0930122	314.147	54.1795	76.6365
2669.656	1599.98	1593.67	0.0711843	0.0901093	0.408277	0.093188	312.523	54.1559	76.631
2669.815	1587.71	1609.27	0.203856	0.226862	0.386546	0.0936015	309.601	54.1559	76.6256
2669.974	1621.95	1624.84	0.0882244	0.10942	0.386546	0.0930732	314.039	54.1559	76.6203
2670.118	1655.77	1638.86	0.0864785	0.097762	0.40941	0.0931349	313.931	54.1559	76.6157
2670.436	1670.22	1670.04	0.127976	0.137583	0.390008	0.0930105	312.74	54.1559	76.6049
2670.595	1704.58	1685.63	0.0690178	0.0998324	0.40748	0.0930983	312.523	54.1559	76.6003
2670.754	1687.67	1701.22	0.200256	0.210156	0.40748	0.0935139	309.492	54.1329	76.5949
2670.914	1721.3	1716.79	0.118828	0.114131	0.401461	0.0929397	314.147	54.1329	76.5902
2671.073	1737.31	1732.39	0.0866075	0.0939407	0.399094	0.0933533	312.415	54.1329	76.5855
2671.232	1730.18	1747.95	0.199901	0.200983	0.399094	0.0935086	310.791	54.1329	76.5801
2671.391	1763.45	1763.55	0.0620742	0.0510101	0.410933	0.0930467	314.797	54.1329	76.5759
2671.550	1781.47	1779.14	0.0936603	0.11879	0.391176	0.0936227	311.874	54.1329	76.5715
2671.693	1771.53	1793.17	0.161264	0.185238	0.391176	0.093664	310.467	54.1101	76.5667
2671.837	1809.15	1807.17	0.0695474	0.0500404	0.417378	0.0928461	313.931	54.1101	76.5626
2671.980	1826.39	1821.22	0.114062	0.136956	0.417378	0.0935635	311.874	54.1101	76.5587
2672.123	1814.7	1835.22	0.162322	0.165801	0.397855	0.0935431	310.683	54.1101	76.5549
2672.267	1848.93	1849.25	0.0774933	0.063787	0.397855	0.0930496	313.714	54.1101	76.5504
2672.410	1864.27	1863.28	0.142867	0.14828	0.407625	0.0936706	311.766	54.1101	76.5462
2672.840	1898.17	1905.38	0.154813	0.158923	0.395998	0.093702	311.441	54.0874	76.5347
2672.983	1907.77	1919.38	0.187794	0.16387	0.395998	0.0933489	311.224	54.0874	76.5303
2673.269	1940.18	1947.42	0.180791	0.185606	0.413	0.093729	310.467	54.0874	76.5232
2673.413	1954.37	1961.48	0.129599	0.134601	0.407752	0.0932696	312.632	54.0874	76.5192
2673.699	1976.3	1989.53	0.167813	0.182085	0.401619	0.0937522	311.333	54.0655	76.5116
2673.843	2003.68	2003.56	0.10212	0.121531	0.420005	0.0931665	313.606	54.0655	76.5077
2673.986	2033.01	2017.56	0.122375	0.126274	0.420005	0.0934856	309.601	54.0655	76.5042
2674.129	2010.3	2031.61	0.186329	0.173432	0.407623	0.0935268	311.766	54.0655	76.5003
2674.415	2050.03	2059.66	0.151304	0.143452	0.404967	0.0937994	307.76	54.0655	76.4931
2674.559	2065.56	2073.69	0.159313	0.124415	0.404967	0.093183	313.065	54.0655	76.4891
2674.702	2104.29	2087.69	0.109778	0.0914881	0.418621	0.0933331	311.657	54.0437	76.4862
2674.845	2092.26	2101.72	0.213382	0.209596	0.418621	0.0935186	307.76	54.0437	76.4827
2674.989	2126.76	2115.75	0.0941885	0.0654663	0.414818	0.0931433	314.905	54.0437	76.479
2675.148	2125.79	2131.36	0.150805	0.171183	0.402749	0.0937409	309.925	54.0437	76.4752
2675.307	2137.12	2146.91	0.137713	0.0983671	0.402749	0.0933535	311.766	54.0437	76.4705
2675.466	2175.32	2162.5	0.0967055	0.103703	0.421681	0.0935767	308.626	54.0437	76.4671
2675.609	2154.74	2176.53	0.19044	0.177144	0.421681	0.0937208	311.224	54.0437	76.4638
2675.768	2213.39	2192.12	0.0799166	0.0583299	0.421454	0.0932714	313.173	54.0223	76.4605
2675.928	2188.46	2207.69	0.17598	0.209357	0.407883	0.0934375	309.817	54.0223	76.4569
2676.087	2230.63	2223.28	0.0710343	0.0389686	0.407883	0.0932177	312.632	54.0223	76.4524
2676.246	2231.33	2238.85	0.181987	0.215869	0.408988	0.0939309	305.595	54.0223	76.4486
2676.405	2260.77	2254.46	0.0778969	0.0890186	0.4279	0.0930016	312.956	54.0223	76.4445
2676.564	2262.94	2270.03	0.142071	0.181726	0.4279	0.09392	306.028	54.0223	76.4414
2676.724	2274.53	2285.62	0.115794	0.111751	0.422767	0.0931858	312.523	54.0014	76.4382
2676.883	2311.91	2301.19	0.132209	0.121948	0.422767	0.0935982	308.735	54.0014	76.4342
2677.042	2305.07	2316.78	0.132366	0.145269	0.409277	0.0932506	312.199	54.0014	76.4305
2677.185	2337.66	2330.81	0.109515	0.11654	0.421007	0.0934444	308.735	54.0014	76.427
2677.504	2374.74	2361.97	0.0870005	0.0910157	0.428077	0.093339	310.25	54.0014	76.42
2677.933	2391.12	2404.05	0.205616	0.195676	0.414892	0.0936268	306.894	53.9808	76.411
2678.077	2416.21	2418.08	0.118199	0.076142	0.414892	0.0931161	312.199	53.9808	76.408
2678.220	2435.47	2432.1	0.135237	0.16257	0.416866	0.0938794	308.951	53.9808	76.4044
2678.363	2436.61	2446.13	0.11333	0.127639	0.416866	0.0931673	312.523	53.9808	76.4009
2678.650	2459.18	2474.18	0.143943	0.140134	0.427732	0.0933101	311.874	53.9808	76.3952
2678.793	2492.56	2488.24	0.0981302	0.139491	0.428231	0.0934795	309.492	53.9606	76.3921
2678.936	2486.31	2502.24	0.235795	0.193953	0.428231	0.0934371	308.518	53.9606	76.3889
2679.080	2531.63	2516.27	0.100421	0.0882687	0.428254	0.0933462	311.441	53.9606	76.3858
2679.366	2552.18	2544.31	0.0839045	0.105823	0.413193	0.093114	310.142	53.9606	76.3794
2679.828	2575.55	2589.5	0.158599	0.190322	0.427191	0.0934692	310.034	53.9412	76.3692
2679.971	2615.87	2603.52	0.073797	0.120754	0.427191	0.0933485	310.142	53.9412	76.3661
2680.257	2649.51	2631.58	0.0597528	0.0798999	0.432379	0.0932726	311.549	53.9412	76.3596
2680.401	2630.59	2645.63	0.17224	0.204767	0.432379	0.0938772	308.626	53.9412	76.3572
2680.544	2667.88	2659.63	0.0875532	0.0533274	0.434145	0.0931803	310.25	53.9412	76.3542
2680.703	2661.41	2675.22	0.193282	0.21385	0.434145	0.0935451	307.544	53.9217	76.3513
2681.021	2697.11	2706.38	0.197548	0.194703	0.436953	0.093302	310.791	53.9217	76.345
2681.165	2750.59	2720.39	0.116277	0.133219	0.436953	0.0938802	305.054	53.9217	76.342
2681.324	2717.31	2735.98	0.218733	0.17972	0.43745	0.0930694	311.657	53.9217	76.3391
2681.690	2791.51	2771.82	0.0408427	0.036957	0.439373	0.0931302	312.523	53.9028	76.3318
2681.849	2748.72	2787.41	0.231341	0.239634	0.440305	0.0935392	309.276	53.9028	76.3289
2682.008	2843.09	2802.98	0.035137	0.0703303	0.440305	0.0938129	308.193	53.9028	76.3255
2682.167	2792.41	2818.57	0.209031	0.180345	0.44515	0.0932095	313.389	53.9028	76.3227
2682.327	2859.68	2834.15	0.141406	0.188157	0.451875	0.0940863	302.456	53.9028	76.3201
2682.486	2852.11	2849.75	0.0702129	0.00426452	0.451875	0.0927101	316.204	53.9028	76.3171
2682.645	2851.24	2865.32	0.312577	0.348578	0.46924	0.0942703	301.049	53.9028	76.3153
2682.788	2897.87	2879.37	-0	0.00367952	0.46924	0.0928365	315.663	53.8855	76.3134
2682.932	2864.74	2893.37	0.328481	0.300904	0.467864	0.0940878	304.946	53.8855	76.3113
2683.075	2948.31	2907.4	-0	0.0132597	0.465447	0.0930661	310.791	53.8855	76.3096
2683.218	2887.15	2921.42	0.2542	0.236634	0.465447	0.0938404	309.817	53.8855	76.3074
2683.362	2986.29	2935.45	0.00974469	0.0662973	0.46552	0.0936624	308.302	53.8855	76.3052
2683.648	3002.75	2963.5	0.0556529	0.110693	0.470352	0.0939323	307.76	53.8855	76.3013
2683.791	2952.6	2977.53	0.181283	0.14126	0.470352	0.0926997	313.822	53.869	76.2993
2684.078	2993.16	3005.58	0.119656	0.0723655	0.46406	0.0927533	316.853	53.869	76.2952
2684.364	3051.42	3033.64	-0	0.00944681	0.464943	0.0927101	314.905	53.869	76.2905
2684.508	3029.47	3047.69	0.280481	0.296891	0.464943	0.0942286	307.327	53.869	76.2881
2684.794	3033.75	3075.72	0.265427	0.22291	0.469169	0.0934372	308.626	53.8528	76.2838
2684.937	3135.27	3089.74	0.0683362	0.103629	0.467631	0.0941805	305.162	53.8528	76.2814
2685.081	3071.53	3103.75	0.153469	0.131573	0.467631	0.0927449	315.338	53.8528	76.279
2685.224	3131.54	3117.77	0.201942	0.261117	0.457829	0.0942958	299.75	53.8528	76.2767
2685.510	3130.39	3145.84	0.305065	0.28571	0.461379	0.0941562	305.487	53.8528	76.2712
2685.797	3128.27	3173.89	0.255509	0.196859	0.470632	0.0932704	311.766	53.8376	76.2667
2685.940	3238.87	3187.92	0.0903365	0.150499	0.468931	0.093924	304.188	53.8376	76.2643
2686.083	3183.32	3201.95	0.120893	0.0672496	0.468931	0.0928292	315.987	53.8376	76.2618
2686.243	3196.3	3217.51	0.298012	0.283285	0.466505	0.0941175	304.188	53.8376	76.2592
2686.402	3282.52	3233.11	0.0320326	0.111028	0.466566	0.0936536	304.729	53.8376	76.2567
2686.561	3219.11	3248.7	0.131949	0.0506312	0.466566	0.092618	316.529	53.8376	76.2537
2686.704	3270.3	3262.7	0.280616	0.315274	0.471814	0.0941308	298.775	53.8227	76.2517
2686.863	3321.39	3278.3	-0	0.0325253	0.471814	0.0933287	307.869	53.8227	76.2488
2687.236	3279.11	3314.82	0.251819	0.1927	0.475931	0.0931019	311.224	53.8227	76.2426
2687.396	3347.4	3330.39	0.203785	0.248812	0.475931	0.09435	296.719	53.8227	76.2402
2687.555	3387.52	3345.98	-0	-0.00604629	0.477665	0.0931268	309.925	53.8227	76.2378
2687.714	3324.65	3361.55	0.236368	0.193464	0.489144	0.0928419	312.523	53.808	76.2353
2687.873	3391.1	3377.14	0.236891	0.291685	0.489144	0.094499	299.1	53.808	76.2333
2688.033	3433.64	3392.71	-0	0.0541514	0.480101	0.0936879	304.946	53.808	76.2305
2688.191	3371.71	3408.31	0.168584	0.107178	0.462403	0.0927668	315.771	53.808	76.2279
2688.335	3426.24	3422.35	0.273198	0.297483	0.462403	0.0943477	296.394	53.808	76.2248
2688.478	3481.83	3436.37	0.000951409	-0.000235399	0.470284	0.0933842	311.657	53.808	76.2224
2688.621	3413.41	3450.4	0.2604	0.197582	0.470284	0.0929859	312.632	53.808	76.2196
2688.764	3501.5	3464.4	0.180929	0.225924	0.470731	0.0943356	296.177	53.7949	76.2169
2688.908	3487.44	3478.45	0.0153968	0.0174773	0.470731	0.0929523	314.58	53.7949	76.2141
2689.051	3453.62	3492.48	0.278994	0.257262	0.467714	0.0934295	309.168	53.7949	76.2117
2689.194	3565.81	3506.51	0.0894775	0.193658	0.467714	0.0942841	297.152	53.7949	76.2089
2689.338	3510.54	3520.51	0.0283636	0.00949125	0.475083	0.0926098	316.637	53.7949	76.2063
2689.481	3510.93	3534.53	0.336616	0.320478	0.493581	0.0938434	306.028	53.7949	76.2042
2689.624	3591.64	3548.56	0.0459589	0.0824915	0.493581	0.0937615	299.966	53.7949	76.2022
2689.767	3548.06	3562.59	0.122811	0.072671	0.492837	0.0927233	316.42	53.7812	76.2002
2689.911	3551.27	3576.61	0.284653	0.308497	0.492837	0.0939025	305.054	53.7812	76.1982
2690.201	3576	3605.08	0.13352	0.051943	0.47682	0.0926946	316.096	53.7812	76.1931
2690.631	3622.08	3647.12	0.137294	0.0734599	0.470529	0.0927355	315.663	53.7812	76.1848
2690.774	3644.39	3661.14	0.327364	0.324561	0.48379	0.0941314	302.023	53.7682	76.1821
2690.918	3733.27	3675.19	0.0595226	0.116444	0.48379	0.0940659	305.812	53.7682	76.1795
2691.204	3689.02	3703.22	0.352513	0.316275	0.494569	0.0937285	303.647	53.7682	76.1754
2691.348	3767.59	3717.26	0.0472112	0.132483	0.474708	0.0941947	304.837	53.7682	76.1725
2691.491	3712.73	3731.29	0.103475	0.0409359	0.474708	0.0929741	314.364	53.7682	76.1696
2691.634	3714.75	3745.31	0.281421	0.261517	0.468233	0.0933828	306.786	53.7682	76.1664
2691.793	3790.02	3760.88	0.184871	0.250298	0.472521	0.0942836	296.827	53.7559	76.1633
2691.952	3821.95	3776.48	-0	0.0415993	0.472521	0.0936196	302.672	53.7559	76.1602
2692.254	3781.77	3806.07	0.324418	0.281914	0.500024	0.0936297	310.25	53.7559	76.1556
2692.418	3844.97	3822.06	0.231161	0.294067	0.495275	0.0941211	305.704	53.7559	76.1534
2692.577	3883.37	3837.63	0.0530536	0.0923128	0.471547	0.093613	303.863	53.7559	76.1507
2692.895	3827.7	3868.79	0.224322	0.147114	0.47635	0.0930164	311.333	53.7441	76.1441
2693.214	3928.39	3899.95	0.219987	0.267815	0.49937	0.0940887	297.152	53.7441	76.1387
2693.373	3946.12	3915.54	0.0480478	0.089165	0.491914	0.0936275	301.482	53.7441	76.1362
2693.532	3921.99	3931.11	0.0475783	0.0307921	0.491914	0.0928403	311.441	53.7441	76.1337
2693.691	3906.41	3946.71	0.223819	0.1724	0.473983	0.0930738	311.657	53.7325	76.1299
2693.978	4005.59	3974.76	0.0647357	0.132659	0.484699	0.0934949	305.487	53.7325	76.1246
2694.121	3975.96	3988.79	0.100109	0.0105611	0.49703	0.0930644	310.791	53.7325	76.1221
2694.265	3962.19	4002.83	0.318914	0.229044	0.49703	0.0930161	310.142	53.7325	76.1198
2694.408	4027.87	4016.85	0.22485	0.294043	0.466689	0.0948541	305.379	53.7325	76.1169
2694.551	4056.55	4030.85	0.0500876	0.0599985	0.466689	0.0938448	303.322	53.7325	76.1134
2694.694	4026.29	4044.88	0.147773	0.070417	0.479114	0.0930245	311.008	53.7222	76.1103
2694.837	4028.78	4058.91	0.267438	0.254993	0.508417	0.0934137	311.008	53.7222	76.1076
2694.980	4089.12	4072.96	0.199391	0.248645	0.508417	0.0936774	300.507	53.7222	76.106
2695.124	4124.2	4086.96	0.0460057	0.0640408	0.481754	0.0937872	300.724	53.7222	76.1034
2695.697	4173.66	4143.07	0.0517331	0.123411	0.509061	0.0936269	305.054	53.7118	76.0926
2695.983	4137.95	4171.1	0.316366	0.206847	0.480469	0.0943757	307.436	53.7118	76.0873
2696.270	4218.15	4199.15	0.118847	0.135979	0.489217	0.094288	302.456	53.7118	76.0821
2696.413	4213.46	4213.18	0.081141	0.0333914	0.503567	0.093059	306.028	53.7118	76.0797
2696.843	4283.26	4255.26	0.120249	0.218037	0.476568	0.0950996	297.476	53.702	76.0714
2696.986	4284.97	4269.26	0.0615411	0.0855244	0.502102	0.0943479	302.889	53.702	76.069
2697.130	4266.77	4283.31	0.159046	0.047382	0.502102	0.0934146	309.384	53.702	76.0668
2697.288	4269.21	4298.88	0.198013	0.179177	0.467694	0.0932541	312.74	53.702	76.0625
2697.655	4307.64	4334.73	0.234888	0.124651	0.486435	0.0917936	309.601	53.6936	76.0545
2697.798	4320.12	4348.76	0.251213	0.275495	0.486435	0.0930429	310.034	53.6936	76.0516
2698.117	4389.04	4379.92	0.196693	0.226283	0.464509	0.0922777	302.348	53.6936	76.0437
2698.275	4417.26	4395.51	0.0872542	0.185382	0.475557	0.092119	297.152	53.6936	76.0404
2698.435	4423.48	4411.08	0.0942675	0.123648	0.450435	0.0908876	296.719	53.6936	76.0361
2698.594	4441.16	4426.67	0.074157	0.139552	0.450435	0.0916615	300.183	53.6936	76.0319
2698.753	4433.55	4442.24	0.0957104	0.0697491	0.454955	0.0930106	304.729	53.6842	76.0278
2698.913	4441.08	4457.84	0.120223	0.0990807	0.454955	0.0925061	308.085	53.6842	76.023
2699.071	4445.96	4473.43	0.215201	0.131716	0.430567	0.0910687	310.25	53.6842	76.018
2699.230	4461.16	4489	0.221703	0.192088	0.425534	0.090386	310.142	53.6842	76.0132
2699.374	4491.33	4503.05	0.251904	0.311055	0.425534	0.0908892	303.863	53.6842	76.0082
2699.517	4526.11	4517.08	0.190491	0.243627	0.404949	0.0888458	306.137	53.6842	76.0027
2699.661	4539.89	4531.08	0.119069	0.096228	0.404949	0.0884035	301.482	53.6738	75.9972
2699.804	4547.28	4545.08	0.109377	0.102691	0.398107	0.0908183	299.641	53.6738	75.9924
2699.947	4540.6	4559.11	0.117886	0.114935	0.398107	0.0897829	310.142	53.6738	75.9867
2700.090	4552.35	4573.13	0.281125	0.241619	0.378544	0.0884082	310.9	53.6738	75.9804
2700.234	4575.73	4581	0.287758	0.236038	0.365423	0.0901651	305.92	53.6738	75.9753
2700.377	4595.59	4581	0.177532	0.194457	0.365423	0.087884	307.327	53.6738	75.9689
2700.520	4606.39	4581	0.106526	0.183561	0.35817	0.087109	303.538	53.6738	75.9623
2700.664	4604.81	4581	0.0661692	0.120413	0.35817	0.0902299	301.373	53.6618	75.9559
2700.807	4565.8	4581	0.0919279	0.0933013	0.369371	0.0914797	310.683	53.6618	75.9509
2700.950	4555.32	4581	0.18472	0.11818	0.369371	0.0889841	310.575	53.6618	75.9449
2701.093	4571.48	4581	0.257912	0.212473	0.36619	0.0902195	307.76	53.6618	75.9388
2701.379	4600.11	4581	0.17095	0.227663	0.370899	0.0875115	303.647	53.6618	75.9282
2701.523	4602.12	4581	0.0657202	0.0918952	0.362683	0.0895681	300.291	53.6618	75.9224
2702.000	4578.29	4581	0.093511	0.0806905	0.361642	0.0890333	307.652	53.6479	75.9045
2702.144	4560.67	4581	0.19262	0.108126	0.361642	0.0919039	310.683	53.6479	75.8988
2702.287	4572.55	4581	0.23729	0.210048	0.375852	0.0903442	311.549	53.6479	75.8933
2702.573	4599.95	4581	0.159854	0.248457	0.35776	0.0897018	300.616	53.6479	75.8836
2702.717	4605.11	4581	0.131911	0.13215	0.35776	0.0884577	306.461	53.6338	75.8779
2703.035	4597.72	4581	0.0822091	0.111241	0.357706	0.0908579	302.348	53.6338	75.8675
2703.194	4579.54	4581	0.10317	0.0778195	0.357706	0.0900211	303.214	53.6338	75.8611
2703.337	4570.61	4581	0.110961	0.0866853	0.359974	0.091432	311.766	53.6338	75.8557
2703.656	4554.93	4581	0.219564	0.141321	0.361592	0.0902682	310.575	53.6338	75.8452
2703.815	4559.17	4581	0.212212	0.17337	0.372381	0.0887747	308.302	53.6202	75.8394
2703.974	4561.15	4581	0.255948	0.214762	0.372381	0.088556	308.41	53.6202	75.8347
2704.133	4573.1	4581	0.239836	0.215587	0.361226	0.0893075	305.054	53.6202	75.8296
2704.292	4593.78	4581	0.209992	0.272127	0.361226	0.0887657	303.43	53.6202	75.8237
2704.452	4591.79	4581	0.204309	0.222638	0.377044	0.0879722	302.239	53.6202	75.8192
2704.611	4588.21	4581	0.160652	0.262405	0.356751	0.0869556	303.43	53.6202	75.8134
2704.770	4609.41	4581	0.164561	0.203743	0.356751	0.0860908	302.781	53.6062	75.8083
2705.057	4571.19	4581	0.0682538	0.0465829	0.3755	0.0895219	309.925	53.6062	75.7999
2705.200	4566.65	4581	0.153333	0.118418	0.362112	0.0903738	310.358	53.6062	75.795
2705.343	4556.92	4581	0.232879	0.203811	0.3729	0.090998	309.925	53.6062	75.7903
2705.629	4595.57	4581	0.155143	0.228443	0.36119	0.0869606	303.971	53.6062	75.7821
2705.964	4590.55	4581	0.141372	0.230643	0.371646	0.0881432	299.425	53.5919	75.7714
2706.107	4602.51	4581	0.0888239	0.125483	0.349751	0.0885336	306.245	53.5919	75.7675
2706.394	4562.71	4581	0.14359	0.0644084	0.369458	0.0912598	305.704	53.5919	75.7579
2706.537	4557.94	4581	0.197758	0.158162	0.369458	0.0899084	312.632	53.5919	75.7535
2706.680	4573.89	4581	0.270175	0.249649	0.356941	0.0879373	309.492	53.5782	75.7496
2706.824	4598.33	4581	0.197794	0.234358	0.356941	0.0883178	300.724	53.5782	75.7448
2706.967	4607.77	4581	0.112296	0.147389	0.377334	0.088804	306.353	53.5782	75.7408
2707.110	4589.04	4581	0.0470266	0.119947	0.377334	0.0875991	305.054	53.5782	75.7373
2707.253	4575.16	4581	0.0903075	0.119696	0.359838	0.0910353	307.652	53.5782	75.7328
2707.397	4559.17	4581	0.15791	0.129745	0.371736	0.0905601	312.632	53.5782	75.7283
2707.540	4560.49	4581	0.248618	0.197104	0.371736	0.0869984	309.492	53.5782	75.7241
2707.683	4587.94	4581	0.202182	0.22957	0.361788	0.089101	302.348	53.5642	75.7205
2707.827	4600.41	4581	0.135259	0.195957	0.361788	0.0876525	306.894	53.5642	75.7161
2708.113	4582.8	4581	0.0766269	0.0605054	0.370855	0.0902054	304.08	53.5642	75.7076
2708.256	4569.01	4581	0.162988	0.114632	0.362012	0.0916963	312.415	53.5642	75.7039
2708.574	4559.66	4581	0.195094	0.15999	0.37443	0.0908062	309.059	53.5642	75.695
2708.733	4568.08	4581	0.209215	0.217437	0.358534	0.0905899	309.601	53.5501	75.6907
2708.880	4579.01	4581	0.24942	0.247939	0.358534	0.0874549	306.461	53.5501	75.6863
2709.039	4588.97	4581	0.221761	0.222764	0.376253	0.0873206	305.704	53.5501	75.6818
2709.198	4586.99	4581	0.208257	0.167761	0.349641	0.0871101	306.678	53.5501	75.6775
2709.357	4592.83	4581	0.163311	0.18788	0.349641	0.0858484	306.57	53.5501	75.6729
2709.517	4602.12	4581	0.095961	0.195617	0.365419	0.087542	306.786	53.5501	75.6679
2709.676	4603.08	4581	0.0987977	0.139979	0.365419	0.0876952	304.729	53.5368	75.6637
2709.835	4592.95	4581	0.0789211	0.115193	0.364195	0.0892883	302.023	53.5368	75.6595
2710.153	4591.66	4581	0.0513156	0.0667533	0.368419	0.0913239	302.672	53.5368	75.6506
2710.312	4575.01	4581	0.125604	0.0670731	0.367173	0.0909189	307.652	53.5368	75.6459
2710.456	4569.41	4581	0.17763	0.114714	0.370556	0.0914154	312.523	53.5368	75.6426
2710.599	4574.11	4581	0.229855	0.194751	0.370556	0.0888441	311.116	53.5368	75.6385
2710.743	4582.2	4581	0.20138	0.29011	0.361725	0.0894131	305.704	53.5228	75.6344
2710.886	4595.3	4581	0.158712	0.21685	0.361725	0.0881776	304.837	53.5228	75.6309
2711.029	4600.47	4581	0.0720628	0.120563	0.372695	0.0880908	303.538	53.5228	75.627
2711.172	4583.52	4581	0.0960797	0.0548832	0.372695	0.0902555	303.214	53.5228	75.6231
2711.458	4564.59	4581	0.230417	0.134249	0.363999	0.0907769	313.065	53.5228	75.6156
2711.602	4572.68	4581	0.248319	0.237895	0.368286	0.0897967	306.786	53.5228	75.6116
2711.745	4597.89	4581	0.202641	0.201804	0.365696	0.0881696	302.672	53.509	75.6076
2711.889	4607.41	4581	0.103852	0.1908	0.365696	0.0873754	304.946	53.509	75.6035
2712.032	4598.49	4581	0.0907164	0.132821	0.362162	0.0899749	302.672	53.509	75.6001
2712.175	4573.64	4581	0.0968409	0.0672526	0.362162	0.0905046	308.193	53.509	75.5959
2712.318	4553.91	4581	0.207907	0.0936557	0.357766	0.0909104	311.874	53.509	75.5917
2712.461	4566.02	4581	0.197776	0.194222	0.357766	0.090399	309.276	53.509	75.5882
2712.605	4584.08	4581	0.211064	0.209816	0.364604	0.0885531	303.863	53.509	75.5841
2712.748	4595.86	4581	0.153758	0.165958	0.364604	0.0867738	304.621	53.4955	75.5801
2713.225	4598.74	4581	0.0993718	0.0955006	0.37052	0.0887832	306.678	53.4955	75.5677
2713.703	4567.85	4581	0.110157	0.0758471	0.365456	0.0898435	308.193	53.4816	75.5552
2713.846	4557.37	4581	0.194994	0.136375	0.369284	0.0901759	312.523	53.4816	75.5513
2714.006	4562.98	4581	0.205644	0.159106	0.369284	0.0912735	312.632	53.4816	75.5475
2714.165	4561.51	4581	0.245163	0.193288	0.362957	0.0911352	311.008	53.4816	75.5428
2714.324	4572.12	4581	0.241206	0.202791	0.373891	0.0902908	306.786	53.4816	75.5389
2714.467	4595.3	4581	0.208872	0.235729	0.373891	0.0884292	307.544	53.4816	75.5352
2714.626	4582.8	4581	0.214199	0.214146	0.361277	0.0878793	307.652	53.4816	75.5313
2714.785	4597.33	4581	0.151849	0.197336	0.361277	0.0883432	304.404	53.4675	75.5273
2714.944	4605.32	4581	0.124359	0.151417	0.369599	0.0878782	300.074	53.4675	75.5228
2715.104	4597.05	4581	0.103162	0.124076	0.35749	0.0884539	298.451	53.4675	75.5188
2715.263	4597.83	4581	0.0935953	0.131736	0.35749	0.0891447	299.425	53.4675	75.5146
2715.422	4591.4	4581	0.0509951	0.0941183	0.359732	0.0891429	302.131	53.4675	75.5098
2715.581	4584.17	4581	0.0661153	0.0567485	0.362915	0.0899469	305.054	53.4675	75.5058
2715.740	4570.22	4581	0.0846141	0.0965352	0.362915	0.0895588	309.168	53.4541	75.5011
2715.953	4596.46	4581	0.0927274	0.121644	0.371376	0.0876377	305.595	53.4541	75.4961
2716.091	4584.71	4581	0.0515451	0.0458152	0.360483	0.0898913	304.621	53.4541	75.4922
2716.234	4554.77	4581	0.118306	0.0577533	0.360483	0.0905921	309.492	53.4541	75.4888
2716.377	4561.16	4581	0.209861	0.156822	0.375626	0.0896761	311.333	53.4541	75.485
2716.521	4571.29	4581	0.229943	0.241236	0.375626	0.0885658	307.436	53.4541	75.4813
2716.664	4589.18	4581	0.224082	0.184496	0.358149	0.0891345	301.265	53.4402	75.4772
2716.807	4606.17	4581	0.0936376	0.163354	0.358149	0.0870859	305.704	53.4402	75.4737
2716.950	4598.59	4581	0.0516556	0.105708	0.373579	0.0894795	304.188	53.4402	75.47
2717.284	4592.25	4581	0.074375	0.0956721	0.362752	0.0903691	301.59	53.4402	75.4616
2717.428	4576.2	4581	0.114517	0.0907372	0.370974	0.0905104	310.034	53.4402	75.4578
2717.571	4553.68	4581	0.212047	0.120627	0.370974	0.0902189	311.874	53.4402	75.4541
2717.715	4559.74	4581	0.245509	0.204388	0.361812	0.0883344	307.652	53.4264	75.4501
2717.858	4594.34	4581	0.212013	0.216202	0.361812	0.0867772	307.111	53.4264	75.4468
2718.001	4604.94	4581	0.111021	0.220055	0.370672	0.0884951	301.806	53.4264	75.4431
2718.144	4599.65	4581	0.0736521	0.0771432	0.348476	0.0890817	300.291	53.4264	75.4392
2718.288	4566.81	4581	0.0702846	0.0391599	0.348476	0.0891823	309.925	53.4264	75.4356
2718.431	4559.18	4581	0.173389	0.0970519	0.369541	0.0894496	308.735	53.4264	75.4315
2718.574	4566.52	4581	0.232048	0.205702	0.369541	0.0895263	307.76	53.4264	75.4276
2718.717	4578.59	4581	0.216182	0.253172	0.356141	0.0885333	309.601	53.413	75.4235
2718.860	4598.91	4581	0.156997	0.211602	0.356141	0.0865077	302.781	53.413	75.42
2719.004	4608.87	4581	0.076576	0.113961	0.375091	0.088686	298.992	53.413	75.4163
2719.433	4557.84	4581	0.17406	0.139892	0.372271	0.0913578	309.492	53.413	75.4053
2719.752	4564.81	4581	0.239962	0.192961	0.361489	0.0909079	307.977	53.3994	75.3971
2719.911	4580.51	4581	0.209726	0.228606	0.361489	0.0896185	307.436	53.3994	75.3931
2720.054	4586.81	4581	0.21215	0.260892	0.372337	0.0887931	303.43	53.3994	75.3895
2720.213	4599.23	4581	0.138314	0.189888	0.358622	0.0887143	298.884	53.3994	75.3857
2720.520	4599.23	4581	0.123743	0.143788	0.375514	0.0889128	304.621	53.3994	75.3773
2720.679	4589.38	4581	0.0521705	0.112739	0.375514	0.0882964	305.487	53.3856	75.3735
2720.838	4583.67	4581	0.0914648	0.0869902	0.355842	0.0903143	307.652	53.3856	75.3693
2720.997	4565.34	4581	0.121337	0.0376357	0.374062	0.0908301	310.575	53.3856	75.3647
2721.156	4563.52	4581	0.0976809	0.0809267	0.374062	0.0890146	310.683	53.3856	75.3611
2721.316	4568.61	4581	0.173312	0.109428	0.347483	0.0900998	311.874	53.3856	75.356
2721.475	4552.79	4581	0.159502	0.120179	0.368037	0.0917502	312.09	53.3856	75.3517
2721.618	4566.09	4581	0.237535	0.198396	0.368037	0.0882735	309.817	53.3856	75.3479
2721.762	4601.19	4581	0.229077	0.234132	0.361296	0.0879087	302.889	53.3724	75.3446
2721.905	4600.1	4581	0.141223	0.168896	0.361296	0.0886189	303.755	53.3724	75.3406
2722.048	4596.32	4581	0.0638941	0.115918	0.370146	0.0884279	304.946	53.3724	75.3369
2722.191	4586.48	4581	0.0741294	0.0662646	0.370146	0.0899315	306.461	53.3724	75.3331
2722.334	4572.75	4581	0.216356	0.123147	0.362679	0.0897426	311.657	53.3724	75.3298
2722.478	4559.48	4581	0.25074	0.180904	0.362679	0.0903339	311.333	53.3724	75.3258
2722.621	4579.86	4581	0.200963	0.230901	0.37465	0.0892549	306.245	53.3724	75.3221
2722.765	4594.12	4581	0.148692	0.214751	0.358011	0.0889596	302.781	53.3588	75.319
2722.908	4611.52	4581	0.105699	0.122071	0.358011	0.0870195	304.729	53.3588	75.3149
2723.051	4573.7	4581	0.065126	0.0440096	0.373365	0.0906501	304.513	53.3588	75.3112
2723.194	4558.08	4581	0.0985285	0.0516114	0.373365	0.090993	306.57	53.3588	75.3075
2723.481	4568.38	4581	0.264148	0.233083	0.362242	0.0897853	309.168	53.3588	75.3001
2723.911	4600.69	4581	0.0708788	0.148302	0.363238	0.0885347	303.755	53.3449	75.289
2724.054	4570.09	4581	0.0777716	0.0855404	0.3617	0.0912408	306.245	53.3449	75.285
2724.197	4554.4	4581	0.167833	0.0821343	0.3617	0.0902349	311.766	53.3449	75.2809
2724.341	4561.51	4581	0.185741	0.204277	0.352826	0.088766	308.843	53.3449	75.2775
2724.484	4589.12	4581	0.23064	0.238882	0.352826	0.0894964	303.105	53.3449	75.2733
2724.627	4599.89	4581	0.155617	0.208659	0.369251	0.0875327	307.111	53.3449	75.2695
2724.770	4596.16	4581	0.0965222	0.110615	0.369251	0.0874126	301.482	53.3317	75.2658
2724.913	4583.57	4581	0.0341761	0.0540024	0.361411	0.0912793	302.997	53.3317	75.2624
2725.072	4570.41	4581	0.115067	0.0944668	0.373255	0.0902761	307.436	53.3317	75.2579
2725.231	4569.17	4581	0.104528	0.0692515	0.373255	0.0914328	306.678	53.3317	75.2542
2725.391	4572.51	4581	0.142433	0.0914066	0.364364	0.0916002	309.059	53.3317	75.2504
2725.534	4566.53	4581	0.211826	0.202393	0.364364	0.0911331	310.9	53.3317	75.2466
2725.693	4558.95	4581	0.198264	0.199977	0.367126	0.0896539	305.704	53.3181	75.2421
2725.852	4576.99	4581	0.244064	0.240995	0.366692	0.089332	306.137	53.3181	75.2383
2726.011	4574.59	4581	0.209812	0.229517	0.366692	0.0884608	304.404	53.3181	75.2344
2726.171	4592.37	4581	0.196093	0.234255	0.364856	0.0876564	303.214	53.3181	75.2299
2726.330	4593.07	4581	0.182245	0.268207	0.3699	0.0875606	303.322	53.3181	75.2261
2726.489	4596.44	4581	0.104339	0.163478	0.3699	0.0865558	303.647	53.3181	75.2225
2726.648	4614.64	4581	0.113653	0.196418	0.365815	0.0871502	304.621	53.3181	75.2181
2726.807	4604.19	4581	0.13557	0.101045	0.365815	0.0881594	304.729	53.3044	75.2142
2726.967	4602.56	4581	0.0495206	0.0957398	0.364871	0.088543	306.461	53.3044	75.2097
2727.110	4575.36	4581	0.137229	0.0585968	0.359806	0.0899132	308.193	53.3044	75.2065
2727.253	4562.62	4581	0.171325	0.0946201	0.359806	0.0914167	308.735	53.3044	75.2025
2727.397	4560.55	4581	0.19403	0.178251	0.358629	0.0900112	312.199	53.3044	75.1984
2727.540	4572.57	4581	0.20491	0.269888	0.358629	0.0879272	307.327	53.3044	75.1951
2727.683	4598.66	4581	0.17029	0.221289	0.364617	0.0883897	299.75	53.2913	75.1912
2727.826	4586.32	4581	0.0944466	0.121971	0.364617	0.0888894	306.353	53.2913	75.1873
2727.970	4579.02	4581	0.0603103	0.0662506	0.370652	0.0894102	304.404	53.2913	75.1837
2728.113	4572.88	4581	0.0934841	0.0754771	0.370652	0.0899194	307.219	53.2913	75.1806
2728.256	4566.24	4581	0.22677	0.158549	0.361224	0.0901357	313.714	53.2913	75.1765
2728.399	4571.91	4581	0.260267	0.210287	0.37354	0.0883659	308.843	53.2913	75.1727
2728.543	4593.07	4581	0.181943	0.207666	0.37354	0.0891539	300.94	53.2913	75.169
2728.686	4607.46	4581	0.0814291	0.219234	0.360685	0.0887337	307.544	53.2779	75.1657
2728.829	4595.96	4581	0.0884061	0.113444	0.360685	0.0881788	304.404	53.2779	75.1617
2728.972	4566.85	4581	0.0954596	0.0422116	0.368689	0.0918741	306.353	53.2779	75.1578
2729.116	4556.89	4581	0.163126	0.0907475	0.368689	0.0897661	312.415	53.2779	75.1546
2729.259	4573.3	4581	0.222638	0.19538	0.365609	0.0888112	310.142	53.2779	75.1508
2729.403	4586.35	4581	0.216566	0.275998	0.369889	0.090422	304.513	53.2779	75.147
2729.545	4592.12	4581	0.15148	0.181095	0.369889	0.0878466	306.461	53.2779	75.1433
2729.689	4597.57	4581	0.076365	0.104964	0.363093	0.0871817	303.322	53.2645	75.1402
2729.832	4591.4	4581	0.125602	0.0875281	0.363093	0.0917045	305.487	53.2645	75.1364
2729.975	4570.87	4581	0.147263	0.121	0.370097	0.0894921	312.199	53.2645	75.1326
2730.119	4559.51	4581	0.225071	0.169469	0.370097	0.0894278	311.657	53.2645	75.129
2730.405	4602.47	4581	0.179811	0.245134	0.346466	0.0870669	307.869	53.2645	75.121
2730.564	4598.17	4581	0.153759	0.207438	0.371276	0.0881252	303.863	53.2645	75.1174
2730.723	4598.83	4581	0.0931422	0.195336	0.358079	0.0893545	300.291	53.2516	75.1129
2731.185	4575.53	4581	0.0867749	0.0815615	0.37237	0.0909408	310.791	53.2516	75.1014
2731.344	4573.72	4581	0.126824	0.0926601	0.361626	0.090437	309.601	53.2516	75.0967
2731.503	4564.95	4581	0.102011	0.0815635	0.371493	0.0913155	307.977	53.2516	75.0929
2731.662	4566.08	4581	0.185884	0.126851	0.371493	0.0911069	310.791	53.2516	75.0892
2731.822	4554.35	4581	0.248237	0.131026	0.363066	0.0899339	308.193	53.2382	75.0845
2731.981	4565.62	4581	0.206668	0.174811	0.373098	0.0898418	309.709	53.2382	75.0806
2732.140	4557.95	4581	0.213338	0.203298	0.373098	0.0896466	309.059	53.2382	75.077
2732.299	4572.57	4581	0.227787	0.217461	0.358771	0.0872416	308.518	53.2382	75.0724
2732.458	4589.81	4581	0.204249	0.263432	0.358771	0.0876009	307.544	53.2382	75.0685
2732.602	4595.24	4581	0.137558	0.22624	0.376452	0.0904579	300.507	53.2382	75.0649
2732.745	4601.3	4581	0.0896002	0.0971607	0.356162	0.0886237	306.137	53.2247	75.0609
2733.031	4572.1	4581	0.135	0.0779205	0.371814	0.0917057	310.034	53.2247	75.0535
2733.175	4565.39	4581	0.223844	0.190944	0.371814	0.0909656	312.09	53.2247	75.0498
2733.318	4582.25	4581	0.230737	0.214515	0.348223	0.0895155	309.276	53.2247	75.0463
2733.461	4594.06	4581	0.215587	0.235938	0.348223	0.0884708	302.997	53.2247	75.0419
2733.605	4607.34	4581	0.131944	0.171893	0.369451	0.0882305	305.704	53.2247	75.0381
2733.748	4600.47	4581	0.0654176	0.114969	0.369451	0.0893793	305.704	53.2117	75.0341
2733.891	4571.69	4581	0.085435	0.0771533	0.361313	0.0914255	307.436	53.2117	75.0308
2734.177	4559.38	4581	0.234921	0.182982	0.371936	0.0887464	311.224	53.2117	75.0233
2734.464	4599.48	4581	0.12258	0.202206	0.359736	0.08866	304.621	53.2117	75.016
2734.607	4601.24	4581	0.125895	0.0860821	0.37742	0.0887895	305.379	53.2117	75.0125
2734.751	4585.99	4581	0.0999959	0.076701	0.37742	0.0911935	305.271	53.1984	75.0088
2734.894	4566.01	4581	0.151781	0.0568291	0.356605	0.091547	309.925	53.1984	75.0046
2735.037	4558.17	4581	0.195693	0.210845	0.37634	0.0894912	312.632	53.1984	75.0013
2735.181	4572.08	4581	0.217742	0.25634	0.37634	0.0900882	307.652	53.1984	74.9976
2735.324	4589.74	4581	0.168513	0.186111	0.360386	0.0892067	302.781	53.1984	74.9938
2735.467	4598.98	4581	0.109428	0.13558	0.360386	0.0874153	304.404	53.1984	74.9904
2735.610	4589.57	4581	0.0696998	0.0604453	0.370428	0.0892503	303.538	53.1984	74.9865
2735.897	4556.19	4581	0.199797	0.154435	0.362277	0.0899902	312.199	53.185	74.9786
2736.056	4562.59	4581	0.197603	0.17906	0.36382	0.0899303	312.199	53.185	74.9746
2736.215	4567.11	4581	0.228201	0.179621	0.36382	0.0899903	312.523	53.185	74.9706
2736.374	4567.11	4581	0.261006	0.190558	0.351449	0.088584	310.575	53.185	74.9656
2736.518	4595.14	4581	0.217955	0.200847	0.351449	0.0872476	306.353	53.185	74.962
2736.676	4587.01	4581	0.161564	0.171223	0.374405	0.0882905	306.678	53.1721	74.9576
2736.836	4598.45	4581	0.133653	0.183642	0.358602	0.0877392	307.111	53.1721	74.9538
2736.995	4607.88	4581	0.0738449	0.155239	0.358602	0.0869914	307.544	53.1721	74.9491
2737.154	4598.2	4581	0.0980294	0.100987	0.37367	0.0880589	304.404	53.1721	74.9454
2737.313	4590.55	4581	0.0531511	0.1275	0.37367	0.0895741	307.76	53.1721	74.9417
2737.472	4593.45	4581	0.0789588	0.112792	0.363055	0.090372	302.564	53.1721	74.937
2737.632	4583.64	4581	0.0939313	0.0872316	0.369706	0.0912395	305.054	53.1721	74.9331
2737.791	4568.46	4581	0.111761	0.065961	0.369706	0.0899516	309.384	53.1589	74.9292
2737.950	4563.53	4581	0.128639	0.101771	0.365456	0.0912436	307.436	53.1589	74.9247
2738.093	4563.92	4581	0.193023	0.174884	0.365456	0.0911266	309.492	53.1589	74.9215
2738.237	4571.84	4581	0.260702	0.213409	0.367269	0.087617	310.575	53.1589	74.9177
2738.523	4603.49	4581	0.0803744	0.156523	0.366761	0.0897622	300.074	53.1589	74.91
2738.667	4591.25	4581	0.0866186	0.0995148	0.37009	0.0875279	307.327	53.1456	74.9068
2738.810	4561.93	4581	0.0646171	0.0857195	0.37009	0.0911105	308.843	53.1456	74.903
2739.096	4562.12	4581	0.243126	0.239114	0.361403	0.0888345	310.683	53.1456	74.8949
2739.240	4589.89	4581	0.228982	0.228896	0.360097	0.0870727	304.621	53.1456	74.8916
2739.383	4594.24	4581	0.112262	0.169026	0.360097	0.0896144	300.399	53.1456	74.8875
2739.526	4600.69	4581	0.106749	0.117049	0.357529	0.0893263	306.57	53.1456	74.8833
2739.669	4583.74	4581	0.0799256	0.064317	0.368416	0.0898207	306.786	53.1329	74.8799
2739.813	4564.1	4581	0.136751	0.124522	0.368416	0.0917952	310.142	53.1329	74.8761
2739.956	4559.18	4581	0.18002	0.204564	0.368284	0.0890229	312.523	53.1329	74.8722
2740.099	4578.18	4581	0.199468	0.223018	0.368284	0.0883721	307.544	53.1329	74.8684
2740.242	4590.82	4581	0.167924	0.235837	0.365095	0.0892814	300.074	53.1329	74.865
2740.386	4607.95	4581	0.103021	0.104043	0.365095	0.0888346	306.786	53.1329	74.8611
2740.529	4587.55	4581	0.0291113	0.0899878	0.37024	0.0885197	305.595	53.1329	74.8572
2740.672	4566.59	4581	0.113603	0.0911728	0.365584	0.0912341	306.245	53.1199	74.8534
2740.816	4565.83	4581	0.200358	0.144225	0.365584	0.0911848	312.632	53.1199	74.8502
2740.959	4568.46	4581	0.266329	0.197487	0.365156	0.0889208	310.575	53.1199	74.8462
2741.102	4592.47	4581	0.202045	0.236395	0.365156	0.0890594	301.482	53.1199	74.8422
2741.245	4604	4581	0.108739	0.180451	0.368735	0.0883173	307.544	53.1199	74.839
2741.388	4592.5	4581	0.0997438	0.114427	0.368735	0.0880997	304.729	53.1199	74.8351
2741.547	4592.04	4581	0.0848452	0.0849544	0.367755	0.0898755	306.137	53.1199	74.8306
2741.707	4581.14	4581	0.0898101	0.0704045	0.36473	0.08946	308.626	53.1066	74.8267
2741.866	4564.5	4581	0.137264	0.0504528	0.36473	0.0907791	311.766	53.1066	74.8227
2742.009	4552.48	4581	0.191961	0.119581	0.368114	0.089954	310.9	53.1066	74.8188
2742.168	4565.48	4581	0.203688	0.1967	0.368114	0.0890801	311.224	53.1066	74.8149
2742.328	4565.5	4581	0.240919	0.192309	0.347144	0.0899629	311.874	53.1066	74.8098
2742.487	4567.11	4581	0.247024	0.191429	0.370607	0.0885845	309.492	53.1066	74.8058
2742.646	4569.1	4581	0.246463	0.203085	0.370607	0.0882527	309.709	53.1066	74.8013
2742.805	4575.88	4581	0.184371	0.208318	0.362034	0.088244	309.384	53.0938	74.7973
2742.964	4596.23	4581	0.194065	0.23794	0.362034	0.088292	307.544	53.0938	74.7933
2743.124	4593.49	4581	0.141885	0.219801	0.370276	0.0882213	303.322	53.0938	74.7888
2743.283	4602.4	4581	0.10254	0.183405	0.36429	0.088761	299.966	53.0938	74.7848
2743.585	4588.41	4581	0.0610154	0.106593	0.370264	0.0898523	308.518	53.0938	74.7769
2743.729	4562.91	4581	0.0629673	0.0645026	0.370264	0.0906856	309.492	53.0805	74.7731
2743.872	4561.83	4581	0.190894	0.114529	0.363489	0.0914046	308.951	53.0805	74.769
2744.158	4585.24	4581	0.204034	0.204053	0.37227	0.0882898	306.461	53.0805	74.7621
2744.301	4605.35	4581	0.124912	0.205465	0.359634	0.0893273	298.342	53.0805	74.7582
2744.445	4604.02	4581	0.0745709	0.124537	0.359634	0.0885545	307.544	53.0805	74.7549
2744.588	4574.44	4581	0.12788	0.075497	0.375013	0.0899747	308.951	53.0805	74.7512
2744.732	4557.79	4581	0.158827	0.103374	0.375013	0.0899389	309.059	53.0672	74.7475
2745.018	4582.06	4581	0.24136	0.25638	0.358755	0.0877199	307.977	53.0672	74.7399
2745.161	4591.72	4581	0.202295	0.206562	0.366653	0.0892523	300.94	53.0672	74.7361
2745.304	4585.25	4581	0.0745241	0.0990784	0.349234	0.0895234	307.003	53.0672	74.732
2745.448	4589.42	4581	0.0816776	0.0844532	0.349234	0.0892069	304.946	53.0672	74.7276
2745.591	4571.38	4581	0.110996	0.118867	0.369674	0.0903751	308.193	53.0672	74.7243
2745.734	4559.56	4581	0.236313	0.142419	0.369674	0.0907718	314.039	53.0544	74.7204
2746.020	4598.54	4581	0.186812	0.226459	0.361362	0.0901594	302.889	53.0544	74.7131
2746.164	4604.17	4581	0.114999	0.228232	0.371936	0.0881569	305.271	53.0544	74.7094
2746.450	4566.06	4581	0.0496209	0.0513371	0.358856	0.0908549	307.327	53.0544	74.7016
2746.594	4562.8	4581	0.180639	0.0905051	0.376866	0.0906336	310.791	53.0544	74.6985
2746.737	4572.88	4581	0.251494	0.204697	0.376866	0.0899111	310.9	53.0414	74.6949
2746.881	4580.58	4581	0.217767	0.227624	0.356797	0.0886182	306.245	53.0414	74.6908
2747.039	4587.12	4581	0.192742	0.23895	0.356797	0.0876887	302.564	53.0414	74.6866
2747.198	4598.18	4581	0.204886	0.217334	0.374696	0.0870897	303.863	53.0414	74.6823
2747.549	4589.25	4581	0.253158	0.22763	0.359273	0.0868631	304.729	53.0414	74.6731
2747.708	4592.34	4581	0.17562	0.206281	0.369987	0.087881	303.43	53.0283	74.6693
2747.867	4600.91	4581	0.146864	0.218181	0.360159	0.0867944	305.271	53.0283	74.6653
2748.027	4598.59	4581	0.0822801	0.118628	0.360159	0.0889457	305.812	53.0283	74.6606
2748.185	4601.65	4581	0.0989442	0.124451	0.362363	0.0879848	306.461	53.0283	74.6566
2748.344	4599.42	4581	0.0631182	0.11248	0.362363	0.0891871	308.085	53.0283	74.6525
2748.504	4593.21	4581	0.0369136	0.093782	0.349359	0.0888085	307.76	53.0283	74.6474
2748.663	4577.8	4581	0.0905655	0.11647	0.376374	0.0912597	307.436	53.0283	74.6436
2748.981	4577.75	4581	0.111186	0.0922988	0.355483	0.0908087	308.843	53.0157	74.6352
2749.125	4563.9	4581	0.233011	0.209288	0.373717	0.0896259	313.714	53.0157	74.6312
2749.268	4568.51	4581	0.247206	0.247214	0.373717	0.0881911	309.276	53.0157	74.6281
2749.411	4595.11	4581	0.159576	0.212874	0.360292	0.0892034	300.832	53.0157	74.6243
2749.554	4604.7	4581	0.0919963	0.166904	0.360292	0.0879942	307.544	53.0157	74.6202
2749.698	4605.07	4581	0.0888844	0.106077	0.37021	0.0890662	305.162	53.0028	74.6165
2749.841	4558.9	4581	0.0856942	0.0294226	0.37021	0.0912193	310.9	53.0028	74.6134
2749.989	4552.64	4581	0.157891	0.0657209	0.362456	0.090125	308.951	53.0028	74.6094
2750.132	4566.97	4581	0.195354	0.238889	0.362456	0.0907753	307.977	53.0028	74.6054
2750.275	4584.96	4591.21	0.298272	0.310948	0.368911	0.086784	308.843	53.0028	74.6015
2750.418	4645	4641.64	0.246755	0.27123	0.365424	0.0840936	301.698	53.0028	74.5983
2750.561	4696.18	4691.98	0.135107	0.165958	0.365424	0.0872205	295.853	53.0028	74.5945
2750.705	4739.27	4742.5	0.132269	0.200925	0.371597	0.0849483	307.219	52.9905	74.5908
2750.848	4770.51	4792.84	0.16984	0.121406	0.371597	0.084695	305.812	52.9905	74.5877
2750.991	4820.53	4843.27	0.196343	0.145537	0.320352	0.0850762	304.296	52.9905	74.5828
2751.134	4869.34	4893.73	0.284927	0.262588	0.320352	0.083178	310.683	52.9905	74.5777
2751.277	4924.87	4944.49	0.301639	0.283048	0.323089	0.0800329	306.786	52.9905	74.5728
2751.421	4987.59	4995.3	0.26232	0.251871	0.321095	0.0810801	302.348	52.9905	74.5686
2751.564	5054.52	5046.06	0.267114	0.295567	0.321095	0.0793038	307.544	52.9905	74.5637
2751.707	5107.02	5096.82	0.246554	0.262467	0.303534	0.0763012	301.265	52.8716	74.5586
2751.851	5159.66	5147.59	0.199517	0.249554	0.303534	0.0776405	295.853	52.8716	74.5533
2751.994	5208.96	5198.35	0.159411	0.214617	0.342591	0.0766763	304.729	52.8716	74.5496
2752.280	5310.83	5299.79	0.132102	0.193022	0.354201	0.0759147	296.502	52.8716	74.5414
2752.630	5418.9	5423.91	0.254716	0.300067	0.347713	0.0747161	301.915	52.8716	74.5322
2752.789	5452.03	5480.34	0.254894	0.178142	0.378345	0.074415	303.322	52.7539	74.5289
2753.251	5632.31	5643.97	0.155864	0.134715	0.435445	0.0720197	293.688	52.7539	74.5223
2753.410	5711.88	5700.22	0.125345	0.183205	0.435445	0.0708409	294.987	52.7539	74.5208
2753.569	5769.47	5756.57	0.193045	0.242568	0.465652	0.0689683	296.935	52.7539	74.5203
2753.729	5813.91	5813	0.248342	0.238148	0.481703	0.0672121	301.698	52.6422	74.5198
2753.888	5846.45	5869.35	0.241343	0.215727	0.481703	0.0680553	304.837	52.6422	74.5198
2754.047	5905.14	5925.78	0.186163	0.137837	0.517662	0.0678235	302.564	52.6422	74.5207
2754.206	5968.73	5982.21	0.192069	0.201817	0.517662	0.0653437	301.915	52.6422	74.5225
2754.366	6041.8	6038.6	0.174693	0.309484	0.564888	0.0647277	305.271	52.6422	74.5256
2754.525	6076.29	6094.95	0.271037	0.217781	0.576373	0.0662624	308.41	52.6422	74.5292
2754.668	6134.7	6145.8	0.219918	0.261064	0.576373	0.0643818	302.456	52.6422	74.5319
2754.811	6206.39	6196.47	0.0984631	0.261389	0.606201	0.0650174	296.719	52.5381	74.5359
2754.955	6233.16	6247.24	0.226621	0.0888363	0.606201	0.0624721	304.946	52.5381	74.5402
2755.098	6313.12	6298	0.169733	0.0482359	0.657448	0.0597317	297.368	52.5381	74.5458
2755.241	6330.29	6348.76	0.096468	0.33619	0.657448	0.0634809	293.363	52.5381	74.5527
2755.384	6393.01	6399.53	0.301767	0.350177	0.709125	0.0612986	307.327	52.5381	74.5616
2755.528	6400.01	6450.29	0.169957	0.116214	0.751128	0.0604498	305.271	52.5381	74.5711
2755.671	6454.72	6501.05	0.0688687	0.0855941	0.751128	0.0612802	295.095	52.4463	74.58
2755.814	6504.51	6551.82	0.223519	0.194462	0.771624	0.0599389	304.296	52.4463	74.591
2755.957	6599.34	6602.49	0.152954	0.267764	0.771624	0.0579221	299.208	52.4463	74.6022
2756.101	6646.41	6653.34	0.262027	0.274957	0.780432	0.0591026	296.61	52.4463	74.6135
2756.244	6703.63	6704.02	0.231555	0.210499	0.780432	0.0584942	305.595	52.4463	74.6227
2756.388	6727.49	6754.87	0.193689	0.192769	0.749681	0.0574405	300.616	52.4463	74.6316
2756.530	6789.34	6805.54	0.179109	0.202578	0.749681	0.0589653	292.605	52.4463	74.6404
2756.674	6859.44	6856.31	0.214621	0.222864	0.77532	0.0576588	304.296	52.3712	74.6486
2756.817	6889.96	6907.07	0.231183	0.201737	0.804501	0.0554584	302.672	52.3712	74.6587
2756.960	6930.78	6957.83	0.206661	0.185907	0.804501	0.0582433	294.121	52.3712	74.6697
2757.104	7011.3	7008.69	0.210697	0.202453	0.83766	0.0562267	302.564	52.3712	74.6818
2757.247	7063.89	7059.36	0.244542	0.229179	0.83766	0.0541041	301.482	52.3712	74.6921
2757.390	7093.65	7110.08	0.234561	0.200016	0.872221	0.0568557	294.229	52.3712	74.7062
2757.533	7154.46	7160.84	0.208053	0.21241	0.872221	0.0538281	299.966	52.3712	74.7201
2757.676	7220.66	7211.61	0.236128	0.250973	0.877455	0.0535966	302.781	52.3003	74.734
2757.963	7301.54	7313.13	0.202625	0.189749	0.895451	0.0524626	298.342	52.3003	74.7598
2758.122	7360.61	7369.48	0.240232	0.188919	0.916271	0.0530417	296.394	52.3003	74.7744
2758.281	7409.19	7425.91	0.19104	0.203574	0.916271	0.0541834	289.466	52.3003	74.7918
2758.441	7475.13	7482.34	0.231573	0.217229	0.942739	0.0528537	294.121	52.3003	74.8082
2758.584	7518.12	7533.02	0.188814	0.180567	0.942739	0.051605	303.863	52.3003	74.8242
2758.743	7591.04	7589.45	0.239553	0.233219	0.95888	0.0509318	299.1	52.2451	74.8408
2758.902	7648.72	7645.88	0.199785	0.20179	0.984341	0.0513133	292.93	52.2451	74.8609
2759.061	7681.89	7702.23	0.228014	0.211365	0.984341	0.0517237	291.522	52.2451	74.8784
2759.220	7759.92	7758.57	0.221025	0.235589	0.998458	0.0512495	292.497	52.2451	74.8964
2759.571	7863.07	7882.69	0.228532	0.204554	1.02335	0.0493888	290.332	52.2451	74.9398
2759.730	7948.04	7939.12	0.233203	0.273324	1.04035	0.049168	294.337	52.2035	74.9627
2759.889	7975.59	7995.47	0.191116	0.201045	1.05953	0.0488295	292.713	52.2035	74.9822
2760.048	8040.15	8051.9	0.226289	0.225631	1.05953	0.0482308	295.853	52.2035	75.0022
2760.191	8108.56	8102.67	0.20004	0.209666	1.10937	0.0478414	289.033	52.2035	75.0246
2760.335	8148.99	8153.38	0.232751	0.208087	1.10937	0.0472547	303.538	52.2035	75.0477
2760.621	8238.92	8254.91	0.231729	0.214055	1.12032	0.0464719	290.007	52.2035	75.09
2760.765	8298.91	8305.67	0.225072	0.221635	1.11642	0.0451407	304.296	52.1724	75.1119
2760.908	8345.3	8356.44	0.225376	0.220459	1.13822	0.045075	294.77	52.1724	75.1338
2761.051	8400.83	8407.2	0.207176	0.226969	1.13822	0.0479393	289.249	52.1724	75.1564
2761.194	8441.1	8457.96	0.21454	0.191608	1.15267	0.0452409	301.915	52.1724	75.1755
2761.338	8526.63	8508.73	0.233093	0.26994	1.15267	0.0434928	298.018	52.1724	75.1983
2761.481	8542.35	8559.49	0.19769	0.197984	1.16904	0.0453805	287.084	52.1724	75.2217
2761.815	8680.34	8677.85	0.240401	0.224446	1.18953	0.0438279	301.915	52.1582	75.2733
2761.959	8738.77	8728.7	0.219727	0.253784	1.20553	0.0421041	295.744	52.1582	75.2976
2762.102	8748.55	8779.38	0.223376	0.206058	1.20553	0.044902	287.409	52.1582	75.322
2762.245	8835.17	8830.14	0.240443	0.223379	1.22303	0.0428269	302.239	52.1582	75.343
2762.388	8872.89	8880.9	0.202897	0.219323	1.22303	0.0421571	293.904	52.1582	75.3678
2762.532	8925.95	8931.67	0.232555	0.196186	1.23868	0.0446589	285.569	52.1582	75.3936
2762.675	8993.27	8982.34	0.239408	0.253498	1.23868	0.0429092	304.729	52.1591	75.4147
2762.818	9018.51	9033.1	0.207111	0.211976	1.25402	0.0414092	294.445	52.1591	75.4407
2762.962	9058.32	9083.87	0.223219	0.209232	1.27249	0.0430694	285.46	52.1591	75.4667
2763.105	9160.14	9134.63	0.237505	0.261544	1.27249	0.0412767	303.863	52.1591	75.4932
2763.248	9175.02	9185.39	0.209942	0.261711	1.32125	0.0385524	295.095	52.1591	75.5172
2763.391	9231.72	9236.2	0.22254	0.194213	1.32125	0.0432084	283.295	52.1591	75.5474
2763.535	9290.15	9286.96	0.245582	0.23294	1.31889	0.0401493	304.08	52.1591	75.5765
2763.693	9367.13	9343.31	0.238248	0.256526	1.31889	0.0416112	302.997	52.169	75.6048
2764.012	9458.28	9456.18	0.227629	0.242308	1.3291	0.0394549	293.038	52.169	75.6637
2764.155	9483.55	9506.94	0.221276	0.20175	1.3291	0.0382102	302.239	52.169	75.6909
2764.314	9551.65	9563.28	0.212485	0.20852	1.34522	0.039821	302.997	52.169	75.7188
2764.473	9587.72	9619.72	0.222855	0.211108	1.34522	0.0393102	302.781	52.169	75.7465
2764.792	9712.53	9732.49	0.227158	0.205212	1.37525	0.0409896	285.569	52.1965	75.808
2765.110	9820.15	9845.27	0.22652	0.249683	1.38967	0.0382717	283.404	52.1965	75.8704
2765.269	9875.83	9901.62	0.213957	0.22978	1.3988	0.0385772	285.244	52.1965	75.8991
2765.428	9932.39	9958.05	0.220845	0.238393	1.3988	0.0391637	289.899	52.1965	75.9326
2765.588	9993.12	10014.4	0.217336	0.214365	1.41945	0.0361259	291.198	52.1965	75.9625
2765.732	10044.1	10065.2	0.241966	0.211742	1.41945	0.0404142	281.347	52.2381	75.9921
2766.017	10204.1	10166.7	0.266909	0.263581	1.459	0.0358526	293.796	52.2381	76.0475
2766.161	10220.1	10217.4	0.261933	0.250529	1.459	0.0381162	284.378	52.2381	76.0794
2766.305	10257.1	10268.2	0.23603	0.269099	1.496	0.0366342	303.971	52.2381	76.1127
2766.447	10314.5	10319	0.222968	0.273165	1.496	0.0357408	294.554	52.2381	76.1416
2766.591	10345.4	10369.7	0.198521	0.221559	1.48039	0.0374948	283.837	52.2381	76.1742
2766.734	10392.7	10420.5	0.224543	0.251674	1.48039	0.0359854	304.946	52.2891	76.2054
2766.877	10448.1	10471.2	0.209745	0.196103	1.48138	0.0341466	293.363	52.2891	76.2309
2767.163	10553	10572.7	0.262702	0.21354	1.497	0.0352622	302.239	52.2891	76.2923
2767.307	10622	10623.5	0.23529	0.241613	1.50596	0.0317176	292.93	52.2891	76.323
2767.450	10670.2	10674.3	0.266536	0.251319	1.50596	0.0367264	280.264	52.2891	76.3485
2767.593	10703	10725	0.260265	0.214393	1.52042	0.0335927	302.997	52.2891	76.3795
2767.737	10786	10775.9	0.254368	0.267969	1.52042	0.0320787	294.662	52.3593	76.4105
2767.880	10815.7	10826.5	0.251809	0.255325	1.53226	0.0335168	278.532	52.3593	76.442
2768.167	10931.3	10928	0.244792	0.239589	1.54511	0.0335431	294.445	52.3593	76.4999
2768.310	10973.1	10978.8	0.280963	0.260078	1.54511	0.0351367	278.532	52.3593	76.5312
2768.453	11013.1	11029.5	0.271311	0.209069	1.5532	0.0342868	294.987	52.3593	76.5627
2768.596	11075.2	11080.3	0.265438	0.236706	1.5693	0.0309322	296.827	52.3593	76.589
2768.739	11113.6	11131.1	0.242257	0.235782	1.5693	0.0343082	280.048	52.443	76.6211
2768.883	11164.9	11181.7	0.263555	0.213631	1.57488	0.0345162	295.095	52.443	76.6529
2769.185	11261.6	11288.9	0.237439	0.278661	1.61507	0.0326316	300.832	52.443	76.72
2769.344	11347.1	11345.4	0.309093	0.280155	1.61507	0.0331572	302.564	52.443	76.7554
2769.503	11401.5	11401.7	0.257861	0.237727	1.6432	0.0319052	304.08	52.443	76.7993
2769.647	11419.4	11452.5	0.226747	0.267013	1.61556	0.0296657	292.713	52.443	76.828
2769.965	11573	11565.3	0.284541	0.24674	1.62394	0.0304855	299.1	52.5333	76.8983
2770.124	11609.4	11621.8	0.232459	0.250169	1.63766	0.0309072	303.971	52.5333	76.9363
2770.287	11672.2	11679.6	0.281462	0.282401	1.63766	0.0306461	288.167	52.5333	76.9691
2770.446	11718.5	11735.9	0.25863	0.218686	1.64971	0.0289959	294.012	52.5333	77.0022
2770.606	11769.5	11792.3	0.305192	0.27619	1.64971	0.0297057	296.61	52.5333	77.0407
2770.924	11899	11905	0.242123	0.250914	1.67197	0.0310148	303.43	52.6447	77.108
2771.226	12028.5	12012.2	0.308993	0.235369	1.6832	0.0285058	293.579	52.6447	77.1754
2771.370	12038.5	12063	0.248167	0.274114	1.6832	0.0317127	280.589	52.6447	77.2089
2771.513	12086	12113.8	0.262253	0.288534	1.69306	0.0302133	301.698	52.6447	77.243
2771.656	12161	12164.7	0.312611	0.275872	1.70343	0.028964	293.904	52.6447	77.2767
2771.800	12228.6	12215.3	0.283368	0.275842	1.70343	0.0310799	278.641	52.7695	77.305
2771.943	12237	12266.1	0.233628	0.242995	1.71828	0.0302128	298.126	52.7695	77.3394
2772.086	12300.6	12316.7	0.274746	0.288935	1.71828	0.0274195	295.853	52.7695	77.374
2772.373	12423.7	12418.3	0.283797	0.239209	1.76572	0.0293177	297.26	52.7695	77.4464
2772.516	12442.3	12469.1	0.249463	0.27778	1.76418	0.02746	296.177	52.7695	77.485
2772.659	12512.1	12519.8	0.310484	0.320451	1.76418	0.0306402	278.641	52.7695	77.5223
2772.802	12602	12570.6	0.310396	0.233271	1.74905	0.0285905	293.471	52.9011	77.5514
2772.946	12571.8	12621.3	0.245793	0.279451	1.76029	0.0267556	297.693	52.9011	77.5861
2773.089	12657.9	12672	0.287599	0.320823	1.76029	0.0307855	278.208	52.9011	77.6212
2773.232	12747.4	12722.8	0.300071	0.274403	1.77263	0.0290219	291.09	52.9011	77.6566
2773.376	12762.3	12773.6	0.264909	0.291588	1.77263	0.0272087	297.26	52.9011	77.686
2773.519	12811.7	12824.3	0.27549	0.33935	1.78381	0.0291518	279.94	52.9011	77.722
2773.662	12886.8	12875.1	0.295972	0.235865	1.78381	0.0283264	285.136	52.9011	77.7575
2773.805	12892.2	12925.8	0.27278	0.286865	1.79597	0.0267058	298.559	53.0545	77.7939
2773.949	13002.5	12976.6	0.32393	0.330449	1.79597	0.0285809	279.074	53.0545	77.8239
2774.092	13011	13027.4	0.283123	0.253843	1.80337	0.0286465	286.651	53.0545	77.86
2774.235	13046.6	13078.1	0.270351	0.314536	1.81047	0.0267059	299.533	53.0545	77.8959
2774.379	13124.2	13089	0.288924	0.2199	1.81047	0.0275754	284.919	53.0545	77.9257
2774.522	13101.3	13089	0.201944	0.219305	1.77234	0.0291497	286.868	53.0545	77.957
2774.681	13130.3	13089	0.231339	0.165453	1.77234	0.0290228	285.027	53.2201	77.9907
2774.840	13109.9	13089	0.250852	0.247643	1.72067	0.0298505	277.125	53.2201	78.0117
2774.999	13092.9	13089	0.203518	0.262107	1.72494	0.0284546	285.46	53.2201	78.0327
2775.142	13121.6	13089	0.256209	0.215907	1.72494	0.0279084	294.77	53.2201	78.0537
2775.301	13090.5	13089	0.211707	0.2497	1.77419	0.0295035	288.816	53.2201	78.0791
2775.670	13096.9	13089	0.220626	0.26103	1.73738	0.0283191	286.543	53.2201	78.1382
2775.827	13063.6	13089	0.186944	0.233829	1.72151	0.0270181	294.121	53.3691	78.1576
2775.986	13096.7	13089	0.218365	0.202785	1.72151	0.0266855	297.476	53.3691	78.1792
2776.145	13092.6	13089	0.220829	0.25421	1.72769	0.0267644	299.425	53.3691	78.1982
2776.304	13065.6	13089	0.204187	0.263677	1.72676	0.0274846	302.997	53.3691	78.2198
2776.623	13078.2	13089	0.249948	0.241825	1.72053	0.0284082	303.43	53.3691	78.2552
2776.766	13092	13089	0.229576	0.202806	1.72053	0.0269771	295.853	53.5184	78.2721
2776.910	13082.9	13089	0.243983	0.286515	1.72354	0.0302767	280.481	53.5184	78.2892
2777.053	13124.9	13089	0.252048	0.214992	1.72571	0.0289756	300.616	53.5184	78.3033
2777.196	13062.7	13089	0.211331	0.240476	1.72571	0.0278624	298.018	53.5184	78.3202
2777.339	13088.7	13089	0.247255	0.250163	1.72112	0.0298087	281.563	53.5184	78.3365
2777.482	13071.5	13089	0.203415	0.171613	1.72112	0.0289102	296.719	53.5184	78.3523
2777.626	13078.5	13089	0.253149	0.238676	1.7203	0.027094	297.152	53.5184	78.3653
2777.769	13100.1	13089	0.233882	0.235201	1.7203	0.028919	283.945	53.671	78.3806
2777.912	13068.5	13089	0.210362	0.223363	1.72464	0.0286099	297.368	53.671	78.3965
2778.055	13088.5	13089	0.241757	0.220404	1.74642	0.0264836	299.317	53.671	78.4131
2778.199	13074.1	13089	0.196392	0.234913	1.74642	0.0299297	284.27	53.671	78.4284
2778.342	13099.4	13089	0.252329	0.22026	1.7696	0.0287671	293.471	53.671	78.4483
2778.485	13103.5	13089	0.22542	0.219557	1.7696	0.0268073	298.234	53.671	78.4694
2778.628	13074.8	13089	0.214485	0.263558	1.72969	0.0294444	286.11	53.671	78.4828
2778.772	13090.6	13089	0.23107	0.193736	1.72969	0.028374	299.317	53.8115	78.4978
2778.916	13071.7	13089	0.187148	0.207438	1.71886	0.0274634	300.724	53.8115	78.5112
2779.059	13100	13089	0.258494	0.246999	1.71886	0.0279361	285.136	53.8115	78.5244
2779.202	13089.1	13089	0.212923	0.195377	1.71887	0.0289071	289.466	53.8115	78.5353
2779.345	13094.4	13089	0.24087	0.246651	1.7239	0.0281429	300.074	53.8115	78.5485
2779.488	13084.4	13089	0.226948	0.208676	1.7239	0.0281658	286.976	53.8115	78.5621
2779.631	13063.6	13089	0.203172	0.198553	1.72338	0.0292512	287.734	53.8115	78.5755
2779.775	13101.3	13089	0.268911	0.213413	1.72338	0.0271768	301.373	53.9609	78.5865
2779.918	13084.1	13089	0.206939	0.233405	1.71909	0.0283801	288.491	53.9609	78.599
2780.061	13094.3	13089	0.213244	0.234742	1.71909	0.029378	284.161	53.9609	78.6114
2780.220	13091	13089	0.201623	0.226491	1.71866	0.0289061	284.378	53.9609	78.6237
2780.379	13123.4	13089	0.250557	0.216196	1.72205	0.0290629	280.806	53.9609	78.6359
2780.538	13097.1	13089	0.250748	0.281064	1.72205	0.030812	284.378	53.9609	78.6505
2780.682	13089.8	13089	0.236878	0.193836	1.71808	0.0282278	294.445	54.1087	78.6623
2780.841	13090.3	13089	0.251955	0.2314	1.71808	0.0291596	281.455	54.1087	78.6741
2781.000	13045.8	13089	0.212611	0.244034	1.72156	0.02921	283.512	54.1087	78.6862
2781.159	13074.9	13089	0.211935	0.19849	1.76057	0.0290089	284.27	54.1087	78.7029
2781.373	13084.1	13089	0.234408	0.257609	1.76057	0.0272396	293.146	54.1087	78.7257
2781.525	13078.1	13089	0.233732	0.219629	1.75581	0.0267162	298.342	54.1087	78.742
2781.892	13083.3	13089	0.197506	0.218523	1.72381	0.0295562	295.744	54.2466	78.7715
2782.210	13126.7	13089	0.251412	0.241919	1.7195	0.0289561	277.558	54.2466	78.7956
2782.353	13075.8	13089	0.20444	0.210478	1.7195	0.0287888	307.327	54.2466	78.8045
2782.497	13090.4	13089	0.21431	0.261631	1.71785	0.0270675	290.981	54.2466	78.8148
2782.640	13106.1	13089	0.268698	0.209218	1.71785	0.0302668	279.723	54.2466	78.8251
2782.784	13066.7	13089	0.205319	0.25608	1.72119	0.0291292	305.162	54.3916	78.8358
2782.927	13109.7	13089	0.263981	0.23992	1.7201	0.0274209	292.93	54.3916	78.8446
2783.070	13065.3	13089	0.211114	0.226	1.7201	0.0297167	284.161	54.3916	78.855
2783.213	13084.9	13089	0.234119	0.238346	1.71847	0.0291414	304.513	54.3916	78.8653
2783.356	13101.2	13089	0.243142	0.193035	1.71847	0.0267186	296.177	54.3916	78.8737
2783.500	13083.6	13089	0.222799	0.291517	1.71823	0.0296156	282.538	54.3916	78.8837
2783.643	13129.1	13089	0.271955	0.21295	1.71823	0.0288795	303.971	54.3916	78.8936
2783.786	13061.1	13089	0.184723	0.233177	1.72056	0.0268633	297.909	54.5395	78.9038
2783.929	13107.4	13089	0.239144	0.256649	1.72056	0.0299007	276.908	54.5395	78.9124
2784.072	13096.5	13089	0.228918	0.175147	1.722	0.0280546	302.456	54.5395	78.9227
2784.216	13087.6	13089	0.222533	0.273609	1.76914	0.0274773	296.502	54.5395	78.9352
2784.359	13127	13089	0.258548	0.231864	1.76914	0.0291903	281.672	54.5395	78.9521
2784.502	13067.9	13089	0.203082	0.223589	1.74727	0.0290168	302.997	54.5395	78.9643
2784.646	13109.2	13089	0.234378	0.231645	1.74727	0.0270371	294.77	54.5395	78.9775
2784.789	13081.7	13089	0.236086	0.193236	1.71604	0.0289391	285.677	54.6755	78.9871
2785.075	13114.9	13089	0.251283	0.201105	1.71914	0.0268446	298.559	54.6755	79.0035
2785.362	13105.9	13089	0.2417	0.197752	1.72179	0.0284113	296.502	54.6755	79.0223
2785.505	13066.8	13089	0.226685	0.173745	1.71996	0.0272975	298.451	54.6755	79.0302
2785.648	13092.7	13089	0.233286	0.280991	1.71996	0.0298872	281.996	54.6755	79.0393
2785.807	13068.6	13089	0.201986	0.243141	1.71581	0.0270278	289.899	54.8188	79.0495
2785.966	13118.4	13089	0.24202	0.222216	1.71581	0.0266276	291.306	54.8188	79.0582
2786.126	13101	13089	0.241718	0.262033	1.7191	0.0273462	293.363	54.8188	79.0672
2786.269	13103.9	13089	0.232598	0.234295	1.71991	0.0296911	282.971	54.8188	79.0763
2786.428	13122.7	13089	0.264905	0.275369	1.71991	0.0302064	283.187	54.8188	79.0854
2786.587	13092.2	13089	0.215338	0.274331	1.71601	0.0286117	289.899	54.8188	79.0956
2786.746	13093.9	13089	0.231776	0.210993	1.71601	0.0268803	293.471	54.9623	79.1043
2786.906	13116.7	13089	0.260102	0.234839	1.71989	0.0267608	293.363	54.9623	79.1133
2787.065	13080.2	13089	0.221961	0.243774	1.73652	0.0282836	298.775	54.9623	79.1254
2787.273	13101.4	13089	0.228738	0.190221	1.76638	0.0279532	299.533	54.9623	79.1418
2787.431	13088.9	13089	0.223211	0.242734	1.76638	0.0285874	289.79	54.9623	79.1572
2787.590	13071.5	13089	0.191306	0.221942	1.73024	0.0295251	282.538	54.9623	79.1714
2787.749	13092.3	13089	0.227588	0.190816	1.73024	0.0290157	276.475	55.0962	79.1812
2787.893	13064.2	13089	0.218627	0.212478	1.7214	0.0282044	306.028	55.0962	79.1898
2788.036	13118.3	13089	0.25448	0.228333	1.7214	0.0265903	293.796	55.0962	79.1982
2788.179	13088.1	13089	0.214125	0.211948	1.71512	0.0299811	284.27	55.0962	79.2046
2788.323	13089	13089	0.237665	0.224973	1.71742	0.028856	304.946	55.0962	79.2124
2788.466	13092.5	13089	0.220367	0.194305	1.71742	0.0264727	294.878	55.0962	79.2205
2788.752	13112.5	13089	0.250473	0.211532	1.72025	0.0286274	301.373	55.2394	79.2358
2788.896	13082.6	13089	0.202024	0.224266	1.71743	0.0270649	297.693	55.2394	79.244
2789.039	13078.3	13089	0.223984	0.265907	1.71743	0.0298091	281.78	55.2394	79.252
2789.182	13078.4	13089	0.208207	0.173393	1.71588	0.028277	300.507	55.2394	79.2585
2789.326	13065.4	13089	0.218693	0.226471	1.71833	0.027626	296.719	55.2394	79.2665
2789.469	13106	13089	0.251042	0.240093	1.71833	0.0296629	280.048	55.2394	79.2748
2789.612	13089.1	13089	0.199531	0.209098	1.7183	0.0286746	301.049	55.2394	79.283
2789.755	13087.2	13089	0.22997	0.232268	1.7183	0.0272584	297.801	55.3832	79.2899
2789.899	13079.5	13089	0.191325	0.213188	1.71552	0.0284516	285.244	55.3832	79.2979
2790.042	13071.8	13089	0.220722	0.210163	1.71552	0.0290723	298.559	55.3832	79.3058
2790.185	13113.1	13089	0.246753	0.203318	1.75166	0.0259898	298.449	55.3832	79.3187
2790.328	13071.1	13089	0.19385	0.258712	1.75166	0.0289313	287.409	55.3832	79.3296
2790.471	13101.1	13089	0.241917	0.213283	1.76545	0.028908	294.337	55.3832	79.3442
2790.615	13079.1	13089	0.185528	0.194147	1.71514	0.0268651	301.049	55.3832	79.3561
2790.758	13072.9	13089	0.224113	0.257267	1.71514	0.0289873	284.594	55.5153	79.3621
2790.901	13100.4	13089	0.241436	0.178032	1.71807	0.0286693	292.605	55.5153	79.3695
2791.044	13079.8	13089	0.194891	0.250391	1.71807	0.0274204	299.966	55.5153	79.3772
2791.394	13060	13089	0.22598	0.200919	1.7165	0.0271226	300.399	55.5153	79.3956
2791.713	13078.9	13089	0.240123	0.222768	1.71599	0.0288365	305.162	55.6545	79.4117
2791.856	13085.4	13089	0.230873	0.201223	1.71599	0.026981	293.796	55.6545	79.418
2792.015	13111.9	13089	0.258708	0.234171	1.71814	0.0272927	295.961	55.6545	79.4269
2792.174	13075.1	13089	0.207596	0.264758	1.7158	0.0287285	300.074	55.6545	79.4344
2792.334	13093.9	13089	0.243999	0.206931	1.7158	0.027741	303.538	55.6545	79.442
2792.493	13106.9	13089	0.266848	0.232567	1.71504	0.0280517	305.92	55.6545	79.4505
2792.811	13087.7	13089	0.230785	0.187145	1.71981	0.0289799	300.94	55.7942	79.4675
2793.130	13075.1	13089	0.222704	0.249425	1.71981	0.0295524	280.806	55.7942	79.4836
2793.289	13086	13089	0.220431	0.207716	1.75975	0.0299799	282.429	55.7942	79.4995
2793.433	13086.3	13089	0.234139	0.245526	1.75131	0.029192	304.946	55.7942	79.5103
2793.575	13110.1	13089	0.235469	0.196254	1.75131	0.0257908	296.827	55.7942	79.5223
2793.862	13111.3	13089	0.244725	0.206604	1.71943	0.0281247	303.538	55.9242	79.5387
2794.005	13072.5	13089	0.210023	0.208895	1.71389	0.0269457	296.827	55.9242	79.5445
2794.149	13104.7	13089	0.225485	0.287595	1.71389	0.0301606	280.048	55.9242	79.5513
2794.292	13086.9	13089	0.219187	0.186095	1.71701	0.0284095	304.188	55.9242	79.5586
2794.435	13060	13089	0.186748	0.255879	1.71701	0.0274448	298.451	55.9242	79.566
2794.578	13114.3	13089	0.244125	0.230188	1.71866	0.0296302	279.398	55.9242	79.5722
2794.722	13073.5	13089	0.209849	0.223864	1.7168	0.0291884	300.832	56.0614	79.5796
2794.865	13116.8	13089	0.233089	0.25563	1.7168	0.0277777	296.394	56.0614	79.5869
2795.008	13097.4	13089	0.208855	0.233954	1.71574	0.0294036	285.352	56.0614	79.593
2795.151	13069.8	13089	0.206033	0.237982	1.71574	0.0293926	301.265	56.0614	79.6001
2795.295	13097	13089	0.257729	0.19916	1.71642	0.0272757	299.533	56.0614	79.6074
2795.438	13071	13089	0.204539	0.265537	1.71642	0.0301128	287.192	56.0614	79.6147
2795.581	13117.6	13089	0.255616	0.244942	1.71493	0.0291001	291.631	56.0614	79.6205
2795.725	13092.1	13089	0.225801	0.212469	1.71463	0.0267966	299.966	56.2013	79.6276
2795.868	13078.1	13089	0.22165	0.279632	1.71463	0.029798	284.811	56.2013	79.6346
2796.012	13101.7	13089	0.251784	0.188633	1.7286	0.0290322	290.873	56.2013	79.6427
2796.154	13070	13089	0.224296	0.243419	1.7286	0.0272139	301.157	56.2013	79.6502
2796.298	13116.1	13089	0.261455	0.278772	1.76776	0.0291411	283.295	56.2013	79.6629
2796.441	13094.9	13089	0.214325	0.210838	1.76776	0.0292171	294.554	56.2013	79.6772
2796.584	13086.3	13089	0.233185	0.253975	1.73005	0.0279352	301.482	56.2013	79.6845
2796.727	13105.5	13089	0.240063	0.212955	1.73005	0.0283898	286.543	56.3318	79.6931
2796.886	13091.8	13089	0.256682	0.236598	1.71972	0.027763	287.517	56.3318	79.7016
2797.045	13061.3	13089	0.194163	0.214328	1.71757	0.0267432	293.471	56.3318	79.7089
2797.205	13094.4	13089	0.216429	0.179341	1.71757	0.0269299	297.26	56.3318	79.716
2797.348	13061.3	13089	0.217336	0.265697	1.71353	0.0299978	284.594	56.3318	79.7227
2797.507	13085.1	13089	0.223757	0.198675	1.71353	0.028196	288.383	56.3318	79.7293
2797.666	13116.6	13089	0.271641	0.228645	1.71639	0.0273865	289.249	56.3318	79.7375
2797.825	13079	13089	0.237753	0.26869	1.71722	0.0280221	293.579	56.4674	79.7445
2797.985	13077.9	13089	0.231287	0.204313	1.71722	0.0270912	298.992	56.4674	79.7517
2798.144	13106.3	13089	0.27664	0.213885	1.71378	0.0271677	300.291	56.4674	79.7595
2798.303	13071.1	13089	0.24022	0.227744	1.71534	0.0286379	303.971	56.4674	79.7664
2798.462	13073	13089	0.210219	0.184588	1.71534	0.0278052	306.137	56.4674	79.7745
2798.621	13111.9	13089	0.259992	0.187393	1.71638	0.0279674	298.451	56.4674	79.7816
2798.780	13087.3	13089	0.244305	0.228727	1.71638	0.0290081	290.44	56.6032	79.7886
2798.924	13105	13089	0.232657	0.21502	1.71307	0.0266139	300.616	56.6032	79.7953
2799.067	13075.6	13089	0.201542	0.253036	1.73699	0.0289043	288.167	56.6032	79.8037
2799.210	13090	13089	0.234454	0.212357	1.73699	0.0286409	287.95	56.6032	79.8121
2799.497	13093	13089	0.238325	0.269026	1.76888	0.0285676	287.301	56.6032	79.8387
2799.640	13097.1	13089	0.241004	0.216656	1.7218	0.0294306	286.543	56.6032	79.8472
2799.784	13076.8	13089	0.202387	0.255222	1.7218	0.0278472	302.239	56.7293	79.8534
2799.927	13098.3	13089	0.246157	0.242493	1.71155	0.0282027	286.651	56.7293	79.8595
2800.261	13086	13089	0.21377	0.23417	1.71729	0.0287737	298.992	56.7293	79.874
2800.547	13061.3	13089	0.193574	0.237654	1.71598	0.0303532	285.569	56.7293	79.8876
2800.691	13091.6	13089	0.268451	0.220774	1.7145	0.0299613	295.203	56.8627	79.8942
2800.834	13099	13089	0.227858	0.213008	1.7145	0.0275599	300.399	56.8627	79.8997
2800.977	13081	13089	0.229417	0.26257	1.71585	0.0304191	287.734	56.8627	79.9066
2801.121	13079.3	13089	0.227789	0.174919	1.71546	0.028787	290.873	56.8627	79.9135
2801.264	13061.2	13089	0.187103	0.212689	1.71546	0.0280001	299.966	56.8627	79.9202
2801.407	13095.2	13089	0.258103	0.224222	1.71305	0.02845	284.703	56.8627	79.9258
2801.550	13078.3	13089	0.207621	0.217778	1.71305	0.0294509	291.306	56.8627	79.9324
2801.694	13086.8	13089	0.226965	0.253644	1.71507	0.0288256	301.59	56.999	79.9391
2801.837	13080.2	13089	0.22613	0.207256	1.71507	0.0289366	290.223	56.999	79.9461
2802.123	13107.7	13089	0.25637	0.200922	1.75185	0.0266868	301.806	56.999	79.9611
2802.267	13075.3	13089	0.199184	0.236742	1.75185	0.0290491	290.548	56.999	79.9731
2802.426	13114.9	13089	0.236386	0.220019	1.75417	0.027364	290.115	56.999	79.9851
2802.585	13096.1	13089	0.214884	0.274977	1.75417	0.0273883	294.229	56.999	79.9971
2802.744	13083.8	13089	0.201126	0.245336	1.71915	0.030117	283.728	57.1257	80.0061
2802.891	13114.8	13089	0.256553	0.214008	1.71653	0.029168	304.404	57.1257	80.0129
2803.050	13087.3	13089	0.200392	0.230745	1.71653	0.0293045	299.208	57.1257	80.0196
2803.210	13112.5	13089	0.217349	0.180479	1.71331	0.0292662	286.868	57.1257	80.026
2803.369	13120.9	13089	0.251381	0.256178	1.71331	0.0295093	278.208	57.1257	80.0333
2803.528	13093.7	13089	0.202182	0.271715	1.71698	0.0294523	283.62	57.1257	80.0401
2803.687	13108.9	13089	0.232038	0.227793	1.71643	0.0291928	287.192	57.2577	80.0468
2803.846	13113.5	13089	0.254106	0.237136	1.71643	0.0289384	286.435	57.2577	80.0547
2804.165	13093.6	13089	0.215182	0.20637	1.71349	0.0266686	296.827	57.2577	80.0688
2804.324	13114.7	13089	0.249154	0.214412	1.71613	0.0277109	298.667	57.2577	80.0756
2804.611	13094.1	13089	0.212689	0.212535	1.71389	0.0291663	294.878	57.2577	80.0877
2804.755	13095.4	13089	0.244327	0.184179	1.71335	0.026317	301.265	57.3925	80.0942
2804.897	13083.5	13089	0.20885	0.28147	1.71335	0.0289543	287.192	57.3925	80.1008
2805.041	13122	13089	0.251115	0.193692	1.71828	0.0288211	291.739	57.3925	80.1079
2805.184	13065.1	13089	0.188942	0.224819	1.71828	0.0267562	301.157	57.3925	80.1151
2805.327	13093.1	13089	0.217596	0.258516	1.7675	0.0286511	282.538	57.3925	80.1292
2805.470	13090.8	13089	0.230243	0.155866	1.73902	0.0288228	292.172	57.3925	80.1411
2805.614	13083.5	13089	0.215655	0.285687	1.73902	0.0281125	300.507	57.3925	80.1508
2805.757	13123.4	13089	0.24222	0.233741	1.7129	0.02902	288.275	57.515	80.157
2805.900	13063.7	13089	0.199598	0.228062	1.7129	0.0292228	291.522	57.515	80.163
2806.186	13078.5	13089	0.212915	0.202623	1.71776	0.0283578	290.115	57.515	80.1753
2806.330	13093.9	13089	0.222767	0.254854	1.71341	0.0295317	285.46	57.515	80.1815
2806.473	13120	13089	0.250066	0.208511	1.71341	0.0275108	303.43	57.515	80.1878
2806.616	13064.1	13089	0.202321	0.267686	1.71433	0.0287497	292.713	57.515	80.1942
2806.760	13104.6	13089	0.246097	0.202235	1.71557	0.0295492	278.857	57.645	80.1996
2806.903	13081	13089	0.221305	0.191555	1.71557	0.0278993	304.08	57.645	80.2062
2807.046	13097.5	13089	0.250837	0.27397	1.7136	0.0285252	288.491	57.645	80.2127
2807.189	13116	13089	0.250051	0.204386	1.7136	0.0296917	284.053	57.645	80.2191
2807.332	13073.4	13089	0.213078	0.248272	1.71289	0.0283792	304.837	57.645	80.2243
2807.476	13105	13089	0.246162	0.229123	1.71289	0.0276613	289.033	57.645	80.2308
2807.762	13100.9	13089	0.264047	0.239556	1.71741	0.0285526	304.08	57.7753	80.2432
2808.080	13096	13089	0.231762	0.182963	1.72748	0.0279835	301.806	57.7753	80.2593
2808.240	13093.1	13089	0.240658	0.212261	1.72748	0.0294689	287.734	57.7753	80.2701
2808.383	13101.4	13089	0.218021	0.201186	1.76653	0.027622	302.456	57.7753	80.2816
2808.542	13122.9	13089	0.245916	0.221687	1.72873	0.0277332	303.971	57.7753	80.2948
2808.701	13088	13089	0.204457	0.25086	1.72873	0.0288037	305.595	57.8986	80.303
2808.860	13100.9	13089	0.224098	0.214592	1.71486	0.0287867	300.507	57.8986	80.3099
2809.020	13129.6	13089	0.265276	0.232403	1.71486	0.028975	285.785	57.8986	80.3172
2809.338	13082	13089	0.216168	0.232105	1.71758	0.0302093	284.486	57.8986	80.3299
2809.497	13117.6	13089	0.250616	0.235083	1.71758	0.0288178	281.563	57.8986	80.3378
2809.895	13087.3	13089	0.225691	0.273175	1.71344	0.0276071	293.255	58.0297	80.3544
2810.038	13096	13089	0.236242	0.190902	1.71344	0.029699	282.538	58.0297	80.3596
2810.182	13069.4	13089	0.19083	0.218467	1.71578	0.0280598	305.92	58.0297	80.3662
2810.325	13101	13098.8	0.264158	0.223138	1.7183	0.0261111	290.656	58.0297	80.3729
2810.468	13093.2	13117.5	0.24852	0.235879	1.7183	0.0286426	280.156	58.0297	80.3799
2810.612	13135.3	13136.2	0.265993	0.287918	1.74255	0.0275002	305.812	58.0297	80.3874
2811.041	13204.6	13192.3	0.276023	0.206987	1.75748	0.0271582	305.379	58.1583	80.4219
2811.185	13193.3	13211	0.240526	0.243974	1.79149	0.0263521	293.471	58.1583	80.436
2811.328	13257	13229.7	0.260325	0.296726	1.79149	0.0292967	274.31	58.1583	80.4531
2811.614	13255	13267.1	0.245764	0.271376	1.76824	0.0266299	294.77	58.1583	80.4872
2811.758	13284.8	13285.8	0.243066	0.234623	1.76824	0.0287103	279.507	58.2884	80.4976
2812.044	13328.2	13323.2	0.281683	0.210853	1.77227	0.0253077	294.554	58.2884	80.5233
2812.187	13328.9	13341.9	0.224884	0.311088	1.77239	0.029428	280.589	58.2884	80.5339
2812.331	13377.7	13360.6	0.288323	0.226952	1.77239	0.0273095	302.239	58.2884	80.5466
2812.474	13345.2	13379.3	0.220263	0.264182	1.77969	0.0264188	297.585	58.2884	80.5602
2812.760	13395	13416.7	0.239797	0.234086	1.78025	0.0274113	301.59	58.4313	80.5847
2812.904	13445	13435.4	0.29397	0.256325	1.78733	0.0260286	295.528	58.4313	80.5984
2813.047	13439.2	13454.1	0.23555	0.279245	1.78733	0.0283109	283.187	58.4313	80.6125
2813.365	13505.4	13495.6	0.286745	0.253474	1.78974	0.0261676	286.868	58.4313	80.643
2813.524	13494.2	13516.4	0.247954	0.266689	1.78965	0.0263659	290.656	58.4313	80.6568
2813.922	13534.5	13568.4	0.231937	0.254536	1.79883	0.0268196	301.049	58.5802	80.6959
2814.066	13589.7	13587	0.294128	0.223254	1.79883	0.0258595	285.785	58.5802	80.7104
2814.225	13603.9	13607.8	0.281396	0.269305	1.84862	0.0251955	287.95	58.5802	80.7298
2814.384	13614	13628.6	0.228668	0.259766	1.84862	0.0260102	292.172	58.5802	80.7512
2814.543	13617.6	13649.4	0.226141	0.24306	1.83973	0.0259871	297.909	58.5802	80.7741
2814.702	13659.5	13670.2	0.258813	0.211212	1.81324	0.0254323	302.889	58.7251	80.7914
2814.862	13689.5	13690.9	0.284648	0.252742	1.81324	0.0262343	304.837	58.7251	80.8065
2815.021	13709.3	13711.7	0.260768	0.268404	1.81166	0.0272471	303.105	58.7251	80.8238
2815.180	13716	13732.5	0.249555	0.264907	1.81166	0.0275691	295.528	58.7251	80.8387
2815.498	13785.3	13774.1	0.261293	0.241868	1.8175	0.0272763	277.991	58.7251	80.8727
2815.642	13801.6	13792.7	0.25626	0.288724	1.8175	0.0269222	304.08	58.7251	80.8875
2815.785	13803.9	13811.4	0.24792	0.253596	1.83083	0.0251342	290.656	58.8869	80.9014
2815.928	13827.2	13830.1	0.268864	0.314329	1.83083	0.0280888	272.903	58.8869	80.9177
2816.072	13829.4	13848.8	0.217015	0.251517	1.82799	0.0254711	306.353	58.8869	80.9335
2816.215	13875.3	13867.5	0.281887	0.244885	1.83398	0.0237551	292.497	58.8869	80.9467
2816.358	13858.6	13886.2	0.220827	0.293259	1.83398	0.0273467	276.475	58.8869	80.963
2816.501	13925.2	13904.9	0.289419	0.225285	1.83772	0.0262061	305.595	58.8869	80.9794
2816.644	13911.3	13923.6	0.257983	0.267134	1.83772	0.0252598	289.141	58.8869	80.9958
2816.788	13958.2	13942.3	0.291752	0.246921	1.83979	0.0279032	276.367	59.0521	81.0096
2816.931	13969.8	13961	0.289562	0.288998	1.83979	0.0266067	305.812	59.0521	81.0259
2817.074	13972.1	13979.7	0.248691	0.244784	1.85715	0.0250175	294.554	59.0521	81.0447
2817.217	14023.4	13998.4	0.286696	0.331477	1.85715	0.0281468	272.687	59.0521	81.0653
2817.361	14018.1	14017.1	0.240586	0.263254	1.89811	0.0273718	303.755	59.0521	81.0857
2817.504	14062.7	14035.8	0.30719	0.24848	1.87658	0.0249048	293.471	59.0521	81.1086
2817.647	14045.4	14054.5	0.264453	0.32648	1.87658	0.0283607	275.934	59.0521	81.1289
2817.791	14075.5	14073.3	0.259942	0.225201	1.85816	0.0253449	303.863	59.2134	81.1442
2817.934	14069.2	14092	0.258328	0.277088	1.85816	0.0243428	294.121	59.2134	81.1612
2818.077	14079.5	14110.7	0.231203	0.278682	1.85975	0.0267989	281.455	59.2134	81.1783
2818.363	14127.8	14148	0.231593	0.26794	1.87229	0.0241554	293.579	59.2134	81.2109
2818.507	14183.4	14166.7	0.25184	0.250361	1.87229	0.0269661	276.584	59.2134	81.2291
2818.650	14181.2	14185.4	0.288061	0.269787	1.86558	0.0249109	298.234	59.2134	81.2462
2818.793	14188.2	14204.1	0.243869	0.233183	1.87595	0.0245756	295.961	59.3896	81.2639
2818.937	14231.5	14222.8	0.321731	0.252542	1.87595	0.0255909	278.208	59.3896	81.2791
2819.096	14246.8	14243.6	0.289411	0.252759	1.87838	0.0249886	281.455	59.3896	81.3004
2819.255	14252.5	14264.4	0.277421	0.314322	1.87838	0.0252771	273.228	59.3896	81.3185
2819.417	14302.1	14285.5	0.29065	0.332138	1.87927	0.0275013	273.228	59.3896	81.3395
2819.719	14322.5	14325	0.242785	0.269885	1.88257	0.0262463	289.682	59.5695	81.3755
2819.879	14335.8	14345.8	0.28079	0.242437	1.89435	0.0251206	279.615	59.5695	81.3948
2820.197	14385.6	14387.4	0.276121	0.261624	1.91127	0.0258309	280.048	59.5695	81.4398
2820.356	14421.9	14408.1	0.30221	0.263124	1.94544	0.0269416	282.321	59.5695	81.4647
2820.515	14454.8	14428.9	0.301766	0.275639	1.94544	0.0237617	284.486	59.5695	81.4909
2820.674	14469.7	14449.7	0.326319	0.241802	1.90624	0.0236192	290.332	59.5695	81.5147
2820.834	14476.5	14470.5	0.290767	0.256328	1.90861	0.0244259	293.363	59.7455	81.5341
2820.993	14499.9	14491.2	0.290351	0.265496	1.90861	0.0237103	297.909	59.7455	81.5567
2821.136	14474.8	14509.9	0.240359	0.337868	1.90769	0.0263061	280.156	59.7455	81.5726
2821.280	14519	14528.6	0.243951	0.227999	1.90769	0.0241016	292.172	59.7455	81.5913
2821.423	14556.3	14547.4	0.295043	0.254645	1.91023	0.0229134	298.884	59.7455	81.6103
2821.566	14538.2	14566.1	0.254883	0.338036	1.91023	0.0248136	279.831	59.7455	81.6259
2821.709	14575.3	14584.8	0.245058	0.240701	1.92077	0.0239756	290.115	59.9335	81.646
2821.853	14606.8	14603.5	0.28638	0.260166	1.92004	0.0222565	301.049	59.9335	81.6658
2821.996	14602	14622.2	0.278781	0.334984	1.92004	0.0255157	280.481	59.9335	81.6853
2822.139	14607.4	14640.8	0.247601	0.262392	1.92715	0.0247406	284.703	59.9335	81.7019
2822.282	14665.9	14659.5	0.293609	0.248204	1.92715	0.0217945	298.667	59.9335	81.7221
2822.426	14657.8	14678.2	0.286402	0.319744	1.92853	0.023355	279.29	59.9335	81.7421
2822.569	14662.7	14696.9	0.255794	0.28197	1.92853	0.0243965	280.806	59.9335	81.762
2822.855	14730	14734.3	0.318292	0.309203	1.93208	0.0230211	283.187	60.1314	81.799
2822.999	14722.6	14753	0.279681	0.2948	1.94296	0.0262183	277.558	60.1314	81.8203
2823.142	14763.6	14771.7	0.276171	0.269882	1.97362	0.0222516	303.214	60.1314	81.8396
2823.285	14806.8	14790.4	0.317328	0.296122	1.97362	0.0227353	284.053	60.1314	81.8652
2823.428	14797.3	14809.1	0.292928	0.304297	1.99228	0.0256778	273.877	60.1314	81.8925
2823.572	14829.8	14827.8	0.285004	0.305051	1.99228	0.024386	303.863	60.1314	81.9203
2823.715	14867.8	14846.5	0.285692	0.295178	1.95745	0.0210567	287.95	60.3234	81.9383
2823.858	14880.2	14865.2	0.308173	0.28303	1.95745	0.025393	272.145	60.3234	81.9598
2824.001	14872.1	14883.9	0.288287	0.310817	1.95911	0.023589	304.08	60.3234	81.9813
2824.145	14905.4	14902.6	0.275689	0.325545	1.96794	0.0222734	283.404	60.3234	82.003
2824.288	14946.7	14921.3	0.310606	0.266619	1.96794	0.0257705	274.202	60.3234	82.0216
2824.431	14950.4	14940.1	0.341985	0.263322	1.96941	0.0236606	307.003	60.3234	82.0438
2824.590	14974.8	14960.8	0.306912	0.250887	1.96941	0.0237411	307.544	60.3234	82.0658
2824.909	15017.7	15002.4	0.318912	0.269483	1.97426	0.0233366	282.429	60.5317	82.1143
2825.052	15024.3	15021.1	0.325357	0.304649	1.98313	0.0218673	302.456	60.5317	82.1375
2825.211	15049.1	15041.9	0.329588	0.260553	1.98617	0.0225114	307.869	60.5317	82.1607
2825.370	15068.5	15062.6	0.308205	0.267217	1.98617	0.0240249	304.188	60.5317	82.1877
2825.529	15111.7	15083.4	0.316569	0.265148	1.9911	0.0231116	294.012	60.5317	82.2112
2825.689	15110.9	15104.2	0.305925	0.235945	1.99853	0.0249914	281.347	60.5317	82.2348
2825.848	15118.1	15125	0.277358	0.278336	1.99853	0.0244232	276.8	60.7487	82.2628
2826.214	15174.7	15172.7	0.278243	0.325779	2.04969	0.021203	289.682	60.7487	82.3225
2826.373	15172.9	15193.5	0.302084	0.312238	2.04969	0.0222281	292.064	60.7487	82.3589
2826.532	15184.3	15214.3	0.264381	0.334959	2.03933	0.0217575	298.884	60.7487	82.388
2826.676	15211.8	15233	0.272036	0.349856	2.03933	0.0242984	279.723	60.7487	82.416
2827.010	15273.1	15276.6	0.311079	0.267406	2.03289	0.0232149	305.812	60.9641	82.4716
2827.153	15266.2	15295.3	0.295639	0.329534	2.03289	0.0208285	292.605	60.9641	82.4977
2827.297	15288.9	15314	0.278281	0.399186	2.03193	0.0256753	268.681	60.9641	82.5234
2827.440	15337.1	15332.7	0.298698	0.30175	2.03193	0.0236652	299.858	60.9641	82.5444
2827.584	15365.3	15351.4	0.319025	0.308452	2.04279	0.0212916	293.688	60.9641	82.5712
2827.726	15390.3	15370.1	0.33226	0.328461	2.04279	0.0244161	271.821	61.1935	82.5981
2827.870	15393.4	15388.8	0.348716	0.282658	2.05119	0.0235049	291.847	61.1935	82.6254
2828.013	15382.6	15407.5	0.317792	0.318088	2.05964	0.0215863	293.363	61.1935	82.6484
2828.156	15403.6	15426.2	0.287271	0.383227	2.05964	0.0240038	274.31	61.1935	82.6765
2828.299	15435.5	15444.9	0.283264	0.27871	2.06262	0.0225103	292.713	61.1935	82.7044
2828.443	15467.4	15463.6	0.317977	0.281864	2.06262	0.0209896	295.42	61.1935	82.7275
2828.586	15486.2	15482.3	0.34322	0.327707	2.06988	0.0234852	271.821	61.1935	82.7559
2828.729	15514	15501	0.343984	0.292456	2.06988	0.022784	288.058	61.4328	82.7845
2829.063	15527.4	15544.6	0.305647	0.348871	2.09731	0.0201589	287.517	61.4328	82.8501
2829.207	15561.9	15563.3	0.29626	0.397914	2.09731	0.0236326	267.166	61.4328	82.8815
2829.350	15583.9	15582.1	0.3354	0.264596	2.13919	0.0221427	301.915	61.4328	82.9185
2829.494	15611.2	15600.8	0.329758	0.278214	2.13919	0.0207768	292.93	61.4328	82.9498
2829.637	15630.7	15619.5	0.337922	0.341427	2.11411	0.0225256	273.661	61.4328	82.9822
2829.780	15620.4	15638.2	0.336297	0.297961	2.10681	0.0212604	299.1	61.6695	83.0139
2829.923	15635.4	15656.9	0.32869	0.336444	2.10681	0.0215359	291.847	61.6695	83.0441
2830.067	15663.8	15675.6	0.316867	0.396946	2.12595	0.0244233	263.702	61.6695	83.0707
2830.225	15682.3	15696.3	0.348277	0.349591	2.12595	0.0201589	272.687	61.6695	83.1089
2830.385	15717.6	15707	0.347161	0.297921	2.13362	0.0197298	282.971	61.6695	83.1422
2830.544	15744.6	15707	0.328225	0.289723	2.13362	0.0206406	288.491	61.6695	83.174
2830.687	15729.3	15707	0.337465	0.289146	2.09347	0.025305	267.491	61.6695	83.1995
2830.846	15710.5	15707	0.276417	0.34115	2.06967	0.0234159	272.145	61.9261	83.2262
2831.005	15698.4	15707	0.289655	0.370877	2.06967	0.0229873	274.419	61.9261	83.2472
2831.324	15730.5	15707	0.327662	0.310016	2.06012	0.0191157	289.357	61.9261	83.2891
2831.483	15708.8	15707	0.321858	0.256655	2.06012	0.0200326	292.064	61.9261	83.308
2831.642	15679.4	15707	0.292977	0.30177	2.05863	0.0207776	296.069	61.9261	83.3266
2831.801	15698.9	15707	0.290934	0.328731	2.05863	0.021478	302.023	62.1772	83.3481
2831.960	15710.3	15707	0.307671	0.289282	2.06435	0.0221485	307.544	62.1772	83.3673
2832.120	15731.8	15707	0.33965	0.262199	2.09669	0.0228883	303.43	62.1772	83.3892
2832.263	15721.3	15707	0.342402	0.292264	2.09669	0.0197987	291.09	62.1772	83.4135
2832.406	15701.8	15707	0.341262	0.337987	2.1074	0.0234854	267.058	62.1772	83.4387
2832.549	15694.6	15707	0.310031	0.286059	2.1074	0.0215787	298.126	62.1772	83.4642
2832.693	15685.7	15707	0.28047	0.327915	2.07326	0.0209386	295.853	62.4119	83.4802
2832.836	15686.4	15707	0.272167	0.390276	2.07326	0.0238415	272.795	62.4119	83.4993
2832.979	15709.3	15707	0.291684	0.285377	2.06766	0.0235356	297.26	62.4119	83.5174
2833.123	15731	15707	0.304894	0.299807	2.06107	0.0212666	293.904	62.4119	83.5349
2833.266	15731.3	15707	0.335585	0.296213	2.06107	0.0219129	275.609	62.4119	83.549
2833.409	15724.3	15707	0.341001	0.246153	2.06375	0.02205	290.332	62.4119	83.566
2833.552	15712.9	15707	0.31573	0.291802	2.06375	0.0198228	300.074	62.4119	83.5832
2833.696	15690.8	15707	0.30798	0.378149	2.06551	0.0224528	273.661	62.6552	83.6005
2833.839	15688.3	15707	0.301099	0.297717	2.06551	0.0225319	286.326	62.6552	83.6149
2833.982	15697.8	15707	0.293932	0.342092	2.0713	0.0204613	293.146	62.6552	83.6331
2834.125	15706.6	15707	0.288288	0.371777	2.0713	0.0228982	274.31	62.6552	83.6509
2834.412	15723.3	15707	0.287183	0.272825	2.06538	0.0202881	301.698	62.6552	83.6821
2834.555	15720.6	15707	0.303743	0.305784	2.06538	0.0199367	284.053	62.6552	83.6989
2834.698	15719.4	15707	0.321798	0.274929	2.06569	0.0223783	281.239	62.8976	83.7156
2834.842	15716.3	15707	0.333084	0.299502	2.06569	0.0217194	299.208	62.8976	83.7295
2834.985	15713.2	15707	0.339918	0.336956	2.06262	0.02095	276.259	62.8976	83.7457
2835.128	15693.9	15707	0.310984	0.305334	2.06262	0.0233396	274.094	62.8976	83.7628
2835.271	15687.2	15707	0.283109	0.304051	2.10007	0.0219544	301.59	62.8976	83.7851
2835.415	15693.7	15707	0.268464	0.340037	2.10336	0.0212302	283.187	62.8976	83.8036
2835.558	15694.9	15707	0.275247	0.280679	2.10336	0.0232891	280.048	62.8976	83.826
2835.717	15705.1	15707	0.29814	0.359604	2.06435	0.0241608	268.032	63.1255	83.8448
2835.876	15698.3	15707	0.295193	0.376386	2.06435	0.0229152	269.764	63.1255	83.8628
2836.036	15735.1	15707	0.333869	0.343822	2.06817	0.022597	277.775	63.1255	83.8789
2836.179	15717.9	15707	0.331715	0.288774	2.06612	0.0228783	293.255	63.1255	83.8947
2836.338	15730.3	15707	0.317757	0.251927	2.06612	0.0224857	280.806	63.1255	83.9102
2836.497	15716.2	15707	0.291308	0.321511	2.06673	0.023641	271.821	63.1255	83.9284
2836.656	15684.9	15707	0.290857	0.351108	2.06673	0.0245055	266.408	63.1255	83.944
2836.815	15679.3	15707	0.296904	0.395709	2.06666	0.0242898	273.661	63.3616	83.9595
2836.975	15727.4	15707	0.329267	0.32362	2.06262	0.0206189	281.455	63.3616	83.9773
2837.134	15729.5	15707	0.314306	0.274078	2.06262	0.0191979	290.115	63.3616	83.9921
2837.293	15713.5	15707	0.288104	0.305751	2.06653	0.0209073	292.497	63.3616	84.0073
2837.453	15687.3	15707	0.297759	0.304631	2.06653	0.0214032	292.172	63.3616	84.0248
2837.611	15689.1	15707	0.315934	0.311151	2.05998	0.0216177	301.59	63.3616	84.0391
2837.755	15668.4	15707	0.293318	0.365794	2.06394	0.0225523	278.208	63.6009	84.0536
2837.898	15695.1	15707	0.283736	0.332428	2.06394	0.0237793	274.96	63.6009	84.0684
2838.041	15708.3	15707	0.309317	0.291433	2.07235	0.0209236	300.507	63.6009	84.0818
2838.185	15717.1	15707	0.319516	0.289348	2.07235	0.0215203	277.883	63.6009	84.0979
2838.328	15715.6	15707	0.312066	0.275608	2.11208	0.0226814	275.609	63.6009	84.1209
2838.471	15718.4	15707	0.308083	0.285448	2.11208	0.0206475	301.482	63.6009	84.139
2838.758	15719	15707	0.326208	0.322149	2.06606	0.0226182	271.063	63.8259	84.174
2838.901	15704.4	15707	0.319037	0.300958	2.06606	0.0217357	299.75	63.8259	84.1883
2839.044	15680.8	15707	0.321183	0.318995	2.06497	0.0205665	278.965	63.8259	84.2003
2839.187	15688.5	15707	0.275535	0.324911	2.06497	0.0244071	268.14	63.8259	84.2144
2839.331	15694.1	15707	0.274111	0.290027	2.06416	0.0226417	305.595	63.8259	84.2285
2839.617	15733.2	15707	0.314086	0.304517	2.06818	0.0243308	272.578	63.8259	84.2549
2839.760	15737.3	15707	0.339268	0.267958	2.06818	0.0215186	306.028	64.0591	84.2695
2839.904	15722.3	15707	0.346815	0.280451	2.06588	0.0183706	286.976	64.0591	84.2838
2840.047	15702.1	15707	0.329065	0.320529	2.07026	0.0241408	263.702	64.0591	84.2984
2840.190	15690.3	15707	0.297162	0.303404	2.07026	0.0213479	308.843	64.0591	84.3109
2840.333	15678	15707	0.283273	0.33868	2.06808	0.0211118	285.677	64.0591	84.3256
2840.477	15689.5	15707	0.283497	0.372815	2.06808	0.0235525	267.491	64.0591	84.3401
2840.620	15719.6	15707	0.281872	0.306408	2.06685	0.0218924	305.379	64.0591	84.352
2840.763	15730.2	15707	0.309784	0.286023	2.06685	0.019665	285.46	64.2921	84.3662
2840.906	15729.5	15707	0.328394	0.283408	2.06233	0.023964	268.573	64.2921	84.3798
2841.050	15727.3	15707	0.312736	0.25913	2.08009	0.021218	307.111	64.2921	84.3944
2841.209	15711.5	15707	0.301858	0.290138	2.08009	0.0232714	296.935	64.2921	84.4109
2841.368	15702.2	15707	0.308579	0.283248	2.11411	0.0236447	278.424	64.2921	84.4312
2841.527	15677.3	15707	0.280207	0.319902	2.11411	0.024082	271.279	64.2921	84.4558
2841.670	15682.1	15707	0.285837	0.313412	2.075	0.0216838	303.755	64.2921	84.4683
2841.989	15722.4	15707	0.317658	0.260964	2.07438	0.0223107	297.693	64.5145	84.5009
2842.307	15700.1	15707	0.276303	0.312222	2.0676	0.0237334	270.305	64.5145	84.5309
2842.466	15688.3	15707	0.305382	0.380521	2.06259	0.0236466	263.918	64.5145	84.5438
2842.625	15702.3	15707	0.329639	0.34087	2.06574	0.0238302	268.79	64.5145	84.5593
2842.944	15727.6	15707	0.303886	0.306958	2.06638	0.0206316	282.538	64.7495	84.5864
2843.103	15698.6	15707	0.282142	0.321851	2.068	0.0198857	287.301	64.7495	84.6024
2843.247	15704.1	15707	0.274553	0.32866	2.068	0.0249161	270.738	64.7495	84.614
2843.390	15707.8	15707	0.29695	0.28128	2.06733	0.0221266	307.111	64.7495	84.6278
2843.533	15727.8	15707	0.329313	0.287364	2.06733	0.0195374	291.739	64.7495	84.6415
2843.676	15730.1	15707	0.336407	0.358951	2.06911	0.0235835	271.171	64.7495	84.6555
2843.819	15712.8	15707	0.361899	0.265151	2.06911	0.0210211	306.894	64.9798	84.6672
2843.963	15693.1	15707	0.31541	0.305628	2.06437	0.0201778	288.491	64.9798	84.6804
2844.106	15677.3	15707	0.294706	0.400311	2.06437	0.0241178	266.408	64.9798	84.6944
2844.250	15677.6	15707	0.274813	0.314896	2.09359	0.0226032	301.915	64.9798	84.7126
2844.392	15693.5	15707	0.28995	0.332554	2.10303	0.0209136	292.497	64.9798	84.7282
2844.536	15720.6	15707	0.301951	0.364302	2.10303	0.0237618	271.279	64.9798	84.7477
2844.679	15723	15707	0.328107	0.245021	2.06851	0.0223522	299.858	64.9798	84.7631
2844.822	15719.5	15707	0.326105	0.262329	2.06851	0.0199609	292.713	65.2035	84.7742
2844.966	15717.1	15707	0.334265	0.321226	2.06809	0.023535	273.228	65.2035	84.7876
2845.109	15697.1	15707	0.328587	0.289811	2.06809	0.022527	297.693	65.2035	84.8009
2845.252	15691.6	15707	0.315075	0.322657	2.06908	0.0211152	294.445	65.2035	84.8145
2845.396	15693.1	15707	0.299746	0.394136	2.06908	0.0246368	270.089	65.2035	84.8257
2845.539	15695.4	15707	0.295389	0.306693	2.06587	0.0237194	293.146	65.2035	84.8387
2845.682	15691.1	15707	0.303244	0.298459	2.06396	0.0201066	293.579	65.2035	84.8515
2845.825	15715.3	15707	0.292033	0.30812	2.06396	0.0222588	274.527	65.4355	84.8641
2845.969	15707.4	15707	0.300358	0.266009	2.06251	0.0233059	290.981	65.4355	84.8745
2846.112	15716.2	15707	0.321661	0.28165	2.06251	0.0199932	297.909	65.4355	84.887
2846.255	15730.3	15707	0.34022	0.336256	2.06589	0.021732	279.615	65.4355	84.9001
2846.398	15714.6	15707	0.331942	0.300609	2.06589	0.0218608	289.574	65.4355	84.911
2846.542	15698.2	15707	0.329453	0.297994	2.07155	0.0195728	297.693	65.4355	84.9251
2846.700	15707	15707	0.316026	0.279789	2.06449	0.0200923	303.863	65.6628	84.9409
2846.860	15738.7	15707	0.317251	0.279069	2.06449	0.0221548	306.028	65.6628	84.9538
2847.019	15708.2	15707	0.286957	0.280325	2.06655	0.0220078	302.023	65.6628	84.9669
2847.163	15703.7	15707	0.288127	0.274941	2.06655	0.0197353	293.146	65.6628	84.9801
2847.321	15701.7	15707	0.280519	0.339149	2.10777	0.021563	296.177	65.6628	85.0004
2847.480	15687.2	15707	0.308167	0.307001	2.09204	0.0210067	302.564	65.6628	85.0225
2847.640	15702.1	15707	0.336408	0.289246	2.09204	0.0214543	306.786	65.6628	85.0397
2847.799	15732.6	15707	0.342274	0.26413	2.0648	0.0216171	305.054	65.8796	85.0528
2847.958	15701.5	15707	0.278997	0.27071	2.06756	0.0236332	293.255	65.8796	85.0675
2848.277	15689.9	15707	0.317704	0.333756	2.06732	0.02272	265.001	65.8796	85.0957
2848.436	15706	15707	0.33435	0.337114	2.06732	0.0228213	271.171	65.8796	85.1087
2848.595	15731	15707	0.321689	0.310778	2.0645	0.0227606	277.233	65.8796	85.1212
2848.881	15716.1	15707	0.315579	0.288061	2.06559	0.0186317	298.667	66.1084	85.1463
2849.025	15698.6	15707	0.307037	0.344943	2.06554	0.0222781	272.362	66.1084	85.1591
2849.168	15684	15707	0.299122	0.323495	2.06554	0.0230481	281.563	66.1084	85.1698
2849.311	15691.9	15707	0.28738	0.34482	2.06367	0.0207222	297.043	66.1084	85.1823
2849.598	15701.1	15707	0.304666	0.274237	2.06561	0.0227833	281.672	66.1084	85.2054
2849.884	15713.5	15707	0.305062	0.294828	2.07074	0.0199792	281.888	66.337	85.2321
2850.028	15714.9	15707	0.323894	0.266777	2.07431	0.0241871	282.646	66.337	85.2461
2850.171	15729.3	15707	0.335635	0.306797	2.07431	0.0203071	302.564	66.337	85.258
2850.314	15711.4	15707	0.32458	0.336947	2.1105	0.0220936	279.615	66.337	85.2765
2850.458	15700.3	15707	0.321687	0.301735	2.1105	0.0226841	272.254	66.337	85.2968
2850.601	15686.2	15707	0.288766	0.306779	2.07617	0.0211599	301.049	66.337	85.3119
2850.744	15689.4	15707	0.269789	0.352928	2.07617	0.0215351	281.888	66.5511	85.3236
2850.887	15686.4	15707	0.277383	0.296089	2.06305	0.0248865	276.042	66.5511	85.3355
2851.030	15720.7	15707	0.304541	0.282264	2.06305	0.0226731	303.647	66.5511	85.3478
2851.174	15735.7	15707	0.318995	0.310485	2.06932	0.0203696	284.703	66.5511	85.3586
2851.460	15702	15707	0.34379	0.271854	2.06514	0.0212432	303.43	66.5511	85.3837
2851.603	15697.1	15707	0.305895	0.324119	2.0664	0.0194191	283.404	66.5511	85.3962
2851.747	15682.1	15707	0.287346	0.367177	2.0664	0.0243333	267.382	66.777	85.4068
2851.890	15675.2	15707	0.298531	0.308836	2.06343	0.0215642	305.595	66.777	85.4189
2852.033	15693.9	15707	0.2844	0.337961	2.06343	0.0217581	285.027	66.777	85.431
2852.192	15685.5	15707	0.318514	0.322104	2.06045	0.0200527	288.924	66.777	85.4427
2852.351	15693.8	15707	0.330654	0.299062	2.06542	0.0210627	298.018	66.777	85.457
2852.654	15729.2	15707	0.337699	0.29432	2.06655	0.0205374	280.914	66.777	85.4824
2852.813	15709.4	15707	0.304342	0.285107	2.06655	0.0203	287.95	67.0027	85.4953
2852.972	15702.4	15707	0.294707	0.308673	2.07102	0.0219529	290.223	67.0027	85.5089
2853.131	15694.5	15707	0.290418	0.323004	2.08679	0.0209898	296.935	67.0027	85.5265
2853.290	15710.7	15707	0.322116	0.321802	2.08679	0.0202602	302.345	67.0027	85.5427
2853.450	15723.9	15707	0.342158	0.259254	2.10587	0.0221764	306.678	67.0027	85.5621
2853.609	15713	15707	0.30027	0.267494	2.06595	0.0228431	306.245	67.0027	85.5821
2853.768	15708.8	15707	0.287817	0.299856	2.06595	0.0225513	294.77	67.2177	85.5943
2853.927	15688.1	15707	0.27416	0.31426	2.06535	0.0225788	281.022	67.2177	85.6085
2854.086	15721.2	15707	0.335486	0.333399	2.06535	0.023309	269.006	67.2177	85.6208
2854.230	15706.8	15707	0.316155	0.319928	2.06492	0.0220754	306.678	67.2177	85.6328
2854.373	15689.7	15707	0.308152	0.321549	2.06929	0.0213086	281.563	67.2177	85.6433
2854.517	15690.2	15707	0.278201	0.321495	2.06929	0.0232912	267.382	67.2177	85.6563
2854.660	15697.5	15707	0.269538	0.291041	2.06734	0.0225012	304.296	67.2177	85.6691
2854.803	15700.9	15707	0.286185	0.302915	2.06734	0.0203119	285.569	67.4372	85.6818
2854.946	15726.6	15707	0.31151	0.294432	2.06348	0.0235097	270.63	67.4372	85.6918
2855.089	15735.2	15707	0.326464	0.286183	2.06348	0.0209277	307.003	67.4372	85.7039
2855.233	15732.2	15707	0.356267	0.281158	2.05869	0.0195555	286.976	67.4372	85.715
2855.376	15705.9	15707	0.33002	0.339709	2.05869	0.0228729	266.3	67.4372	85.7245
2855.519	15696.3	15707	0.293651	0.302099	2.06107	0.0208449	307.76	67.4372	85.7362
2855.663	15678.1	15707	0.281368	0.347131	2.06722	0.0199933	286.868	67.4372	85.7485
2855.806	15690.4	15707	0.283069	0.392984	2.06722	0.0235715	266.192	67.66	85.7613
2855.949	15715.6	15707	0.285499	0.304343	2.06342	0.0226994	305.704	67.66	85.7716
2856.092	15728	15707	0.305135	0.291552	2.06342	0.0212516	291.09	67.66	85.7838
2856.236	15722.8	15707	0.326272	0.279899	2.10146	0.023697	270.305	67.66	85.8015
2856.379	15732	15707	0.315338	0.24428	2.10146	0.0220966	304.404	67.66	85.8199
2856.522	15712.1	15707	0.320878	0.30349	2.09824	0.0192642	291.198	67.66	85.8348
2856.808	15703.7	15707	0.312172	0.315999	2.06112	0.0234798	305.162	67.8724	85.8616
2857.143	15696.2	15707	0.277448	0.348995	2.06007	0.0204335	284.486	67.8724	85.8861
2857.286	15714.3	15707	0.296694	0.323885	2.0635	0.0247645	268.898	67.8724	85.898
2857.432	15715.7	15707	0.302748	0.282653	2.0635	0.0202791	288.924	67.8724	85.91
2857.576	15731	15707	0.292276	0.305523	2.06558	0.0247818	273.553	67.8724	85.9202
2857.735	15707.3	15707	0.291655	0.360625	2.0662	0.0242002	274.635	68.0888	85.9347
2857.894	15695	15707	0.303978	0.330961	2.0662	0.0231538	274.527	68.0888	85.9471
2858.053	15688	15707	0.321109	0.323448	2.06394	0.019982	284.703	68.0888	85.9613
2858.196	15686.4	15707	0.299368	0.312698	2.06394	0.0234696	267.058	68.0888	85.9713
2858.355	15722.3	15707	0.34531	0.328504	2.06095	0.0241237	267.924	68.0888	85.9848
2858.515	15712.2	15707	0.305493	0.321561	2.05697	0.0242776	278.641	68.0888	85.996
2858.674	15715.2	15707	0.301663	0.345196	2.05697	0.0229305	277.558	68.0888	86.007
2858.833	15688.5	15707	0.284771	0.315449	2.05766	0.0204784	283.945	68.3085	86.02
2858.992	15681.2	15707	0.303102	0.325828	2.07381	0.0212148	289.466	68.3085	86.0322
2859.151	15723.6	15707	0.345943	0.27114	2.07381	0.0194458	294.229	68.3085	86.0462
2859.310	15722.5	15707	0.301796	0.280429	2.10777	0.0201865	299.317	68.3085	86.0674
2859.470	15713.7	15707	0.279836	0.300664	2.10777	0.0226828	302.889	68.3085	86.0863
2859.629	15685.2	15707	0.281558	0.309873	2.08388	0.0215105	307.76	68.3085	86.1042
2859.772	15688.1	15707	0.279611	0.336747	2.06444	0.0213579	289.682	68.5173	86.1152
2859.916	15690.5	15707	0.286974	0.34552	2.06444	0.0248178	270.63	68.5173	86.1271
2860.059	15717.7	15707	0.31397	0.279303	2.06353	0.0229889	306.137	68.5173	86.139
2860.202	15731.5	15707	0.32839	0.292966	2.06353	0.0191333	289.682	68.5173	86.1489
2860.346	15728.1	15707	0.351857	0.303793	2.06175	0.0243772	268.14	68.5173	86.1605
2860.489	15712	15707	0.332139	0.258037	2.06175	0.0213071	307.76	68.5173	86.1721
2860.632	15696.1	15707	0.314102	0.322525	2.06076	0.0188372	292.28	68.5173	86.1836
2860.775	15678	15707	0.291785	0.392981	2.06857	0.024745	267.058	68.7312	86.1937
2860.918	15684.7	15707	0.297428	0.311124	2.06857	0.0235946	301.806	68.7312	86.2065
2861.062	15699.7	15707	0.289088	0.320272	2.05861	0.0205333	290.656	68.7312	86.2185
2861.205	15709.9	15707	0.304188	0.330238	2.05861	0.0238682	270.413	68.7312	86.2296
2861.348	15716.3	15707	0.309447	0.257357	2.05736	0.0222244	301.806	68.7312	86.2388
2861.492	15719.8	15707	0.315086	0.263333	2.05736	0.0197259	296.827	68.7312	86.2498
2861.635	15709	15707	0.317849	0.327722	2.05961	0.0244078	274.094	68.7312	86.2614
2861.778	15716	15707	0.331163	0.277495	2.05961	0.0220842	295.095	68.9483	86.271
2861.921	15716.8	15707	0.321629	0.319638	2.0591	0.0194508	292.497	68.9483	86.2825
2862.208	15692.3	15707	0.293638	0.279615	2.07852	0.0237976	291.631	68.9483	86.3105
2862.351	15701.8	15707	0.289806	0.300614	2.10992	0.021884	296.935	68.9483	86.3255
2862.494	15704	15707	0.271251	0.343184	2.10992	0.0245056	277.991	68.9483	86.3456
2862.638	15716.8	15707	0.292896	0.250624	2.0713	0.0236299	294.554	68.9483	86.3597
2862.781	15738.4	15707	0.33376	0.269036	2.0713	0.0213821	296.502	69.1544	86.3725
2862.924	15737.4	15707	0.334775	0.317066	2.06121	0.0212371	274.743	69.1544	86.382
2863.067	15718.3	15707	0.351781	0.26405	2.06145	0.0215234	294.77	69.1544	86.3935
2863.226	15709.4	15707	0.3185	0.275472	2.06145	0.0234928	278.316	69.1544	86.405
2863.385	15726.4	15707	0.29757	0.327544	2.06622	0.0247655	269.872	69.1544	86.4191
2863.545	15687.5	15707	0.263282	0.355613	2.06622	0.0251715	267.599	69.1544	86.4315
2863.688	15696.7	15707	0.261756	0.286076	2.06472	0.0235791	302.239	69.1544	86.4436
2863.847	15697.4	15707	0.29232	0.317905	2.0615	0.0233299	288.058	69.3694	86.4555
2864.165	15713.9	15707	0.32835	0.305892	2.06415	0.023927	269.98	69.3694	86.4811
2864.484	15694.3	15707	0.257689	0.354363	2.05946	0.0233784	274.094	69.3694	86.5065
2864.643	15694.8	15707	0.295507	0.380403	2.05799	0.0218442	277.775	69.3694	86.5177
2864.802	15711.7	15707	0.337308	0.300783	2.05799	0.0184441	286.002	69.5837	86.5289
2865.121	15720	15707	0.304822	0.283229	2.09142	0.0211465	295.853	69.5837	86.5566
2865.264	15727	15707	0.324119	0.283767	2.09142	0.0229081	274.527	69.5837	86.5735
2865.407	15729.1	15707	0.312316	0.262084	2.10545	0.0229737	293.146	69.5837	86.5916
2865.550	15701.7	15707	0.3236	0.296276	2.10545	0.0207746	299.75	69.5837	86.6075
2865.694	15703.6	15707	0.322005	0.357013	2.06304	0.022584	276.692	69.5837	86.6214
2865.837	15702.5	15707	0.30004	0.306673	2.06304	0.023496	282.321	69.7874	86.6329
2865.980	15694.5	15707	0.297397	0.326033	2.06036	0.0205168	297.26	69.7874	86.6441
2866.124	15688.6	15707	0.290515	0.342026	2.06036	0.0226133	273.553	69.7874	86.6534
2866.267	15705.6	15707	0.27918	0.277961	2.06032	0.0238656	283.079	69.7874	86.6647
2866.410	15704.8	15707	0.28004	0.291027	2.0573	0.0208853	299.208	69.7874	86.6758
2866.554	15714.5	15707	0.309704	0.315264	2.0573	0.0215285	281.996	69.7874	86.6848
2866.697	15725.6	15707	0.33053	0.278708	2.06344	0.0226786	282.213	69.7874	86.6962
2866.840	15722	15707	0.340727	0.292688	2.06344	0.0197352	301.049	69.9996	86.7081
2866.983	15700.3	15707	0.342973	0.298199	2.06559	0.0205599	276.908	69.9996	86.7203
2867.317	15695.9	15707	0.303091	0.286956	2.066	0.022221	289.249	69.9996	86.7471
2867.604	15696.8	15707	0.280833	0.32425	2.0624	0.0225509	277.558	69.9996	86.769
2867.747	15712.5	15707	0.306906	0.252522	2.05483	0.0229579	292.172	70.2117	86.7799
2868.034	15738.8	15707	0.345646	0.328828	2.06176	0.0214457	276.584	70.2117	86.8024
2868.368	15702.9	15707	0.329901	0.28728	2.10262	0.0216595	302.672	70.2117	86.8386
2868.511	15675.5	15707	0.321397	0.31742	2.09019	0.0206361	290.656	70.2117	86.8553
2868.655	15680.2	15707	0.288622	0.358642	2.09019	0.0231638	269.331	70.2117	86.8689
2868.813	15689.5	15707	0.304622	0.369022	2.06716	0.0235051	271.063	70.4131	86.8838
2868.973	15710.6	15707	0.344634	0.289455	2.0621	0.0203861	280.806	70.4131	86.8958
2869.132	15715.3	15707	0.303686	0.282946	2.0621	0.0205154	289.466	70.4131	86.909
2869.275	15720.8	15707	0.341429	0.288615	2.05898	0.0231413	271.821	70.4131	86.9183
2869.434	15717.3	15707	0.319735	0.332488	2.05898	0.0237682	271.496	70.4131	86.9311
2869.593	15698.4	15707	0.276284	0.361771	2.05743	0.0228493	278.099	70.4131	86.9419
2869.960	15706.7	15707	0.32603	0.302391	2.05756	0.019903	300.724	70.6225	86.9692
2870.119	15728.7	15707	0.333065	0.260515	2.06582	0.0206307	306.461	70.6225	86.9814
2870.278	15726.2	15707	0.303835	0.277675	2.06221	0.0221422	306.245	70.6225	86.9934
2870.437	15705.6	15707	0.294517	0.286299	2.06221	0.0232908	290.981	70.6225	87.0071
2870.596	15677.2	15707	0.294749	0.313263	2.0611	0.0223007	287.301	70.6225	87.0186
2870.756	15718.2	15707	0.33137	0.32595	2.06052	0.0233251	270.305	70.8315	87.0321
2871.042	15692.2	15707	0.289144	0.331362	2.06783	0.0209243	282.105	70.8315	87.0539
2871.186	15690.8	15707	0.269838	0.339194	2.06783	0.0232129	270.738	70.8315	87.0667
2871.329	15693.6	15707	0.276122	0.298774	2.10557	0.0218088	305.487	70.8315	87.0818
2871.472	15709.5	15707	0.289459	0.320436	2.10557	0.0221335	287.409	70.8315	87.1009
2871.616	15734.9	15707	0.309735	0.326539	2.07393	0.0245109	272.47	70.8315	87.1143
2871.758	15736.2	15707	0.339705	0.258019	2.07393	0.0206162	306.137	71.0258	87.1273
2871.902	15724.8	15707	0.334919	0.266988	2.06308	0.0187206	286.759	71.0258	87.1369
2872.045	15700.8	15707	0.306944	0.340726	2.06246	0.0248939	268.357	71.0258	87.1485
2872.188	15687.1	15707	0.291838	0.30018	2.06246	0.0232243	306.786	71.0258	87.16
2872.331	15679.6	15707	0.28215	0.348748	2.06085	0.0211865	287.95	71.0258	87.1714
2872.475	15693.9	15707	0.275116	0.405227	2.06085	0.0247096	267.707	71.0258	87.1809
2872.618	15702.8	15707	0.288758	0.290272	2.0626	0.0234785	306.028	71.0258	87.1925
2872.761	15703.5	15707	0.301209	0.290334	2.0626	0.019546	288.491	71.2329	87.2042
2872.905	15727.9	15707	0.307021	0.303001	2.0588	0.0233013	272.037	71.2329	87.2133
2873.048	15708.9	15707	0.305363	0.273267	2.0588	0.0212785	306.353	71.2329	87.2243
2873.335	15704.7	15707	0.335677	0.376982	2.06631	0.0235387	268.898	71.2329	87.2467
2873.478	15691.2	15707	0.325452	0.303459	2.06631	0.0218015	303.43	71.2329	87.2571
2873.621	15687.1	15707	0.302909	0.308307	2.0599	0.0203632	288.383	71.2329	87.2688
2873.764	15682.1	15707	0.28807	0.371416	2.0599	0.0237065	266.841	71.4356	87.2802
2873.908	15699.2	15707	0.283165	0.298587	2.06058	0.0228454	300.94	71.4356	87.2917
2874.051	15702.6	15707	0.292026	0.275244	2.06058	0.0213395	294.012	71.4356	87.3013
2874.194	15724.6	15707	0.331131	0.34014	2.08064	0.0244124	275.718	71.4356	87.3163
2874.353	15708.2	15707	0.289153	0.318088	2.10435	0.0227908	275.826	71.4356	87.3326
2874.512	15670.8	15707	0.27168	0.349672	2.10435	0.0207371	280.914	71.4356	87.3545
2874.671	15710.8	15707	0.334848	0.315189	2.0657	0.0195129	286.651	71.4356	87.3675
2874.815	15684.8	15707	0.326495	0.356	2.0657	0.0244921	264.135	71.6279	87.3792
2875.133	15734.1	15707	0.326676	0.330485	2.06465	0.0223063	278.965	71.6279	87.4032
2875.292	15709.6	15707	0.289714	0.301569	2.06465	0.0214646	285.136	71.6279	87.4151
2875.610	15699.6	15707	0.326862	0.299151	2.0579	0.0199179	291.414	71.6279	87.4387
2875.770	15715	15707	0.316796	0.285307	2.05688	0.0194424	299.208	71.8322	87.4493
2875.929	15737.2	15707	0.313411	0.279705	2.06117	0.0220969	303.214	71.8322	87.4605
2876.088	15705.7	15707	0.291065	0.284092	2.06117	0.0213501	307.76	71.8322	87.474
2876.438	15690.9	15707	0.278255	0.299525	2.06167	0.0218776	304.729	71.8322	87.5002
2876.582	15720.6	15707	0.285986	0.293507	2.06167	0.0213017	287.517	71.8322	87.5099
2876.725	15741.3	15707	0.307591	0.31463	2.06006	0.0245623	270.522	72.0317	87.5213
2876.868	15741	15707	0.339996	0.25032	2.06006	0.022344	307.977	72.0317	87.5326
2877.011	15721	15707	0.33706	0.278985	2.05825	0.0205544	288.816	72.0317	87.5438
2877.155	15712.4	15707	0.309001	0.330752	2.09223	0.0224728	270.846	72.0317	87.5541
2877.298	15691.5	15707	0.296765	0.315459	2.09223	0.0221952	305.595	72.0317	87.5711
2877.441	15690.1	15707	0.287055	0.324001	2.09277	0.0218249	285.46	72.0317	87.5879
2877.584	15708.7	15707	0.280129	0.393363	2.09277	0.0232328	265.65	72.0317	87.6047
2877.728	15716.7	15707	0.293079	0.290312	2.05915	0.0228826	306.245	72.2206	87.6147
2877.871	15716.1	15707	0.302841	0.273246	2.05915	0.0212399	290.656	72.2206	87.6255
2878.014	15729	15707	0.299464	0.29786	2.06338	0.0228096	273.877	72.2206	87.6372
2878.158	15724.6	15707	0.306356	0.259422	2.06338	0.0221279	304.621	72.2206	87.6488
2878.301	15711.5	15707	0.328375	0.296911	2.06035	0.0207963	291.306	72.2206	87.6581
2878.444	15718.3	15707	0.31602	0.371131	2.05835	0.0234385	267.382	72.2206	87.6692
2878.587	15706.6	15707	0.307863	0.300413	2.05835	0.0221033	304.296	72.2206	87.6801
2878.731	15682.7	15707	0.300133	0.324642	2.0575	0.0201942	290.765	72.4226	87.6891
2878.874	15682.2	15707	0.276134	0.354203	2.0575	0.0235846	270.413	72.4226	87.6999
2879.017	15700.4	15707	0.263229	0.289833	2.05503	0.0224129	299.425	72.4226	87.7104
2879.160	15699.1	15707	0.284397	0.293094	2.05503	0.0209528	293.904	72.4226	87.7209
2879.304	15724.8	15707	0.30906	0.326061	2.05912	0.0230843	274.202	72.4226	87.7302
2879.447	15735.9	15707	0.337799	0.273775	2.05912	0.0220083	297.368	72.4226	87.7413
2879.591	15713.4	15707	0.361135	0.28152	2.05638	0.0203895	297.26	72.4226	87.7521
2879.733	15697.4	15707	0.335193	0.343353	2.06248	0.0226118	271.604	72.6199	87.7634
2879.892	15719	15707	0.325702	0.279125	2.06248	0.0213609	282.213	72.6199	87.7753
2880.259	15701.1	15707	0.302255	0.287419	2.10324	0.0212561	300.402	72.6199	87.8083
2880.402	15711.7	15710.7	0.291733	0.291754	2.10324	0.0209622	282.213	72.6199	87.824
2880.561	15696.7	15716.7	0.298628	0.336538	2.08731	0.0214779	285.569	72.6199	87.8434
2880.720	15706.5	15722.6	0.319197	0.314189	2.08731	0.0193983	289.899	72.8104	87.8587
2881.039	15751.8	15734.5	0.318497	0.290536	2.08314	0.0215781	300.507	72.8104	87.889
2881.198	15742.9	15740.4	0.290766	0.292409	2.08314	0.0211387	307.219	72.8104	87.9038
2881.357	15715.8	15746.3	0.290925	0.315303	2.08694	0.022932	302.131	72.8104	87.9192
2881.675	15765.2	15758.2	0.318522	0.287377	2.0874	0.0243511	278.208	72.8104	87.9524
2881.834	15787.3	15764.1	0.315891	0.322	2.09051	0.0236126	270.305	73.0134	87.9706
2881.978	15796	15769.5	0.344261	0.270269	2.09051	0.0211972	306.137	73.0134	87.9836
2882.121	15788	15774.8	0.347057	0.281608	2.08351	0.0202005	287.192	73.0134	87.9979
2882.265	15787.3	15780.2	0.325591	0.32777	2.08351	0.022635	269.872	73.0134	88.0124
2882.408	15769.1	15785.5	0.324053	0.293547	2.08636	0.0219233	307.977	73.0134	88.0247
2882.551	15784.3	15790.9	0.329487	0.358263	2.09676	0.0198861	289.141	73.0134	88.0399
2882.837	15785.3	15801.5	0.301428	0.288424	2.09909	0.0227879	302.997	73.2193	88.0729
2882.981	15790.7	15806.9	0.296577	0.316952	2.09909	0.020482	287.625	73.2193	88.0867
2883.124	15814.8	15812.2	0.288187	0.355085	2.10717	0.02343	270.738	73.2193	88.1043
2883.267	15816.5	15817.6	0.308755	0.280036	2.10717	0.0234365	304.621	73.2193	88.1231
2883.410	15854.3	15822.9	0.32538	0.287049	2.14103	0.0203404	292.93	73.2193	88.1467
2883.554	15863.8	15828.3	0.344186	0.361302	2.1135	0.0244014	271.712	73.2193	88.1652
2883.697	15854	15833.6	0.362737	0.266582	2.1135	0.0225447	302.781	73.2193	88.1833
2883.840	15841.9	15838.9	0.340331	0.308644	2.11086	0.0184259	295.636	73.4176	88.2009
2883.983	15824.2	15844.3	0.3183	0.402748	2.11086	0.0225951	267.166	73.4176	88.2154
2884.127	15825.8	15849.6	0.325695	0.280848	2.11181	0.0218821	297.152	73.4176	88.2328
2884.270	15843.7	15855	0.309809	0.366736	2.11181	0.0210715	291.09	73.4176	88.2501
2884.413	15844.5	15860.3	0.309505	0.402378	2.11125	0.0232626	267.924	73.4176	88.2672
2884.557	15860.3	15865.7	0.313333	0.304933	2.11125	0.0218557	294.012	73.4176	88.2813
2884.700	15862.7	15871	0.282737	0.314119	2.1083	0.019185	295.636	73.4176	88.2976
2884.843	15874.2	15876.3	0.311847	0.3417	2.10939	0.0230754	272.254	73.6313	88.314
2884.986	15892.9	15881.7	0.324113	0.285768	2.10939	0.0239102	295.528	73.6313	88.3303
2885.273	15914.6	15892.4	0.360553	0.293397	2.12422	0.0207787	275.609	73.6313	88.3639
2885.432	15890.9	15898.3	0.289115	0.311085	2.11344	0.0214389	280.914	73.6313	88.3809
2885.591	15900.5	15904.2	0.301528	0.320207	2.11344	0.0195938	286.11	73.6313	88.4002
2885.750	15897.8	15910.2	0.326844	0.33883	2.11552	0.0189313	293.255	73.8415	88.417
2885.894	15894.7	15915.5	0.324156	0.410592	2.11668	0.024218	264.027	73.8415	88.4338
2886.053	15933.7	15921.5	0.368446	0.320942	2.11668	0.0202596	273.986	73.8415	88.4506
2886.212	15934.9	15927.4	0.31905	0.318338	2.14937	0.0206673	282.646	73.8415	88.4758
2886.371	15926.3	15933.3	0.308045	0.364237	2.17418	0.0204211	283.62	73.8415	88.4995
2886.530	15920.6	15939.3	0.332045	0.320241	2.17418	0.0195001	292.93	73.8415	88.5258
2886.689	15960.3	15945.2	0.352954	0.304567	2.12658	0.0199468	298.234	73.8415	88.5503
2886.849	15970	15951.1	0.323557	0.280824	2.12658	0.0209827	301.482	74.048	88.5675
2887.008	15932.8	15957.1	0.2924	0.333719	2.12524	0.0214858	302.781	74.048	88.5844
2887.167	15953.6	15963	0.351199	0.301673	2.12946	0.0207167	305.812	74.048	88.6043
2887.326	15981.9	15969	0.339466	0.28675	2.12946	0.021747	295.853	74.048	88.6217
2887.470	15977.5	15974.3	0.35506	0.313859	2.14066	0.0198149	296.935	74.048	88.6407
2887.613	15993.7	15979.6	0.345415	0.381188	2.14066	0.0211777	269.439	74.048	88.6598
2887.899	15974.5	15990.3	0.32561	0.318201	2.14134	0.020018	293.796	74.2653	88.6942
2888.186	15976.8	16001	0.317435	0.329495	2.14023	0.0219074	283.187	74.2653	88.729
2888.329	15998.2	16006.3	0.313811	0.339127	2.14023	0.0203626	296.827	74.2653	88.7443
2888.472	15996.1	16011.7	0.340665	0.369165	2.14771	0.0217332	271.712	74.2653	88.7634
2888.616	16005.9	16017	0.30269	0.303259	2.14771	0.0219323	281.239	74.2653	88.7828
2888.759	16019.7	16022.4	0.298233	0.327049	2.14446	0.0198825	298.451	74.4843	88.7983
2888.902	16015.9	16027.7	0.298182	0.333343	2.14446	0.0232001	272.795	74.4843	88.8168
2889.046	16046.5	16033.1	0.323038	0.332292	2.14789	0.0220513	282.646	74.4843	88.8358
2889.189	16047.6	16038.4	0.34791	0.299935	2.18707	0.0197631	297.26	74.4843	88.857
2889.332	16051.7	16043.7	0.333026	0.310341	2.18707	0.0216085	278.208	74.4843	88.8784
2889.475	16058.8	16049.1	0.333235	0.296062	2.1911	0.0223585	280.264	74.4843	88.9042
2889.618	16066.4	16054.4	0.354156	0.291854	2.1911	0.0194639	300.291	74.4843	88.9299
2889.937	16037.8	16066.3	0.313127	0.324204	2.1562	0.0215318	302.456	74.6996	88.9721
2890.080	16047.8	16071.7	0.311374	0.347577	2.15815	0.0195257	285.893	74.6996	88.988
2890.223	16069.2	16077	0.330697	0.396017	2.17663	0.0232407	260.346	74.6996	89.0081
2890.510	16076.7	16087.7	0.297394	0.34056	2.17603	0.0198152	291.306	74.6996	89.0485
2890.653	16077.1	16093	0.319335	0.383529	2.17603	0.0232281	266.733	74.6996	89.0701
2890.955	16081.8	16104.3	0.315922	0.341296	2.16877	0.0208224	282.321	74.9237	89.1103
2891.115	16117.6	16110.2	0.355725	0.358665	2.17772	0.0228661	270.955	74.9237	89.1352
2891.274	16126.9	16116.2	0.337493	0.333626	2.18117	0.0230374	266.3	74.9237	89.1566
2891.433	16098.9	16122.1	0.320957	0.39056	2.18117	0.0236842	265.326	74.9237	89.1781
2891.576	16117.1	16127.5	0.317175	0.341978	2.17831	0.022289	298.559	74.9237	89.1989
2891.736	16128.6	16133.4	0.344456	0.314495	2.17831	0.0217758	284.703	75.154	89.2193
2891.895	16162.7	16139.3	0.358877	0.33652	2.17338	0.0220624	272.578	75.154	89.2421
2892.054	16144.2	16145.3	0.313618	0.385208	2.19708	0.0233702	264.568	75.154	89.2636
2892.213	16138	16151.2	0.342596	0.39165	2.19708	0.0224074	262.836	75.154	89.2909
2892.738	16167.3	16170.8	0.332135	0.342464	2.19282	0.0206474	294.121	75.3775	89.3793
2892.898	16174.4	16176.7	0.348822	0.308073	2.2001	0.0190612	303.971	75.3775	89.4019
2893.057	16205.2	16182.7	0.34654	0.300101	2.19613	0.0212201	306.028	75.3775	89.424
2893.200	16220.3	16188	0.369274	0.294206	2.19613	0.0188933	286.759	75.3775	89.4454
2893.343	16206.2	16193.3	0.34457	0.321557	2.19092	0.0226871	267.166	75.3775	89.466
2893.487	16199.6	16198.7	0.3474	0.288884	2.19092	0.0209785	305.595	75.3775	89.4861
2893.630	16219	16204	0.362911	0.310764	2.21053	0.018142	293.146	75.3775	89.5058
2893.773	16242	16209.4	0.367335	0.370429	2.21053	0.0219215	269.439	75.6114	89.5291
2893.916	16232.8	16214.7	0.382848	0.277992	2.21032	0.0214574	297.152	75.6114	89.5521
2894.060	16224.5	16220.1	0.370122	0.292447	2.20237	0.0175997	291.739	75.6114	89.5706
2894.203	16231.9	16225.4	0.370678	0.327772	2.20237	0.0216708	268.681	75.6114	89.5917
2894.346	16243.8	16230.7	0.379591	0.314046	2.21928	0.0219663	296.935	75.6114	89.6143
2894.489	16254.5	16236.1	0.390796	0.286783	2.21928	0.0174361	291.414	75.6114	89.6382
2894.633	16244.6	16241.4	0.376618	0.364341	2.22744	0.0189188	275.176	75.6114	89.6588
2894.776	16239.8	16246.8	0.376367	0.30483	2.22744	0.0202964	292.93	75.8489	89.6837
2894.919	16249.2	16252.1	0.381516	0.30956	2.21795	0.0177514	294.445	75.8489	89.7065
2895.062	16267.6	16257.4	0.386887	0.344922	2.21795	0.0188792	266.083	75.8489	89.7301
2895.206	16261.1	16262.8	0.375281	0.300921	2.23504	0.0210016	292.93	75.8489	89.7514
2895.349	16252.6	16268.1	0.370009	0.316937	2.2682	0.0178312	295.744	75.8489	89.7788
2895.492	16261.2	16273.5	0.374064	0.345698	2.2682	0.0201081	272.578	75.8489	89.8099
2895.635	16286.1	16278.8	0.386714	0.323277	2.22952	0.0204415	285.785	75.8489	89.8318
2895.779	16273.7	16284.2	0.378383	0.297424	2.22952	0.0173139	294.012	76.0804	89.8549
2895.922	16277.2	16289.5	0.366208	0.337246	2.23977	0.0202236	273.769	76.0804	89.8794
2896.065	16266.9	16294.9	0.370782	0.355217	2.23977	0.0210077	283.62	76.0804	89.9041
2896.209	16302.1	16300.2	0.38013	0.329082	2.24322	0.0190649	297.043	76.0804	89.9249
2896.352	16306.7	16305.5	0.378698	0.341571	2.24322	0.0188208	279.94	76.0804	89.9493
2896.495	16297.4	16310.9	0.363351	0.338572	2.23356	0.0211016	283.945	76.0804	89.972
2896.654	16347.2	16316.8	0.373378	0.395883	2.2547	0.0222381	267.491	76.0804	89.9965
2896.813	16304.7	16322.8	0.32294	0.40226	2.2547	0.0225988	262.727	76.3274	90.0269
2896.972	16317.2	16328.7	0.382188	0.419579	2.24925	0.019266	269.656	76.3274	90.0517
2897.116	16330.6	16334	0.385299	0.311575	2.24925	0.0215919	292.605	76.3274	90.0756
2897.275	16344.7	16340	0.365703	0.31332	2.23937	0.0209827	282.538	76.3274	90.098
2897.434	16327.9	16345.9	0.355532	0.416811	2.26286	0.0222204	265.434	76.3274	90.1224
2897.593	16326.8	16351.8	0.359426	0.423478	2.26286	0.0227386	264.027	76.3274	90.1532
2897.752	16384.6	16357.8	0.386339	0.326324	2.24865	0.0206436	266.841	76.5771	90.1765
2897.912	16327.6	16363.7	0.334392	0.37622	2.25973	0.0210396	271.929	76.5771	90.2003
2898.071	16374.6	16369.6	0.40154	0.309451	2.25973	0.0177154	278.965	76.5771	90.2294
2898.230	16380.8	16375.6	0.362733	0.325019	2.29672	0.0186078	287.95	76.5771	90.2599
2898.389	16367.4	16381.5	0.363414	0.317292	2.29672	0.0182034	288.058	76.5771	90.296
2898.548	16370.5	16387.5	0.0827321	0.341158	2.28637	0.0184108	294.878	76.5771	90.3247
2898.835	16397	16398.1	0.409401	0.312611	2.2763	0.0210205	281.672	76.8264	90.3739
2898.978	16395.5	16403.5	0.387253	0.304637	2.27412	0.0180353	298.992	76.8264	90.3995
2899.121	16410.7	16408.8	0.392776	0.337435	2.27412	0.0189199	270.089	76.8264	90.4247
2899.408	16432.2	16419.5	0.409874	0.31952	2.27023	0.0186608	297.693	76.8264	90.469
2899.551	16427.2	16424.9	0.379528	0.32452	2.30404	0.0189326	282.646	76.8264	90.4993
2899.695	16427.3	16430.2	0.396504	0.331749	2.28351	0.0205542	277.666	76.8264	90.5278
2899.838	16449.5	16435.5	0.395479	0.314829	2.28351	0.0177175	297.368	77.0813	90.5491
2899.981	16463.4	16440.9	0.413193	0.263489	2.29671	0.0133052	273.769	77.0813	90.5757
2900.124	16465.4	16446.2	0.394317	0.335665	2.29671	0.0219319	269.223	77.0813	90.6033
2900.268	16456.1	16451.6	0.392533	0.317253	2.30666	0.0203836	306.353	77.0813	90.6321
2900.411	16479.6	16456.9	0.407072	0.335042	2.30666	0.0177889	284.811	77.0813	90.6562
2900.554	16485.4	16462.3	0.393813	0.336342	2.29337	0.0199877	273.661	77.0813	90.6821
2900.697	16491	16467.6	0.376717	0.308682	2.29337	0.0186758	299.317	77.0813	90.7084
2900.841	16470.5	16473	0.383843	0.276834	2.3144	0.0197281	276.042	77.3467	90.7379
2901.127	16496.1	16483.6	0.39568	0.324001	2.31687	0.021127	306.894	77.3467	90.7916
2901.270	16483.3	16489	0.363769	0.353245	2.3601	0.017435	288.816	77.3467	90.8262
2901.414	16500.6	16494.3	0.374938	0.426387	2.3601	0.0216376	270.522	77.3467	90.8569
2901.557	16524.2	16499.7	0.377301	0.336524	2.35916	0.0186522	302.456	77.3467	90.8931
2901.701	16516.3	16505	0.366947	0.351401	2.35916	0.0181788	278.099	77.3467	90.9287
2901.844	16500.4	16510.3	0.35722	0.406122	2.31316	0.0235156	257.531	77.6051	90.9547
2901.987	16517.8	16515.7	0.353837	0.365096	2.31316	0.0202269	306.786	77.6051	90.9769
2902.146	16500.1	16521.6	0.385612	0.387798	2.33138	0.0198106	302.889	77.6051	91.0109
2902.305	16544.2	16527.6	0.398689	0.376694	2.32462	0.0232124	287.084	77.6051	91.0388
2902.464	16536	16533.5	0.383851	0.422085	2.32462	0.0207757	276.584	77.6051	91.0714
2902.608	16506	16538.8	0.365389	0.353056	2.35043	0.0188423	315.663	77.6051	91.0979
2902.767	16543.4	16544.8	0.404591	0.344435	2.36928	0.0207074	310.791	77.8738	91.1359
2903.085	16537.4	16556.7	0.394927	0.382432	2.36021	0.0207736	294.229	77.8738	91.2036
2903.244	16571.5	16562.6	0.414102	0.391074	2.36021	0.0219215	268.357	77.8738	91.2409
2903.404	16561	16568.5	0.390856	0.42417	2.36493	0.0234519	253.526	77.8738	91.2733
2903.562	16556	16574.5	0.406811	0.415259	2.35502	0.0181835	268.357	77.8738	91.3043
2903.722	16584.1	16580.4	0.397932	0.339644	2.35502	0.020476	276.692	78.1546	91.3389
2903.881	16575	16586.3	0.387562	0.322567	2.3764	0.0191983	259.372	78.1546	91.3717
2904.040	16596.6	16592.3	0.429447	0.330895	2.37703	0.0147511	274.202	78.1546	91.4103
2904.183	16590	16597.6	0.422233	0.388568	2.37703	0.0227225	255.258	78.1546	91.4376
2904.327	16625	16602.9	0.399278	0.350662	2.40922	0.0188018	303.647	78.1546	91.4732
2904.470	16610.5	16608.3	0.455584	0.329421	2.40922	0.016525	274.852	78.1546	91.5115
2904.613	16624.6	16613.6	0.405211	0.404885	2.39685	0.0218981	259.805	78.1546	91.5412
2904.757	16629.1	16619	0.409469	0.357059	2.39685	0.0188732	300.724	78.431	91.576
2904.900	16629.8	16624.3	0.42227	0.322771	2.40564	0.0136345	276.367	78.431	91.6118
2905.043	16629.7	16629.7	0.41097	0.383922	2.40564	0.0198638	276.584	78.431	91.6476
2905.186	16629.1	16635	0.384455	0.36259	2.41347	0.0193181	308.193	78.431	91.6783
2905.330	16646.1	16640.4	0.378756	0.37951	2.41283	0.0165412	284.811	78.431	91.7145
2905.473	16638.8	16645.7	0.405417	0.403056	2.41283	0.0229797	259.263	78.431	91.7501
2905.616	16626.7	16651	0.387112	0.41968	2.42945	0.0197813	299.208	78.431	91.7875
2905.759	16630.1	16656.4	0.388647	0.368621	2.42945	0.0165817	273.444	78.7234	91.8192
2905.903	16640.7	16661.7	0.414282	0.404122	2.41565	0.0227091	244.325	78.7234	91.8548
2906.046	16640.2	16667.1	0.399052	0.409382	2.41565	0.0203911	310.25	78.7234	91.889
2906.189	16637.5	16672.4	0.421194	0.361182	2.42294	0.0177823	292.28	78.7234	91.9184
2906.475	16665.4	16683.1	0.452432	0.288563	2.4306	0.0203352	312.523	78.7234	91.9896
2906.619	16674.5	16688.4	0.441962	0.320529	2.47517	0.0186211	307.977	78.7234	92.0297
2906.953	16719.8	16700.9	0.42937	0.417182	2.46094	0.0198367	274.202	79.0201	92.1212
2907.096	16716.5	16706.2	0.431253	0.282641	2.46094	0.0182655	312.09	79.0201	92.1619
2907.240	16719.7	16711.6	0.41952	0.334725	2.48985	0.0168233	289.682	79.0201	92.1996
2907.383	16710.8	16716.9	0.431602	0.436407	2.47457	0.021273	269.98	79.0201	92.243
2907.526	16728.4	16722.3	0.389189	0.43226	2.47457	0.0189449	303.214	79.0201	92.2835
2907.685	16694.8	16728.2	0.168324	0.447207	2.47163	0.021172	310.467	79.0201	92.3231
2907.845	16754.4	16734.1	0.195947	0.364918	2.47163	0.0197517	280.156	79.3288	92.3681
2908.004	16704.2	16740.1	0.416144	0.440219	2.46386	0.0205225	267.599	79.3288	92.4048
2908.147	16725.9	16745.4	0.410345	0.417386	2.48923	0.0176089	316.204	79.3288	92.4427
2908.306	16747.5	16751.4	0.418994	0.40462	2.48923	0.0209902	305.162	79.3288	92.4837
2908.465	16744.2	16757.3	0.364221	0.40458	2.47382	0.0190699	297.476	79.3288	92.5219
2908.784	16766.2	16769.2	0.432648	0.395441	2.48727	0.0221697	259.263	79.6396	92.6039
2908.943	16742.7	16775.1	0.436117	0.407932	2.48286	0.0212057	254.284	79.6396	92.6479
2909.102	16793.2	16781	0.453657	0.379604	2.48286	0.0226606	251.794	79.6396	92.6847
2909.261	16763.3	16787	0.415984	0.358863	2.51719	0.0217738	260.129	79.6396	92.7271
2909.420	16800.9	16792.9	0.444299	0.290195	2.48276	0.0181491	269.006	79.6396	92.7747
2909.579	16796.7	16798.8	0.439231	0.366383	2.48276	0.0158604	271.712	79.6396	92.8097
2909.723	16782.2	16804.2	0.440767	0.43281	2.51085	0.0213421	250.279	79.9544	92.8482
2909.866	16767	16809.5	0.380585	0.423187	2.51085	0.0188417	317.395	79.9544	92.8816
2910.010	16805.6	16814.9	0.441424	0.34228	2.50936	0.0173814	284.703	79.9544	92.9209
2910.153	16795.6	16820.2	0.467676	0.403459	2.50936	0.0208211	252.444	79.9544	92.9595
2910.296	16819.1	16825.6	0.419466	0.425732	2.53541	0.0173129	301.265	79.9544	93.0033
2910.439	16821.9	16830.9	0.465531	0.351156	2.53121	0.0172736	266.841	79.9544	93.0391
2910.582	16839.2	16836.3	0.467937	0.359012	2.53121	0.020567	250.82	79.9544	93.0807
2910.726	16864	16841.6	0.400267	0.373154	2.52998	0.0199944	307.003	80.2754	93.1215
2910.869	16842.8	16846.9	0.440572	0.363417	2.52998	0.0180466	294.445	80.2754	93.1617
2911.012	16848.4	16852.3	0.448874	0.382457	2.5274	0.0219399	257.531	80.2754	93.1944
2911.156	16826.8	16857.6	0.412325	0.411639	2.5274	0.0206106	304.296	80.2754	93.2331
2911.299	16839.4	16863	0.440174	0.374297	2.54874	0.0192927	291.631	80.2754	93.2752
2911.442	16847.6	16868.3	0.451316	0.407339	2.54874	0.0192628	254.067	80.2754	93.3173
2911.585	16840.5	16873.6	0.368125	0.414594	2.5463	0.0171884	307.977	80.2754	93.3515
2911.729	16859	16879	0.302534	0.375794	2.54978	0.0154044	285.352	80.5997	93.3923
2911.872	16891.4	16884.3	0.485838	0.372647	2.54978	0.0213677	253.093	80.5997	93.4331
2912.158	16882.2	16895	0.412967	0.335114	2.54703	0.0181842	289.466	80.5997	93.5055
2912.302	16920.3	16900.4	0.4682	0.325325	2.56735	0.0221984	264.243	80.5997	93.5472
2912.445	16909.8	16905.7	0.207374	0.425331	2.56735	0.0198533	294.445	80.5997	93.5898
2912.588	16889.8	16911	0.416095	0.380405	2.55021	0.0196031	299.966	80.5997	93.6216
2912.731	16889	16916.4	0.441631	0.318925	2.55021	0.0201452	261.212	80.9411	93.6596
2912.875	16895.2	16921.7	0.444258	0.463599	2.5546	0.018027	290.007	80.9411	93.698
2913.018	16888.3	16927.1	0.428893	0.391166	2.58575	0.0158996	295.636	80.9411	93.7393
2913.177	16953.6	16933	0.408218	0.314996	2.58575	0.0166194	300.616	80.9411	93.7834
2913.336	16898.9	16938.9	0.347111	0.422345	2.57217	0.0167928	307.003	80.9411	93.8243
2913.495	16950.1	16944.9	0.416274	0.37237	2.57217	0.017426	311.224	80.9411	93.8723
2913.639	16943.2	16950.2	0.471538	0.32163	2.61224	0.0175249	281.022	80.9411	93.9125
2913.798	16918.6	16956.2	0.433946	0.382983	2.58849	0.0155694	294.554	81.2793	93.9651
2913.957	16967.9	16962.1	0.401608	0.320437	2.58849	0.016369	295.095	81.2793	94.0066
2914.116	16919.2	16968	0.426463	0.41788	2.60508	0.0178765	312.956	81.2793	94.0507
2914.275	16972.3	16974	0.388174	0.447437	2.60508	0.0190955	308.951	81.2793	94.1015
2914.434	16938.1	16979.9	0.411526	0.446662	2.59892	0.0191279	297.368	81.2793	94.1434
2914.594	16964.9	16985.8	0.414178	0.451861	2.61215	0.0201302	270.63	81.2793	94.1936
2914.753	16957.2	16991.8	0.450573	0.407041	2.61215	0.0214211	256.016	81.6307	94.2372
2914.912	16959.4	16997.7	0.456958	0.405403	2.60214	0.0202786	254.717	81.6307	94.2781
2915.071	17001.7	17003.6	0.467683	0.351484	2.62234	0.0210868	254.5	81.6307	94.3273
2915.215	16984.7	17009	0.407395	0.391492	2.62234	0.0205369	286.435	81.6307	94.3642
2915.358	16950.5	17014.3	0.446262	0.357991	2.62308	0.015822	291.198	81.6307	94.408
2915.501	16990.6	17019.7	0.344634	0.394958	2.62308	0.0196139	262.403	81.6307	94.4512
2915.644	16987.1	17025	0.378882	0.477604	2.63848	0.0179813	286.651	81.6307	94.4967
2915.788	17009.3	17030.4	0.330456	0.393496	2.63848	0.0173769	294.878	81.9882	94.5346
2915.931	17022.9	17035.7	0.484944	0.356251	2.62443	0.0215485	264.027	81.9882	94.5764
2916.074	17041.5	17041.1	0.381695	0.430189	2.64014	0.0168322	285.785	81.9882	94.6188
2916.217	17019.4	17046.4	0.423433	0.386437	2.64014	0.0153613	288.708	81.9882	94.6558
2916.361	17036.6	17051.7	0.471393	0.360624	2.6435	0.020971	260.887	81.9882	94.6999
2916.504	17026.8	17057.1	0.436961	0.396556	2.6435	0.0201489	276.042	81.9882	94.7438
2916.647	17007.7	17062.4	0.423565	0.392504	2.63295	0.0167081	303.647	81.9882	94.7855
2916.790	17020.4	17067.8	0.503445	0.334241	2.63295	0.0183335	263.702	82.3516	94.8193
2916.934	17057.6	17073.1	0.320983	0.477923	2.65841	0.0194116	271.712	82.3516	94.8642
2917.077	17046.5	17078.5	0.410686	0.406496	2.65841	0.0174239	302.348	82.3516	94.9096
2917.220	17087.3	17083.8	0.498973	0.361582	2.66616	0.016791	268.14	82.3516	94.9559
2917.364	17084.6	17089.1	0.31625	0.461104	2.64772	0.0205774	269.006	82.3516	94.9926
2917.507	17040.4	17094.5	0.389578	0.380068	2.64772	0.0157856	302.672	82.3516	95.0336
2917.650	17055.8	17099.8	0.471356	0.356857	2.64487	0.019258	269.547	82.3516	95.0739
2917.794	17037.1	17105.2	0.442271	0.429605	2.64487	0.0218517	261.104	82.7187	95.1068
2917.937	17043.1	17110.5	0.408188	0.414953	2.67381	0.0171702	305.92	82.7187	95.1503
2918.080	17079.2	17115.8	0.465215	0.377017	2.67381	0.01805	269.331	82.7187	95.1954
2918.223	17091.8	17121.2	0.438446	0.491785	2.69296	0.0206936	258.397	82.7187	95.2443
2918.367	17098	17126.5	0.379864	0.405472	2.69296	0.0161287	309.059	82.7187	95.2847
2918.510	17127.7	17131.9	0.498056	0.367364	2.70009	0.01819	275.068	82.7187	95.3339
2918.870	17125.3	17144.9	0.484256	0.343159	2.69182	0.0195701	273.877	83.0903	95.4427
2919.019	17089.2	17150.9	0.491122	0.374718	2.66912	0.0168593	278.965	83.0903	95.4893
2919.162	17092.5	17156.2	0.45295	0.385271	2.69244	0.0200224	252.335	83.0903	95.5241
2919.321	17119.2	17162.1	0.296244	0.330733	2.69244	0.0199254	254.5	83.0903	95.5758
2919.480	17116.5	17168.1	0.479566	0.389219	2.69983	0.020174	260.021	83.0903	95.621
2919.640	17125.7	17174	0.488586	0.368619	2.69983	0.0168872	271.929	83.0903	95.6653
2919.799	17098	17180	0.481708	0.380441	2.68664	0.0181404	277.991	83.4703	95.7134
2919.958	17113.5	17185.9	0.463627	0.373212	2.67716	0.0173819	287.842	83.4703	95.7531
2920.117	17106.6	17191.8	0.439205	0.383646	2.67716	0.0162876	294.878	83.4703	95.7913
2920.277	17168.5	17197.8	0.226365	0.352075	2.67126	0.0167851	303.755	83.4703	95.834
2920.436	17116.7	17203.7	0.402785	0.380341	2.66266	0.0176185	311.657	83.4703	95.8694
2920.595	17166	17209.6	0.393454	0.458627	2.66266	0.0180789	302.348	83.4703	95.9088
2920.881	17163.8	17220.3	0.454635	0.405633	2.68101	0.0203463	255.799	83.8462	95.977
2921.025	17138.1	17225.7	0.397395	0.432806	2.66271	0.0194578	302.131	83.8462	96.0105
2921.168	17088.1	17231	0.370074	0.361006	2.66271	0.0152213	290.44	83.8462	96.0377
2921.311	17124.7	17236.4	0.469151	0.375757	2.66077	0.0203106	257.315	83.8462	96.0697
2921.454	17154.5	17241.7	0.36067	0.473639	2.65374	0.0188993	297.693	83.8462	96.1009
2921.598	17153.1	17247.1	0.442714	0.386267	2.65374	0.0163221	293.038	83.8462	96.1309
2921.884	17140.1	17257.7	0.417992	0.461468	2.66115	0.0188175	289.466	84.2178	96.188
2922.027	17108.8	17263.1	0.427912	0.421857	2.64804	0.0181884	292.28	84.2178	96.2172
2922.171	17125.9	17268.4	0.370719	0.347815	2.64804	0.0200118	262.836	84.2178	96.2452
2922.314	17111.8	17273.8	0.414681	0.463571	2.67964	0.019082	286.11	84.2178	96.2746
2922.457	17132	17279.1	0.217615	0.358193	2.67964	0.0163883	295.095	84.2178	96.3085
2922.600	17157.7	17284.4	0.471055	0.284369	2.6553	0.0193003	263.16	84.2178	96.3375
2922.744	17121.4	17289.8	0.412672	0.445686	2.66788	0.0185502	285.46	84.5802	96.3626
2922.887	17127	17295.1	0.41191	0.398436	2.66788	0.0147391	295.42	84.5802	96.3942
2923.030	17120.9	17300.5	0.454449	0.372008	2.66917	0.0211296	267.599	84.5802	96.4258
2923.174	17130	17305.8	0.310789	0.430117	2.66917	0.0178228	273.553	84.5802	96.4573
2923.317	17128.6	17311.2	0.239879	0.394466	2.65771	0.0171118	301.482	84.5802	96.4817
2923.460	17131.7	17316.5	0.483544	0.349277	2.65771	0.0194628	265.759	84.5802	96.5102
2923.603	17161.7	17321.8	0.417475	0.457825	2.67394	0.0187791	273.336	84.5802	96.5424
2923.747	17164.4	17327.2	0.387864	0.386874	2.67394	0.0157375	303.43	84.9524	96.5745
2923.890	17125.5	17332.5	0.492799	0.282502	2.67595	0.0188486	269.764	84.9524	96.6013
2924.033	17102.8	17337.9	0.420389	0.472105	2.65451	0.0174816	267.924	84.9524	96.6316
2924.192	17164.5	17343.8	0.380659	0.416296	2.65451	0.0212354	259.263	84.9524	96.6585
2924.351	17102.2	17349.7	0.46612	0.423847	2.67049	0.0197556	255.475	84.9524	96.6929
2924.510	17131	17355.7	0.478577	0.340218	2.67049	0.0203364	262.403	84.9524	96.7228
2924.654	17154	17361	0.408813	0.456446	2.66007	0.0183721	292.064	84.9524	96.7506
2924.972	17157.8	17372.9	0.443714	0.418222	2.65162	0.0205349	255.258	85.3187	96.8072
2925.131	17091.3	17378.8	0.458816	0.413475	2.67791	0.0212895	254.717	85.3187	96.8379
2925.290	17177.1	17384.8	0.465625	0.298743	2.67791	0.0212671	259.696	85.3187	96.8688
2925.768	17145.9	17402.6	0.46412	0.360887	2.66047	0.017633	286.868	85.6743	96.9561
2925.927	17140.7	17408.5	0.432632	0.422774	2.66566	0.0162302	294.878	85.6743	96.989
2926.086	17103.3	17414.4	0.381886	0.373095	2.66454	0.0161008	302.023	85.6743	97.0168
2926.230	17122.3	17419.8	0.479255	0.349552	2.66454	0.017416	268.79	85.6743	97.0445
2926.373	17138.5	17425.1	0.247804	0.434831	2.65734	0.0193918	268.14	85.6743	97.0709
2926.516	17121.2	17430.5	0.392932	0.402795	2.65734	0.0168279	301.265	85.6743	97.0924
2926.659	17157.7	17435.8	0.495471	0.336469	2.65236	0.0194999	267.707	85.6743	97.1173
2926.803	17149.5	17441.2	0.43168	0.447208	2.65236	0.0198353	261.104	86.0355	97.1421
2926.946	17098.8	17446.5	0.319468	0.436842	2.65414	0.0174846	307.977	86.0355	97.1672
2927.089	17097.5	17451.8	0.500212	0.348248	2.68029	0.0178604	274.635	86.0355	97.1901
2927.233	17126.4	17457.2	0.43821	0.46596	2.68029	0.0191333	259.155	86.0355	97.221
2927.376	17145.4	17462.5	0.359451	0.379359	2.6581	0.0163173	307.003	86.0355	97.2491
2927.519	17144.5	17467.9	0.489045	0.377762	2.6581	0.0145611	273.877	86.0355	97.2703
2927.662	17136.3	17473.2	0.452186	0.429018	2.68743	0.0193404	256.882	86.0355	97.3003
2927.806	17142.7	17478.5	0.375952	0.433291	2.68743	0.0179939	310.142	86.3951	97.3322
2927.949	17106.7	17483.9	0.493488	0.390498	2.65943	0.0171635	278.857	86.3951	97.3575
2928.092	17102.9	17489.2	0.36703	0.419386	2.65943	0.020366	255.258	86.3951	97.379
2928.235	17093.2	17494.6	0.382581	0.419051	2.66979	0.0179787	309.168	86.3951	97.4066
2928.379	17155.4	17499.9	0.491272	0.358683	2.6737	0.0156148	277.125	86.3951	97.4345
2928.522	17138.4	17505.3	0.38795	0.394878	2.6737	0.0206088	256.341	86.3951	97.4628
2928.665	17113.2	17510.6	0.363361	0.444418	2.6686	0.0193701	309.059	86.3951	97.4857
2928.809	17116.1	17516	0.487134	0.312149	2.6686	0.0170829	279.94	86.7558	97.5126
2928.952	17116.3	17521.3	0.451292	0.419521	2.65489	0.0206036	253.851	86.7558	97.5369
2929.095	17093.1	17526.6	0.241711	0.394763	2.65489	0.0186755	311.008	86.7558	97.5567
2929.238	17111.8	17532	0.474262	0.371331	2.68115	0.0159181	284.919	86.7558	97.5865
2929.382	17121.4	17537.3	0.396572	0.406875	2.68115	0.01991	253.201	86.7558	97.6153
2929.525	17153.5	17542.7	0.233573	0.382327	2.66004	0.018852	313.822	86.7558	97.6398
2929.684	17088.2	17548.6	0.32353	0.442472	2.66308	0.0187436	298.234	86.7558	97.6647
2929.843	17161.6	17554.5	0.411079	0.423266	2.66308	0.0196156	274.852	87.1157	97.69
2930.002	17085.3	17560.5	0.437898	0.462192	2.67955	0.0195558	257.315	87.1157	97.7233
2930.146	17114.8	17565.8	0.390926	0.410685	2.67955	0.0145592	308.518	87.1157	97.7473
2930.305	17129.7	17571.8	0.390695	0.41311	2.67879	0.0179303	311.441	87.1157	97.7806
2930.464	17111.3	17577.7	0.410486	0.443962	2.68077	0.0183102	297.801	87.1157	97.8093
2930.623	17131.3	17583.6	0.343612	0.40806	2.68077	0.0203597	272.47	87.1157	97.8428
2930.782	17132.9	17589.6	0.430043	0.401322	2.68409	0.0205148	257.531	87.4755	97.8722
2930.941	17133.2	17595.5	0.324207	0.405671	2.669	0.0194075	252.985	87.4755	97.9002
2931.100	17066.7	17601.4	0.466235	0.34571	2.669	0.0195871	253.743	87.4755	97.9301
2931.260	17150.2	17607.4	0.444967	0.329378	2.67424	0.0191639	263.594	87.4755	97.9567
2931.419	17108.3	17613.3	0.487164	0.332639	2.67424	0.0189869	272.254	87.4755	97.9835
2931.578	17128.2	17619.3	0.482083	0.357657	2.67163	0.0166576	278.965	87.4755	98.0138
2931.865	17136	17629.9	0.382335	0.455429	2.68948	0.0201182	310.25	87.834	98.0669
2932.008	17082.9	17635.3	0.487176	0.356083	2.65766	0.0180674	285.027	87.834	98.0917
2932.151	17122.8	17640.6	0.45874	0.335845	2.65766	0.0191662	253.418	87.834	98.1143
2932.294	17137.7	17646	0.37548	0.400076	2.68984	0.0173297	309.276	87.834	98.1393
2932.438	17126.7	17651.3	0.478713	0.338533	2.68984	0.016099	279.398	87.834	98.169
2932.581	17177	17656.6	0.452265	0.398975	2.68634	0.0197322	251.469	87.834	98.1978
2932.724	17148.3	17662	0.40812	0.420233	2.67352	0.0189126	312.956	88.1919	98.2255
2932.868	17119.6	17667.3	0.466783	0.344831	2.67352	0.0176029	289.357	88.1919	98.2469
2933.011	17128.2	17671	0.466711	0.308457	2.66209	0.0192734	256.232	88.1919	98.2711
2933.154	17093.4	17671	0.396567	0.46476	2.66209	0.0180023	305.054	88.1919	98.2942
2933.297	17103.4	17671	0.476303	0.357685	2.65305	0.0159071	290.656	88.1919	98.312
2933.441	17168	17671	0.459821	0.333459	2.65305	0.0201762	252.011	88.1919	98.3331
2933.584	17149.6	17671	0.365845	0.396105	2.65888	0.0179171	299.425	88.1919	98.3556
2933.727	17122.3	17671	0.293147	0.4051	2.65888	0.0168905	293.255	88.5488	98.3795
2933.870	17117.4	17671	0.475267	0.351123	2.69237	0.0200068	255.583	88.5488	98.4047
2934.014	17110.5	17671	0.400871	0.430353	2.65591	0.0197703	296.286	88.5488	98.4318
2934.157	17091.4	17671	0.430263	0.36723	2.65591	0.015759	291.306	88.5488	98.4533
2934.300	17121.1	17671	0.467515	0.382172	2.69796	0.0204728	255.258	88.5488	98.4814
