# Oscilloscope Data

# Seconds	Mcl_Quantities.Speed_Rot_Mech	Mcl_IO.Speed_Rot_Ref	Mcl_Quantities.Torque_Ref	Mcl_Quantities.Torque	Mcl_Quantities.IsRMS	Mcl_Quantities.Stator_Flux_Mag	Mcl_IO.Vdc	SR_Overheating_Temp	ThermalModelCore_Y.WindingTemperature
1549.453	0	0	0	0	0.00431405	0.0931	321.617	73.9341	76.8926
1549.597	0	0	0	0	0.00431405	0.0931	321.617	73.9341	76.8872
1549.739	0	0	0	0	0.00440428	0.0931	321.833	73.9341	76.8808
1549.882	0	0	0	0	0.00440428	0.0931	321.617	73.9341	76.8744
1550.026	0	0	0	0	0.00453567	0.0931	321.617	73.9341	76.868
1550.168	0	0	0	0	0.00453567	0.0931	321.508	73.9341	76.8627
1550.312	0	0	0	0	0.00460566	0.0931	321.725	73.9341	76.8563
1550.455	0	0	0	0	0.00445342	0.0931	321.833	73.8532	76.8499
1550.598	0	0	0	0	0.00445342	0.0931	321.617	73.8532	76.8434
1550.741	0	0	0	0	0.00422314	0.0931	321.941	73.8532	76.8381
1550.884	0	0	0	0	0.00422314	0.0931	320.642	73.8532	76.8317
1551.043	0	0	0	0	0.00435398	0.0931	318.91	73.8532	76.8253
1551.202	0	0	0	0	0.00435398	0.0931	317.286	73.8532	76.8178
1551.361	0	0	0	0	0.00444753	0.0931	315.879	73.7726	76.8114
1551.504	0	0	0	0	0.00418197	0.0931	314.364	73.7726	76.805
1551.679	0	0	0	0	0.00418197	0.0931	312.848	73.7726	76.7975
1551.838	0	0	0	0	0.00419824	0.0931	311.224	73.7726	76.7911
1551.997	0	0	0	0	0.00417506	0.0931	309.709	73.7726	76.7847
1552.156	0	0	0	0	0.00417506	0.0931	308.41	73.7726	76.7772
1552.315	0	0	0	0	0.00418698	0.0931	306.57	73.7726	76.7708
1552.474	0	0	0	0	0.00418698	0.0931	304.837	73.6923	76.7633
1552.633	0	0	0	0	0.00422811	0.0931	303.538	73.6923	76.7569
1552.792	0	0	0	0	0.00438817	0.0931	302.023	73.6923	76.7506
1552.951	0	0	0	0	0.00438817	0.0931	300.507	73.6923	76.7433
1553.095	0	0	0	0	0.0044304	0.0931	299.1	73.6923	76.7381
1553.238	0	0	0	0	0.0044304	0.0931	297.693	73.6923	76.7319
1553.381	0	0	0	0	0.00444635	0.0931	296.394	73.6122	76.7256
1553.524	0	0	0	0	0.00444635	0.0931	319.993	73.6122	76.7194
1553.667	0	0	0	0	0.00452178	0.0931	321.184	73.6122	76.7142
1553.810	0	0	0	0	0.00440368	0.0931	321.4	73.6122	76.708
1553.954	0	0	0	0	0.00440368	0.0931	321.617	73.6122	76.7018
1554.097	0	0	0	0	0.00448334	0.0931	321.725	73.6122	76.6966
1554.240	0	0	0	0	0.00448334	0.0931	321.617	73.6122	76.6904
1554.383	0	0	0	0	0.0044434	0.0931	321.725	73.5323	76.6841
1554.526	0	0	0	0	0.0044434	0.0931	321.617	73.5323	76.6779
1554.669	0	0	0	0	0.00435759	0.0931	321.508	73.5323	76.6727
1554.812	0	0	0	0	0.00442921	0.0931	321.617	73.5323	76.6665
1554.956	0	0	0	0	0.00442921	0.0931	321.508	73.5323	76.6603
1555.098	0	0	0	0	0.00427191	0.0931	321.508	73.5323	76.6551
1555.242	0	0	0	0	0.00427191	0.0931	321.617	73.5323	76.6489
1555.385	0	0	0	0	0.00431952	0.0931	321.617	73.4526	76.6426
1555.528	0	0	0	0	0.00431952	0.0931	321.4	73.4526	76.6364
1555.671	0	0	0	0	0.00432559	0.0931	321.617	73.4526	76.6312
1555.814	0	0	0	0	0.00432559	0.0931	321.508	73.4526	76.625
1555.957	0	0	0	0	0.00447515	0.0931	321.508	73.4526	76.6188
1556.101	0	0	0	0	0.00452699	0.0931	321.725	73.4526	76.6125
1556.244	0	0	0	0	0.00452699	0.0931	321.725	73.4526	76.6074
1556.387	0	0	0	0	0.00426823	0.0931	321.617	73.3732	76.6011
1556.546	0	0	0	0	0.00426823	0.0931	321.514	73.3732	76.5949
1556.705	0	0	0	0	0.00446107	0.0931	321.725	73.3732	76.5876
1556.864	0	0	0	0	0.00441082	0.0931	321.508	73.3732	76.5814
1557.007	0	0	0	0	0.00441082	0.0931	321.617	73.3732	76.5752
1557.166	0	0	0	0	0.00453278	0.0931	321.4	73.3732	76.569
1557.325	0	0	0	0	0.00453278	0.0931	321.617	73.3732	76.5617
1557.484	0	0	0	0	0.00437501	0.0931	321.508	73.294	76.5555
1557.643	0	0	0	0	0.00427927	0.0931	321.617	73.294	76.5493
1557.802	0	0	0	0	0.00427927	0.0931	321.725	73.294	76.542
1557.961	0	0	0	0	0.0043098	0.0931	321.617	73.294	76.5358
1558.120	0	0	0	0	0.0043098	0.0931	321.617	73.294	76.5295
1558.279	0	0	0	0	0.00441023	0.0931	321.4	73.294	76.5223
1558.438	0	0	0	0	0.00437561	0.0931	321.184	73.215	76.5161
1558.581	0	0	0	0	0.00437561	0.0931	321.292	73.215	76.5098
1558.725	0	0	0	0	0.00441558	0.0931	321.4	73.215	76.5046
1558.868	0	0	0	0	0.00441558	0.0931	321.4	73.215	76.4984
1559.011	0	0	0	0	0.00426085	0.0931	321.508	73.215	76.4922
1559.154	0	0	0	0	0.00426085	0.0931	321.617	73.215	76.4861
1559.298	0	0	0	0	0.00451365	0.0931	321.833	73.215	76.4811
1559.440	0	0	0	0	0.00447573	0.0931	321.617	73.1363	76.475
1559.584	0	0	0	0	0.00447573	0.0931	322.05	73.1363	76.469
1559.727	0	0	0	0	0.00443749	0.0931	321.617	73.1363	76.463
1559.870	0	0	0	0	0.00443749	0.0931	321.725	73.1363	76.4579
1560.013	0	0	0	0	0.00440487	0.0931	321.508	73.1363	76.4519
1560.156	0	0	0	0	0.00440487	0.0931	321.617	73.1363	76.4458
1560.299	0	0	0	0	0.00424791	0.0931	321.4	73.1363	76.4408
1560.442	0	0	0	0	0.00430675	0.0931	321.617	73.0578	76.4348
1560.585	0	0	0	0	0.00430675	0.0931	321.508	73.0578	76.4287
1560.729	0	0	0	0	0.00419386	0.0931	321.508	73.0578	76.4227
1560.872	0	0	0	0	0.00419386	0.091713	321.508	73.0578	76.4176
1561.015	-40.5077	0	0	-0.038672	0.0114107	0.140706	320.426	73.0578	76.4116
1561.158	-6.12486	0	0	0.0026832	0.0114107	0.155754	314.58	73.0578	76.4055
1561.301	1.15158	0	0	-0.0647685	0.518024	0.161764	311.008	73.0578	76.4102
1561.444	0.583728	0	0	-0.102648	0.518024	0.15981	308.951	72.9807	76.4138
1561.730	-0.242914	0	0	-0.118091	1.43429	0.159801	310.034	72.9807	76.543
1561.874	0.16214	0	0	-0.134821	1.43429	0.168349	305.595	72.9807	76.6025
1562.191	0.0869989	0	0	-0.166554	1.71476	0.176898	305.054	72.9807	76.8087
1562.350	0.0761046	0	0	-0.166757	2.14383	0.176989	303.647	73.0426	77.001
1562.494	-0.0824889	0	0	-0.166503	2.14582	0.177154	302.456	73.0426	77.1341
1562.653	-0.034322	0	0	-0.169563	2.14582	0.177109	303.863	73.0426	77.3155
1562.812	-0.354375	0	0	-0.0870783	2.08964	0.152635	314.255	73.0426	77.46
1562.971	-0.343199	0	0	-0.0308939	2.08964	0.152368	315.663	73.0426	77.5976
1563.134	-0.0238697	0	0	-0.0286113	0.933164	0.152329	315.879	73.0426	77.5894
1563.293	-0.113298	0	0.00296219	-0.00616334	0.664041	0.111697	316.096	73.0426	75.8164
1563.452	3.80887	11.503	0.0591535	0.0623817	0.664041	0.111761	315.987	73.1858	75.7913
1563.611	20.9185	35.0604	0.150378	0.155683	0.703555	0.111866	315.771	73.1858	75.7727
1563.977	117.7	149.908	0.279451	0.289558	0.747057	0.11181	313.714	73.1858	75.7325
1564.121	174.885	194.968	0.337287	0.329078	0.793415	0.110736	315.013	73.1858	75.7226
1564.263	236.731	239.95	0.206496	0.202686	0.793415	0.0998341	317.503	73.1858	75.7097
1564.406	298.896	284.774	0.113723	0.106067	0.664682	0.093672	318.261	73.1421	75.6908
1564.549	339.788	329.666	0.116969	0.0804261	0.182549	0.0930605	318.694	73.1421	75.6699
1564.835	429.474	419.509	0.0586501	0.0886245	0.0953346	0.0932444	319.018	73.1421	75.602
1564.979	463.652	464.469	0.0875256	0.0745655	0.0953346	0.0929721	318.261	73.1421	75.5687
1565.313	553.321	569.299	0.177319	0.198552	0.189095	0.093769	316.312	73.1421	75.5001
1565.460	597.419	615.519	0.23616	0.212392	0.189095	0.0940649	315.338	73.0706	75.4703
1565.603	645.46	660.364	0.243457	0.2237	0.283643	0.0939607	315.121	73.0706	75.4424
1565.746	696.571	705.288	0.180121	0.199012	0.283643	0.0940101	314.905	73.0706	75.4202
1566.032	802.086	785	0.0500641	0.0460843	0.288445	0.0928821	318.585	73.0706	75.3687
1566.176	796.602	787.291	0.106109	0.108747	0.282487	0.0938448	314.688	73.0706	75.3478
1566.319	878.702	918.54	0.29621	0.281214	0.282487	0.0944367	310.683	73.0706	75.3235
1566.462	1006.58	1049.56	0.348112	0.321199	0.3374	0.0945514	311.116	72.9965	75.3009
1566.605	1142.06	1151	0.204036	0.194444	0.45533	0.0933921	313.606	72.9965	75.2806
1566.748	1177.9	1151	0.0951452	0.0714498	0.45533	0.0928199	316.529	72.9965	75.2656
1566.891	1182.32	1151	0.0505545	0.0423554	0.319216	0.0930742	317.719	72.9965	75.2458
1567.320	1147.91	1151	0.138807	0.130177	0.316984	0.0933867	315.554	72.9965	75.1861
1567.464	1164.21	1151	0.060531	0.0468774	0.325631	0.0931326	317.503	72.9268	75.1661
1567.622	1158.11	1151	0.0275136	0.0485107	0.317814	0.0930957	316.745	72.9268	75.1465
1567.941	1137.25	1151	0.153586	0.163602	0.323683	0.0933533	314.905	72.9268	75.1052
1568.290	1161.33	1151	0.0436876	0.0726674	0.317747	0.092926	316.962	72.9268	75.0628
1568.450	1147.62	1151	0.153544	0.156368	0.318996	0.0935177	313.822	72.8554	75.0452
1568.768	1157.5	1151	0.0843467	0.0585249	0.327499	0.0931818	316.529	72.8554	75.0085
1568.927	1164.95	1151	0.0217768	0.0466754	0.316992	0.0928389	317.178	72.8554	74.9893
1569.086	1146.06	1151	0.109713	0.143011	0.316992	0.0933549	314.255	72.8554	74.9731
1569.245	1140.05	1151	0.204322	0.182272	0.318734	0.0934519	313.714	72.8554	74.9573
1569.404	1152.58	1151	0.118353	0.0960867	0.326668	0.0931582	316.096	72.7843	74.9393
1569.563	1163.37	1151	0.0358085	0.020322	0.326668	0.0930355	317.719	72.7843	74.9243
1569.706	1151.62	1151	0.0675708	0.0706816	0.316854	0.0933193	315.338	72.7843	74.9094
1569.849	1135.34	1151	0.157914	0.156715	0.316854	0.0937897	313.065	72.7843	74.8971
1569.992	1145.06	1151	0.170264	0.155787	0.322929	0.093493	314.905	72.7843	74.8828
1570.331	1154.35	1151	0.0525389	0.0307815	0.317721	0.0932789	317.07	72.7843	74.8502
1570.903	1169.01	1151	0.0394644	0.0256283	0.328023	0.0931379	317.719	72.7134	74.7997
1571.046	1158.53	1151	0.0884217	0.0791855	0.315904	0.0935789	315.23	72.7134	74.789
1571.189	1141.11	1151	0.163493	0.162347	0.315904	0.0937434	312.956	72.7134	74.7764
1571.332	1144.08	1151	0.176692	0.163775	0.319	0.0934045	314.58	72.7134	74.7641
1571.475	1164.23	1151	0.0965097	0.0700399	0.324198	0.0928964	316.853	72.6426	74.754
1571.618	1172.81	1151	0.0488355	0.0478888	0.324198	0.0930582	316.962	72.6426	74.7422
1571.762	1156.75	1151	0.124807	0.10963	0.318617	0.093516	315.23	72.6426	74.7304
1571.905	1142.64	1151	0.197879	0.193255	0.318617	0.0935845	313.173	72.6426	74.7188
1572.048	1148.85	1151	0.163831	0.135678	0.325542	0.0930954	314.255	72.6426	74.7094
1572.191	1166.2	1151	0.0865526	0.0595516	0.325542	0.0928458	317.286	72.6426	74.6983
1572.334	1173.59	1164.93	0.0835271	0.0631497	0.317796	0.0932785	316.096	72.6426	74.6871
1572.620	1172.52	1192.96	0.169801	0.18932	0.316413	0.0936847	314.039	72.5722	74.6671
1572.764	1205.43	1206.96	0.127087	0.111495	0.340971	0.0932682	315.554	72.5722	74.6566
1572.907	1226.91	1220.99	0.0268719	0.0583159	0.340971	0.092902	316.204	72.5722	74.6467
1573.050	1240.59	1234.99	0.100703	0.0979904	0.316583	0.0933414	315.23	72.5722	74.6381
1573.209	1231.4	1250.56	0.164004	0.185751	0.316583	0.0936901	311.982	72.5722	74.6261
1573.670	1295.59	1295.72	0.104638	0.113735	0.3281	0.0935096	314.905	72.5019	74.5973
1573.830	1295.17	1311.29	0.162402	0.208113	0.325357	0.0935198	312.523	72.5019	74.5862
1573.988	1323.88	1326.86	0.14913	0.123887	0.325357	0.0931315	314.364	72.5019	74.5769
1574.147	1358.87	1342.43	0.036956	0.0636152	0.3473	0.0931335	315.879	72.5019	74.5681
1574.465	1358.59	1373.57	0.178748	0.20659	0.323367	0.0936729	312.415	72.4326	74.5486
1574.624	1396.99	1389.16	0.0989152	0.0540756	0.353705	0.092873	316.204	72.4326	74.5402
1575.147	1442.21	1440.51	0.0806957	0.0994272	0.351897	0.0930877	315.771	72.4326	74.5106
1575.292	1471.53	1454.53	0.0396925	0.082323	0.331266	0.0931091	315.879	72.4326	74.5026
1575.721	1507.02	1496.56	0.066334	0.0515452	0.353028	0.0929425	316.204	72.3639	74.4798
1575.865	1515.63	1510.59	0.0837393	0.0958949	0.333641	0.0934993	313.389	72.3639	74.4719
1576.008	1514.89	1524.59	0.176878	0.191824	0.333641	0.0935407	310.25	72.3639	74.4638
1576.151	1526.06	1538.62	0.158852	0.132283	0.353118	0.0932332	314.797	72.3639	74.4576
1576.294	1571.62	1552.62	0.0634867	0.0468558	0.353118	0.0931113	315.771	72.3639	74.4503
1576.438	1567.31	1566.67	0.151649	0.140537	0.339548	0.0936522	310.791	72.2953	74.4426
1576.771	1615.64	1599.33	0.057799	0.0747659	0.355867	0.0931184	315.663	72.2953	74.4267
1576.914	1616.37	1613.33	0.101715	0.108844	0.338559	0.093494	312.199	72.2953	74.4193
1577.201	1643.94	1641.36	0.0693488	0.0844156	0.359176	0.0930413	315.771	72.2953	74.4063
1577.344	1661.6	1655.39	0.074509	0.0915248	0.336635	0.093335	313.498	72.2953	74.3993
1577.487	1649.71	1669.39	0.196799	0.202737	0.336635	0.093656	310.25	72.2275	74.3919
1577.630	1684.98	1683.39	0.113057	0.125372	0.364486	0.0930319	315.121	72.2275	74.385
1577.773	1708.82	1697.42	0.0535046	0.0725952	0.364486	0.09333	314.255	72.2275	74.3796
1577.916	1700.85	1711.44	0.175734	0.160316	0.33379	0.0937557	309.925	72.2275	74.3726
1578.059	1713.66	1725.46	0.174961	0.139366	0.33379	0.0931109	314.364	72.2275	74.3653
1578.203	1751.38	1739.46	0.0388051	0.0525748	0.365262	0.0931816	315.338	72.2275	74.3599
1578.791	1791.66	1797.11	0.173132	0.181169	0.35625	0.0936826	311.766	72.1603	74.3337
1579.109	1843.79	1828.25	0.0566288	0.0544273	0.359787	0.0932839	313.606	72.1603	74.32
1579.252	1826.58	1842.22	0.216247	0.189639	0.343174	0.0937164	311.657	72.1603	74.3143
1579.411	1863.07	1857.79	0.0961103	0.0547293	0.368348	0.092909	315.121	72.0931	74.3069
1579.570	1887.96	1873.36	0.0924571	0.0994019	0.368348	0.093454	312.74	72.0931	74.301
1579.729	1872.76	1888.93	0.177869	0.168365	0.349682	0.093548	312.415	72.0931	74.2937
1579.888	1922.05	1904.5	0.0396113	0.0407383	0.349682	0.0929944	314.472	72.0931	74.2873
1580.047	1912.27	1920.07	0.168756	0.184275	0.357838	0.0937773	308.843	72.0931	74.2811
1580.206	1927.2	1935.64	0.110473	0.129949	0.368053	0.093149	313.281	72.0931	74.2741
1580.365	1956.58	1951.21	0.107822	0.125501	0.368053	0.0933875	311.766	72.0267	74.2682
1580.524	1956.77	1966.78	0.148699	0.174054	0.345983	0.0935875	310.9	72.0267	74.2618
1580.684	1993.71	1982.39	0.0530598	0.066252	0.362865	0.0933538	314.039	72.0267	74.2545
1580.827	1996.04	1996.37	0.12612	0.169717	0.362865	0.0938056	308.518	72.0267	74.2496
1580.970	2004.26	2010.39	0.119646	0.121397	0.364051	0.0932445	314.039	72.0267	74.2438
1581.113	2036.32	2024.41	0.0970384	0.0792587	0.364051	0.0932178	312.632	72.0267	74.2379
1581.256	2022.55	2038.41	0.193855	0.160399	0.349485	0.093606	309.059	72.0267	74.2318
1581.399	2055.94	2052.44	0.111243	0.0921326	0.349485	0.092944	315.23	71.9609	74.2266
1581.542	2074.1	2066.44	0.0918481	0.122697	0.369131	0.0935824	311.116	71.9609	74.2209
1581.686	2060.88	2080.47	0.1788	0.166615	0.369131	0.0934728	310.575	71.9609	74.2153
1581.829	2106.38	2094.47	0.0646085	0.0435447	0.371656	0.0933166	313.281	71.9609	74.2107
1581.972	2099.42	2108.5	0.161461	0.153255	0.351366	0.0937156	310.358	71.9609	74.205
1582.115	2108.46	2122.5	0.0996013	0.106335	0.351366	0.0931673	312.956	71.9609	74.199
1582.258	2147.72	2136.5	0.107228	0.0977898	0.366143	0.0934243	310.034	71.9609	74.1932
1582.544	2174.79	2164.53	0.0800676	0.0741839	0.376114	0.0931858	313.822	71.8954	74.1831
1583.117	2198.84	2220.57	0.161693	0.197504	0.360056	0.0934864	308.518	71.8954	74.1614
1583.260	2249.72	2234.59	0.0875787	0.0682732	0.378216	0.0932104	314.147	71.8954	74.1558
1583.403	2248.7	2248.62	0.167039	0.193833	0.378216	0.0935363	309.492	71.8306	74.1514
1583.689	2285.38	2276.62	0.0927686	0.1399	0.375423	0.0936782	311.224	71.8306	74.1407
1583.833	2278.85	2290.65	0.171368	0.152302	0.358941	0.0931869	311.982	71.8306	74.1349
1583.976	2322.15	2304.67	0.0811644	0.0781993	0.358941	0.0931102	311.874	71.8306	74.13
1584.469	2326.62	2352.94	0.190216	0.180732	0.382289	0.0936998	310.034	71.7664	74.112
1584.628	2381.95	2368.51	0.0950372	0.0685454	0.379786	0.0931554	311.116	71.7664	74.1069
1584.771	2378.34	2382.53	0.176199	0.201501	0.365693	0.0937888	310.358	71.7664	74.1016
1584.930	2408.49	2398.08	0.0966567	0.0624798	0.365693	0.0931178	313.822	71.7664	74.0952
1585.089	2403.38	2413.65	0.181816	0.222732	0.36606	0.093799	310.034	71.7664	74.0897
1585.455	2433.7	2449.49	0.183515	0.18079	0.3788	0.0934083	309.492	71.7026	74.0765
1585.614	2486.29	2465.03	0.0712464	0.0704311	0.382652	0.0932848	311.116	71.7026	74.0714
1585.773	2467.03	2480.6	0.215128	0.172003	0.382652	0.0935167	310.575	71.7026	74.0663
1585.932	2508.34	2496.17	0.0823756	0.132844	0.378732	0.0934642	311.549	71.7026	74.0603
1586.091	2502.16	2511.74	0.18987	0.155629	0.369073	0.0934646	311.549	71.7026	74.055
1586.393	2526.92	2541.31	0.20926	0.156856	0.370285	0.0934124	311.116	71.6394	74.044
1586.679	2555.21	2569.34	0.175086	0.187869	0.377085	0.093672	311.116	71.6394	74.0341
1586.822	2597.46	2583.36	0.0667645	0.09548	0.375131	0.0932387	311.441	71.6394	74.0288
1587.109	2622.39	2611.48	0.0934334	0.0720474	0.380422	0.0934423	310.791	71.6394	74.0182
1587.395	2649.23	2639.41	0.0716451	0.076443	0.384254	0.0933128	310.9	71.5769	74.0089
1587.681	2675.61	2667.44	0.033823	0.029489	0.387399	0.0933028	312.632	71.5769	73.9988
1587.825	2668.64	2681.49	0.215491	0.221384	0.387399	0.0936002	307.327	71.5769	73.9947
1588.111	2688.58	2709.47	0.207368	0.211027	0.384322	0.0936844	309.168	71.5769	73.9844
1588.254	2736.44	2723.5	0.0161536	0.0208642	0.384322	0.0932935	312.415	71.5769	73.9801
1588.397	2714.88	2737.5	0.203367	0.211742	0.387875	0.093728	304.513	71.5146	73.9751
1588.540	2759.89	2751.5	0.0164269	0.0295488	0.387875	0.0929862	313.606	71.5146	73.9702
1588.683	2742.39	2765.53	0.264111	0.289658	0.389384	0.0938936	306.353	71.5146	73.9652
1588.826	2806.67	2779.53	-0	0.00177516	0.389384	0.0930307	312.09	71.5146	73.9611
1588.969	2764.13	2793.56	0.312535	0.250126	0.40459	0.0938972	308.735	71.5146	73.9567
1589.113	2820.52	2807.58	0.0156522	0.0345641	0.40459	0.0930805	313.606	71.5146	73.9523
1589.256	2788.19	2821.56	0.276969	0.259863	0.413484	0.0939763	304.513	71.5146	73.9481
1589.399	2868.04	2835.59	0.00143176	0.0376611	0.418056	0.0933852	311.874	71.4542	73.9446
1589.542	2814.96	2849.59	0.304151	0.287179	0.418056	0.0937201	308.735	71.4542	73.9404
1589.685	2907.48	2863.59	0.00252412	0.0159591	0.417844	0.0934238	309.059	71.4542	73.9362
1589.844	2836.73	2879.18	0.247775	0.203598	0.417844	0.0932149	311.982	71.4542	73.932
1590.003	2930.3	2894.77	0.107912	0.160177	0.417114	0.0942349	302.889	71.4542	73.9278
1590.162	2900.77	2910.33	0.116211	0.0570874	0.423947	0.0927314	316.745	71.4542	73.923
1590.305	2929.82	2924.34	0.224264	0.293578	0.423947	0.0941692	301.265	71.4542	73.9196
1590.464	2963.45	2939.91	-0	-0.00186692	0.42342	0.0929965	314.364	71.3952	73.9148
1590.623	2926.82	2955.47	0.293405	0.260987	0.42342	0.0936918	307.977	71.3952	73.9106
1590.782	3007.81	2971.04	0.0498308	0.0950913	0.419305	0.093877	305.704	71.3952	73.9055
1591.100	3015.23	3002.18	0.288382	0.31988	0.427039	0.0943313	306.137	71.3952	73.8971
1591.260	3047.6	3017.75	-0	0.0134727	0.425417	0.0928571	314.364	71.3952	73.8922
1591.418	3001.33	3033.32	0.290551	0.222717	0.425417	0.0933365	311.333	71.3361	73.888
1591.578	3087.21	3048.89	0.132791	0.157139	0.424082	0.0942062	300.399	71.3361	73.8836
1591.737	3065.29	3064.46	0.0416077	0.0143636	0.42033	0.0927216	316.42	71.3361	73.8785
1591.880	3070.51	3078.48	0.287253	0.303603	0.42033	0.0943768	306.894	71.3361	73.8748
1592.023	3128.39	3092.49	-0	0.0114303	0.429295	0.0930604	313.173	71.3361	73.8705
1592.166	3069.28	3106.49	0.298185	0.279161	0.429295	0.0937808	306.353	71.3361	73.8663
1592.309	3185.57	3120.51	0.0221946	0.0550799	0.426125	0.0937734	307.977	71.3361	73.8619
1592.452	3110.39	3134.52	0.248227	0.157864	0.426684	0.0927669	314.905	71.2782	73.8582
1592.786	3214.04	3167.2	-0	0.0393015	0.418161	0.0932816	307.327	71.2782	73.8477
1593.072	3247.66	3195.24	0.0737052	0.188042	0.419864	0.0943042	302.456	71.2782	73.8391
1593.359	3223.87	3223.27	0.308357	0.303161	0.429003	0.0943645	305.704	71.2212	73.83
1593.502	3269.19	3237.27	-0	-0.0092257	0.426854	0.0933494	311.657	71.2212	73.8263
1593.645	3217.97	3251.3	0.284446	0.240868	0.426854	0.0933878	309.925	71.2212	73.8217
1593.788	3308.63	3265.3	0.0834523	0.107298	0.424573	0.0942374	302.239	71.2212	73.8171
1593.932	3269.04	3279.32	0.102394	0.0326394	0.424573	0.0926162	316.853	71.2212	73.8133
1594.075	3294.73	3293.33	0.298469	0.318335	0.43056	0.0941589	300.94	71.2212	73.8089
1594.551	3336.95	3340.03	0.283989	0.314735	0.433283	0.0940458	305.054	71.1645	73.7947
1594.695	3407.66	3354.04	-0	0.0256825	0.433283	0.0933008	307.219	71.1645	73.7903
1594.838	3319.57	3368.04	0.240701	0.166119	0.436053	0.0926631	314.147	71.1645	73.7859
1594.984	3411.52	3382.38	0.203448	0.244519	0.436053	0.0944289	299.425	71.1645	73.7816
1595.127	3408.27	3396.41	0.00205369	0.0150916	0.451913	0.0929046	314.797	71.1645	73.7784
1595.270	3382.83	3410.44	0.348811	0.293096	0.447196	0.0934824	309.601	71.1645	73.7745
1595.429	3461.63	3425.96	0.118147	0.232787	0.447196	0.0943026	305.379	71.109	73.7704
1595.588	3463.74	3441.55	-0	-0.00517159	0.43614	0.0929422	313.822	71.109	73.7653
1595.747	3399.7	3457.09	0.274629	0.208474	0.43614	0.0928538	312.956	71.109	73.7607
1595.891	3504.68	3471.1	0.161875	0.254914	0.423553	0.0941955	303.538	71.109	73.7558
1596.049	3507.93	3486.68	-0	-0.00261219	0.422938	0.0930169	312.523	71.109	73.7508
1596.208	3464	3502.25	0.222508	0.139263	0.422938	0.0927199	315.663	71.109	73.7451
1596.368	3517.02	3517.82	0.281054	0.298582	0.42979	0.0941665	300.832	71.0537	73.7403
1596.526	3578.62	3533.38	0.0198811	0.0959654	0.42979	0.0939694	299.1	71.0537	73.7355
1596.685	3548.31	3548.95	0.0643464	0.00649412	0.432349	0.0928275	314.797	71.0537	73.73
1596.845	3528.27	3564.55	0.277237	0.270881	0.457533	0.0934899	308.193	71.0537	73.7257
1597.004	3611.22	3580.09	0.195793	0.255575	0.457533	0.094495	299.317	71.0537	73.7218
1597.163	3636.34	3595.66	0.0213737	0.0475354	0.454099	0.0934294	306.245	71.0537	73.7172
1597.465	3615.47	3625.23	0.320336	0.335026	0.430448	0.0941932	302.672	70.9991	73.7079
1597.608	3691.3	3639.26	0.0155559	0.0470079	0.428652	0.093918	303.863	70.9991	73.7029
1597.894	3667.97	3667.26	0.30423	0.334389	0.429302	0.0942063	302.348	70.9991	73.6939
1598.037	3732.03	3681.29	0.0408774	0.0911179	0.429302	0.0939227	302.239	70.9991	73.6889
1598.181	3672.69	3695.29	0.104092	0.0368651	0.446538	0.0927012	315.987	70.9991	73.6853
1598.324	3693.61	3709.29	0.357633	0.339864	0.446538	0.0936657	305.812	70.9991	73.6809
1598.467	3771.06	3723.32	0.0427488	0.119215	0.458057	0.0942053	296.935	70.9448	73.6769
1598.610	3725.88	3737.32	0.124758	0.0343338	0.43174	0.0927072	315.771	70.9448	73.6724
1598.753	3719.95	3751.35	0.316382	0.326395	0.43174	0.0934938	307.003	70.9448	73.6683
1598.896	3796.83	3765.35	0.143214	0.204562	0.412065	0.0940591	296.286	70.9448	73.663
1599.039	3782.43	3779.41	0.0396274	0.0510212	0.412065	0.0931667	312.632	70.9448	73.6573
1599.183	3740.65	3793.39	0.308696	0.217565	0.427408	0.0930987	311.874	70.9448	73.653
1599.326	3833.49	3807.39	0.200466	0.257354	0.427408	0.094069	296.61	70.9448	73.6478
1599.612	3800.2	3835.42	0.240122	0.153145	0.461996	0.0927404	313.822	70.8914	73.6398
1599.755	3844.31	3849.43	0.274148	0.287643	0.439529	0.093815	300.616	70.8914	73.6359
1599.898	3902.73	3863.45	0.0558163	0.135516	0.420702	0.0936452	303.755	70.8914	73.6309
1600.041	3862.32	3877.45	0.0878262	0.0311772	0.420702	0.0930246	313.714	70.8914	73.6256
1600.327	3939.26	3905.48	0.154222	0.197284	0.441616	0.0944683	299.317	70.8914	73.6169
1600.471	3928.91	3919.51	0.0366195	0.018425	0.461056	0.0936155	308.518	70.838	73.6127
1600.614	3907.67	3933.51	0.213408	0.17673	0.461056	0.0929319	311.982	70.838	73.6085
1600.757	3947.41	3947.51	0.280818	0.308911	0.427891	0.0935263	301.482	70.838	73.6042
1600.916	3983.65	3963.08	0.125845	0.179386	0.428549	0.0954038	296.177	70.838	73.5982
1601.075	3999.23	3978.65	0.00771353	0.0411764	0.428549	0.0930128	303.214	70.838	73.593
1601.377	3982.32	4008.22	0.281157	0.236974	0.458876	0.0944713	308.518	70.7856	73.5844
1601.537	4028.68	4023.82	0.24157	0.338305	0.440673	0.0938069	300.183	70.7856	73.5789
1601.695	4064.56	4039.36	0.143896	0.18575	0.424065	0.0940771	296.719	70.7856	73.5737
1601.854	4083.83	4054.93	0.0192379	0.0618087	0.424065	0.0936458	302.239	70.7856	73.5684
1602.013	4058.99	4070.51	0.0704239	0.0527402	0.440754	0.0931214	308.085	70.7856	73.5627
1602.172	4055.35	4086.08	0.218405	0.158109	0.440754	0.0930084	311.657	70.7856	73.558
1602.490	4124.26	4117.22	0.244764	0.281305	0.429413	0.0936365	305.487	70.7344	73.5473
1602.649	4172.35	4132.79	0.121372	0.172162	0.429413	0.0931232	304.513	70.7344	73.542
1602.808	4174.72	4148.36	0.0590386	0.134087	0.460526	0.09269	307.111	70.7344	73.5378
1602.952	4139.1	4162.38	0.10122	0.0697459	0.4405	0.0919496	310.575	70.7344	73.5333
1603.095	4148.3	4176.38	0.253848	0.229788	0.4405	0.0939388	309.709	70.7344	73.5284
1603.238	4201.87	4190.39	0.234963	0.270376	0.435232	0.0949278	305.704	70.7344	73.5233
1603.381	4233.01	4204.41	0.067979	0.12042	0.435232	0.0951954	303.971	70.6832	73.5191
1603.668	4202.74	4232.44	0.228423	0.167194	0.464618	0.0928168	310.467	70.6832	73.5107
1603.810	4242.45	4246.47	0.273266	0.303834	0.431341	0.0945323	307.76	70.6832	73.5053
1603.954	4277.25	4260.47	0.144003	0.218675	0.431341	0.0938487	299.641	70.6832	73.501
1604.097	4284.04	4274.45	0.0442701	0.0796312	0.449337	0.0941862	300.616	70.6832	73.4964
1604.240	4271.39	4288.48	0.109812	0.0881921	0.447695	0.0919528	310.25	70.6832	73.4917
1604.383	4292.78	4302.48	0.201179	0.24136	0.447695	0.0925103	309.492	70.6327	73.4877
1604.526	4324.29	4316.48	0.235667	0.302186	0.429041	0.0944943	300.616	70.6327	73.4826
1604.669	4353.52	4330.51	0.124753	0.171625	0.429041	0.0923184	305.054	70.6327	73.4771
1604.813	4345.21	4344.51	0.062914	0.0565698	0.441038	0.0944873	305.487	70.6327	73.4721
1604.956	4339.47	4358.54	0.182856	0.120943	0.441038	0.0922453	307.652	70.6327	73.468
1605.099	4365	4372.55	0.22876	0.234846	0.406014	0.0930737	311.549	70.6327	73.4618
1605.242	4390.73	4386.58	0.240068	0.308812	0.406014	0.0895727	305.379	70.6327	73.4558
1605.385	4425.17	4400.58	0.124197	0.196246	0.432582	0.0918762	297.476	70.583	73.4505
1605.528	4417.07	4414.63	0.0549439	0.0951944	0.408418	0.0940239	306.353	70.583	73.4458
1605.671	4411.36	4428.61	0.126428	0.100997	0.408418	0.0917971	308.518	70.583	73.4398
1605.815	4430.23	4442.63	0.23375	0.203041	0.408026	0.0922988	308.843	70.583	73.4337
1606.101	4487.76	4470.64	0.186677	0.253946	0.392949	0.0888428	304.729	70.583	73.4223
1606.244	4502.97	4484.64	0.102686	0.0991287	0.392949	0.089282	300.291	70.583	73.4159
1606.403	4506.52	4500.21	0.0713654	0.115414	0.384345	0.0902989	303.43	70.5314	73.4093
1606.562	4514.76	4515.78	0.106675	0.112718	0.369925	0.0905492	306.57	70.5314	73.4015
1606.721	4520	4531.35	0.107985	0.101207	0.369925	0.0909014	309.709	70.5314	73.3945
1606.864	4514.41	4545.35	0.218667	0.157403	0.359189	0.0908325	309.817	70.5314	73.3873
1607.023	4534.47	4560.92	0.233135	0.227269	0.359189	0.0899337	309.925	70.5314	73.3801
1607.182	4565.64	4576.49	0.236684	0.236272	0.350382	0.087528	309.709	70.5314	73.3727
1607.341	4578.71	4581	0.288916	0.230024	0.328283	0.0884471	310.358	70.5314	73.3638
1607.500	4590.39	4581	0.223131	0.237869	0.328283	0.0876299	308.41	70.4787	73.3559
1607.659	4595.91	4581	0.209488	0.230772	0.335011	0.0882058	307.327	70.4787	73.3483
1607.818	4595.61	4581	0.179462	0.213289	0.316488	0.0884929	306.786	70.4787	73.3394
1607.977	4598.67	4581	0.139199	0.2101	0.316488	0.0879435	300.507	70.4787	73.3315
1608.136	4604.19	4581	0.080737	0.147576	0.323039	0.0891785	297.368	70.4787	73.3224
1608.295	4604.09	4581	0.0799454	0.116252	0.323039	0.0886703	298.018	70.4787	73.3148
1608.581	4567.29	4581	0.124833	0.0784502	0.326876	0.0897841	310.467	70.4248	73.3014
1608.725	4565.42	4581	0.21811	0.136669	0.326876	0.0912795	311.441	70.4248	73.294
1608.868	4574.17	4581	0.257311	0.223278	0.335443	0.0886814	309.384	70.4248	73.2868
1609.011	4598.9	4581	0.19004	0.212564	0.335443	0.0868025	304.729	70.4248	73.2798
1609.154	4610.41	4581	0.126927	0.20033	0.328369	0.0897329	300.183	70.4248	73.2738
1609.440	4569.04	4581	0.0913952	0.0421295	0.329852	0.089637	310.358	70.3707	73.2596
1609.583	4553.74	4581	0.17395	0.112832	0.329852	0.0896273	310.25	70.3707	73.2538
1609.727	4572.67	4581	0.224562	0.213619	0.331394	0.0889267	307.76	70.3707	73.2468
1609.870	4576.07	4581	0.21904	0.206415	0.332051	0.0870702	308.085	70.3707	73.2399
1610.013	4587.58	4581	0.112175	0.201088	0.332051	0.0867745	300.183	70.3707	73.2331
1610.156	4602.22	4581	0.0889646	0.121184	0.327076	0.0893279	298.126	70.3707	73.2273
1610.299	4578.95	4581	0.118188	0.0986928	0.327076	0.0912733	310.034	70.3707	73.2204
1610.443	4563.31	4581	0.125558	0.0937307	0.335584	0.090085	310.791	70.3171	73.2137
1610.585	4562.12	4581	0.19298	0.20965	0.335584	0.0903917	310.034	70.3171	73.2082
1610.728	4575.27	4581	0.226043	0.263039	0.321622	0.0893493	310.683	70.3171	73.2013
1610.872	4587.82	4581	0.203633	0.249893	0.321622	0.0855047	303.647	70.3171	73.1944
1611.015	4594.12	4581	0.0626289	0.119913	0.326417	0.0892809	298.018	70.3171	73.1876
1611.587	4575.57	4581	0.23855	0.212718	0.335885	0.0896468	309.709	70.2639	73.1622
1611.730	4601.46	4581	0.186536	0.26036	0.326906	0.0874491	305.812	70.2639	73.1567
1611.889	4593.77	4581	0.198431	0.203166	0.326906	0.0885433	307.003	70.2639	73.1491
1612.048	4602.59	4581	0.136941	0.198491	0.335769	0.0871869	305.812	70.2639	73.1429
1612.351	4596.56	4581	0.0733797	0.103274	0.325208	0.0885668	306.137	70.2639	73.1299
1612.510	4583.34	4581	0.0723746	0.113817	0.337228	0.0902798	306.245	70.2104	73.1236
1612.669	4575.07	4581	0.0838649	0.0215725	0.337228	0.0898205	309.817	70.2104	73.1163
1612.828	4557.5	4581	0.106933	0.0695952	0.321952	0.0914572	311.657	70.2104	73.1097
1613.146	4556	4581	0.187174	0.113652	0.340639	0.0913825	309.492	70.2104	73.0963
1613.305	4555.69	4581	0.203327	0.133725	0.319028	0.0915086	310.467	70.2104	73.0897
1613.464	4561.35	4581	0.220781	0.218348	0.340306	0.0901953	310.9	70.1572	73.0824
1613.623	4573.22	4581	0.258353	0.224251	0.340306	0.0892799	308.951	70.1572	73.0765
1614.068	4597	4581	0.124472	0.158386	0.325129	0.0886161	307.003	70.1572	73.0575
1614.212	4588.45	4581	0.0433057	0.0512907	0.325129	0.0886236	305.379	70.1572	73.0523
1614.354	4571.57	4581	0.123907	0.0873528	0.324527	0.0909986	308.518	70.1572	73.0461
1614.498	4560.71	4581	0.215422	0.143474	0.338288	0.0906491	312.523	70.1043	73.04
1614.641	4557.19	4581	0.212125	0.176185	0.338288	0.0892023	310.034	70.1043	73.0341
1614.784	4585.02	4581	0.195831	0.25112	0.321319	0.0892866	301.482	70.1043	73.029
1614.928	4610.42	4581	0.134677	0.190107	0.321319	0.0876485	303.322	70.1043	73.0228
1615.071	4592.39	4581	0.134516	0.0661009	0.342996	0.0876857	305.92	70.1043	73.017
1615.356	4569.56	4581	0.150408	0.087159	0.317941	0.0910229	310.467	70.1043	73.0059
1615.500	4564.88	4581	0.212085	0.238889	0.342992	0.089111	312.523	70.0511	72.9997
1615.643	4577.05	4581	0.204076	0.257899	0.342992	0.0898667	306.678	70.0511	72.994
1615.786	4596.13	4581	0.139008	0.188269	0.322149	0.0889924	298.884	70.0511	72.989
1615.929	4604.1	4581	0.0866345	0.162048	0.322149	0.0887352	305.704	70.0511	72.9828
1616.072	4590.76	4581	0.0562959	0.0528801	0.337229	0.0897902	304.946	70.0511	72.9768
1616.215	4565.97	4581	0.104095	0.0912456	0.337229	0.0906433	310.034	70.0511	72.971
1616.359	4562.17	4581	0.209678	0.165534	0.323651	0.0894658	312.307	69.9985	72.9659
1616.501	4576.96	4581	0.216085	0.213787	0.323651	0.0881596	308.626	69.9985	72.9599
1616.645	4591	4581	0.205144	0.23715	0.335778	0.0896064	302.023	69.9985	72.954
1616.788	4607.96	4581	0.104019	0.181489	0.313873	0.0879775	306.245	69.9985	72.9479
1616.931	4596.73	4581	0.0717666	0.0944084	0.313873	0.0884908	304.946	69.9985	72.9425
1617.074	4568.52	4581	0.0858126	0.0300662	0.33224	0.0915016	307.327	69.9985	72.9365
1617.218	4562.33	4581	0.186605	0.127863	0.33224	0.0908917	312.199	69.9985	72.9306
1617.376	4554.53	4581	0.205256	0.133579	0.319889	0.0898698	310.034	69.9461	72.9244
1617.694	4571.2	4581	0.261561	0.261713	0.340817	0.0903692	307.544	69.9461	72.9121
1617.841	4590.58	4581	0.206534	0.241205	0.324284	0.0878571	306.245	69.9461	72.9062
1618.000	4593.17	4581	0.17775	0.280084	0.324284	0.0866219	306.353	69.9461	72.9002
1618.159	4596.32	4581	0.169783	0.234918	0.335859	0.0877773	306.028	69.9461	72.8944
1618.318	4607.49	4581	0.072229	0.168642	0.327502	0.0878043	306.678	69.9461	72.8878
1618.477	4609.48	4581	0.1291	0.12807	0.327502	0.0885845	306.678	69.8933	72.8819
1618.637	4594.89	4581	0.111322	0.0639439	0.333075	0.0896316	302.456	69.8933	72.8762
1618.795	4598.74	4581	0.087537	0.0748584	0.333075	0.0898172	300.832	69.8933	72.8695
1618.955	4578.09	4581	0.0751642	0.0528404	0.326984	0.0906338	303.43	69.8933	72.8636
1619.114	4578.14	4581	0.0881183	0.0746314	0.337124	0.0912939	306.137	69.8933	72.8569
1619.273	4561.12	4581	0.112657	0.0955899	0.337124	0.0903925	309.492	69.8933	72.8512
1619.416	4546.69	4581	0.15694	0.109344	0.324004	0.090626	309.817	69.841	72.8453
1619.559	4567.08	4581	0.217032	0.204375	0.324004	0.0883782	310.257	69.841	72.8404
1619.702	4601.23	4581	0.221026	0.250122	0.337656	0.0866373	304.08	69.841	72.8349
1619.846	4594.67	4581	0.13691	0.160059	0.337656	0.0897236	300.074	69.841	72.8291
1619.989	4596.01	4581	0.0643602	0.0714579	0.313955	0.0886623	306.678	69.841	72.8229
1620.132	4582.92	4581	0.0634071	0.0718373	0.327374	0.0897926	307.76	69.841	72.8179
1620.275	4564.97	4581	0.198556	0.137085	0.327374	0.0916677	310.575	69.841	72.812
1620.418	4563.11	4581	0.216861	0.197919	0.330657	0.0893422	312.523	69.789	72.8063
1620.561	4586.34	4581	0.203729	0.218326	0.330657	0.0870154	307.436	69.789	72.8015
1620.847	4603.49	4581	0.0809427	0.0926143	0.33047	0.087931	304.946	69.789	72.7902
1620.991	4581.7	4581	0.0601262	0.0714101	0.332403	0.0889404	307.219	69.789	72.7845
1621.134	4570.79	4581	0.128601	0.10038	0.332985	0.0905938	307.436	69.789	72.7798
1621.277	4560.46	4581	0.22509	0.153769	0.332985	0.0902162	311.333	69.789	72.7741
1621.420	4569.69	4581	0.27436	0.212956	0.326741	0.0876425	310.467	69.7367	72.7683
1621.563	4598.15	4581	0.214023	0.200102	0.326741	0.0887489	302.456	69.7367	72.7635
1621.849	4585.01	4581	0.0688076	0.0906889	0.333848	0.0889262	307.003	69.7367	72.752
1621.992	4572.18	4581	0.0764398	0.0900285	0.329545	0.0898045	308.41	69.7367	72.7464
1622.135	4546.93	4581	0.167692	0.110597	0.329545	0.0910665	309.601	69.7367	72.7416
1622.279	4561.25	4581	0.217572	0.196672	0.33004	0.0896369	310.683	69.7367	72.736
1622.612	4566.82	4581	0.220675	0.20327	0.333885	0.0892071	308.735	69.6849	72.7237
1622.756	4584.08	4581	0.182195	0.22253	0.322807	0.0890374	301.806	69.6849	72.7178
1622.915	4591.11	4581	0.190764	0.253772	0.322807	0.0898923	300.074	69.6849	72.711
1623.280	4572.98	4581	0.207074	0.197129	0.325327	0.0880528	308.735	69.6849	72.6973
1623.424	4596.3	4581	0.179014	0.218363	0.325327	0.088761	300.94	69.6333	72.6915
1623.582	4592.01	4581	0.138045	0.230185	0.333815	0.0878607	302.023	69.6333	72.6858
1623.742	4601.99	4581	0.0682136	0.14271	0.328565	0.0863217	302.239	69.6333	72.6792
1623.901	4602.16	4581	0.106221	0.18443	0.328565	0.088697	304.404	69.6333	72.6735
1624.060	4589.53	4581	0.0891714	0.0737236	0.333945	0.0885473	305.92	69.6333	72.6678
1624.219	4600.31	4581	0.0403833	0.100168	0.326689	0.0893578	307.219	69.6333	72.6611
1624.378	4577.32	4581	0.0950487	0.0562869	0.326689	0.0905243	310.25	69.5813	72.6553
1624.537	4569.33	4581	0.121164	0.04657	0.337006	0.0907414	309.601	69.5813	72.6497
1624.696	4570.01	4581	0.137676	0.0592544	0.337006	0.090513	308.626	69.5813	72.6432
1624.855	4553.8	4581	0.146513	0.0854209	0.323624	0.0916098	309.168	69.5813	72.6373
1624.998	4564.99	4581	0.222742	0.212511	0.34015	0.0890598	311.116	69.5813	72.6317
1625.141	4579.02	4581	0.219771	0.237681	0.34015	0.0863119	306.57	69.5813	72.6262
1625.285	4589.07	4581	0.178466	0.203979	0.323891	0.089929	300.832	69.5813	72.6213
1625.428	4609.69	4581	0.118142	0.103023	0.323891	0.0888924	306.678	69.5299	72.6155
1625.761	4594.15	4581	0.094743	0.0777574	0.317842	0.0889313	303.322	69.5299	72.6033
1626.048	4566.87	4581	0.119769	0.0904112	0.324281	0.0914653	311.224	69.5299	72.5914
1626.382	4558.25	4581	0.14378	0.0848043	0.324576	0.0902068	310.25	69.4787	72.5787
1626.525	4571.81	4581	0.205612	0.198135	0.337784	0.0900909	308.626	69.4787	72.573
1626.668	4575.8	4581	0.237639	0.232427	0.337784	0.0884483	309.709	69.4787	72.5675
1626.811	4589.01	4581	0.164846	0.194223	0.322141	0.0873568	302.131	69.4787	72.5627
1626.954	4607.35	4581	0.0712484	0.136698	0.322141	0.0893597	298.234	69.4787	72.5569
1627.097	4590.84	4581	0.102336	0.116458	0.342571	0.0909865	309.709	69.4787	72.5515
1627.241	4565.36	4581	0.123422	0.0699727	0.342571	0.0890164	311.116	69.4787	72.5461
1627.384	4556.59	4581	0.1934	0.131003	0.320285	0.0898208	310.683	69.4272	72.5412
1627.527	4575.87	4581	0.24439	0.229898	0.320285	0.0889053	310.791	69.4272	72.5355
1627.670	4595.77	4581	0.201105	0.238028	0.340986	0.0876934	305.704	69.4272	72.5302
1627.813	4591.75	4581	0.0676165	0.131524	0.321774	0.0891871	299.966	69.4272	72.5256
1627.956	4598.54	4581	0.0726255	0.0865259	0.321774	0.089284	302.781	69.4272	72.5197
1628.099	4571.72	4581	0.12015	0.0801403	0.3373	0.0905894	310.142	69.4272	72.5141
1628.243	4556.69	4581	0.18613	0.112962	0.3373	0.0907872	311.657	69.4272	72.5086
1628.386	4569.28	4581	0.215889	0.214629	0.324017	0.0907831	308.518	69.376	72.5038
1628.544	4577.26	4581	0.249107	0.233728	0.324017	0.0895156	305.92	69.376	72.497
1628.703	4576.87	4581	0.214026	0.218712	0.337334	0.0889769	306.137	69.376	72.4915
1628.862	4590.63	4581	0.19619	0.278548	0.309416	0.0883307	302.348	69.376	72.4857
1629.006	4599.32	4581	0.131348	0.174575	0.309416	0.0873948	301.482	69.376	72.4795
1629.165	4596.47	4581	0.0840937	0.124791	0.335973	0.0893772	298.884	69.376	72.4738
1629.324	4594.65	4581	0.104793	0.125413	0.319535	0.0895139	299.425	69.376	72.4673
1629.483	4600.73	4581	0.0604387	0.0874566	0.319535	0.0903011	302.781	69.3253	72.4615
1629.642	4586.55	4581	0.0480425	0.0824435	0.341614	0.0909014	304.621	69.3253	72.4551
1629.801	4569.39	4581	0.0723326	0.093486	0.341614	0.0897843	309.168	69.3253	72.4498
1629.960	4570.23	4581	0.131513	0.081388	0.322983	0.0897544	310.358	69.3253	72.4439
1630.119	4568.87	4581	0.109459	0.0742764	0.335516	0.0915607	311.333	69.3253	72.4373
1630.437	4559.21	4581	0.220042	0.145708	0.327281	0.0892992	312.09	69.2741	72.4261
1630.580	4571.95	4581	0.225809	0.231249	0.327281	0.0874976	309.059	69.2741	72.4205
1630.724	4600.63	4581	0.217911	0.226895	0.335774	0.0882413	302.564	69.2741	72.415
1630.867	4603.8	4581	0.127468	0.214798	0.322858	0.0886953	304.08	69.2741	72.4094
1631.010	4593.14	4581	0.0511718	0.0579644	0.322858	0.0892488	305.92	69.2741	72.4045
1631.153	4572.15	4581	0.108879	0.080672	0.340075	0.0914275	307.652	69.2741	72.3989
1631.296	4562.68	4581	0.193727	0.13602	0.340075	0.0904495	310.791	69.2741	72.3936
1631.439	4554.78	4581	0.228805	0.16966	0.321305	0.0897509	311.333	69.2236	72.3888
1631.582	4580.68	4581	0.19841	0.253474	0.321305	0.0874439	303.647	69.2236	72.3829
1631.725	4603.61	4581	0.15046	0.187465	0.336612	0.0877608	299.966	69.2236	72.3774
1631.868	4592.55	4581	0.13718	0.0875404	0.336612	0.0887651	306.461	69.2236	72.3719
1632.012	4576.73	4581	0.0723815	0.0416086	0.31133	0.0902774	306.028	69.2236	72.3668
1632.155	4568.48	4581	0.122979	0.0852987	0.330841	0.0918312	309.492	69.2236	72.361
1632.298	4564.51	4581	0.207779	0.234721	0.330841	0.0898729	313.606	69.2236	72.3553
1632.441	4572.58	4581	0.205299	0.239476	0.329487	0.0876078	308.626	69.1733	72.3506
1632.584	4590.95	4581	0.14443	0.197749	0.329487	0.0894923	299.75	69.1733	72.3449
1632.727	4603.69	4581	0.0828189	0.144075	0.333246	0.0881038	306.678	69.1733	72.3394
1632.870	4598.11	4581	0.0766442	0.074413	0.333246	0.088379	305.379	69.1733	72.3338
1633.300	4577.52	4581	0.245212	0.218862	0.337704	0.0875739	309.601	69.1733	72.3189
1633.432	4601.27	4581	0.183979	0.239932	0.325074	0.0885937	303.105	69.1226	72.3133
1633.575	4601.88	4581	0.0961536	0.167095	0.325074	0.0894345	299.208	69.1226	72.3076
1633.718	4585.59	4581	0.0246501	0.0572437	0.335084	0.0899979	307.977	69.1226	72.3021
1633.861	4563.12	4581	0.082803	0.0856373	0.335084	0.0897135	309.059	69.1226	72.2975
1634.179	4559.73	4581	0.162166	0.0646792	0.327391	0.0899309	311.874	69.1226	72.2853
1634.338	4557.83	4581	0.225408	0.222102	0.332558	0.0901151	313.065	69.1226	72.2798
1634.482	4566.02	4581	0.242425	0.202293	0.332088	0.0888117	308.626	69.0724	72.2741
1634.640	4586.6	4581	0.204164	0.21338	0.332088	0.0871539	307.76	69.0724	72.2685
1634.800	4592.63	4581	0.219323	0.276648	0.325545	0.0869902	307.219	69.0724	72.2617
1634.959	4599.71	4581	0.193312	0.190195	0.320381	0.0877718	306.137	69.0724	72.2559
1635.118	4599.63	4581	0.145637	0.2208	0.320381	0.0879296	306.786	69.0724	72.2491
1635.277	4600.96	4581	0.0969491	0.146895	0.332049	0.0885309	307.869	69.0724	72.2434
1635.436	4598.31	4581	0.0994135	0.115848	0.332049	0.0884965	302.023	69.0225	72.2377
1635.595	4591.27	4581	0.0638693	0.0657399	0.331444	0.0898092	300.291	69.0225	72.2311
1635.754	4584.39	4581	0.0599251	0.0488896	0.33198	0.0911306	302.239	69.0225	72.2254
1635.913	4584.56	4581	0.0769873	0.060545	0.33198	0.0909412	304.729	69.0225	72.2198
1636.056	4572.62	4581	0.121116	0.0660029	0.332627	0.0904245	311.441	69.0225	72.2142
1636.199	4560.12	4581	0.232493	0.160609	0.332627	0.089184	312.848	69.0225	72.2086
1636.343	4577.81	4581	0.264423	0.235817	0.330083	0.088002	305.812	69.0225	72.2039
1636.486	4596.13	4581	0.166303	0.194555	0.330083	0.0885116	301.482	68.9721	72.1982
1636.629	4609.81	4581	0.134247	0.15434	0.335859	0.0884159	306.137	68.9721	72.1927
1636.915	4560.32	4581	0.0670639	0.045974	0.325716	0.0915109	308.735	68.9721	72.1822
1637.058	4556.25	4581	0.20187	0.144359	0.338097	0.0908812	312.632	68.9721	72.1765
1637.201	4569.71	4581	0.214262	0.230962	0.338097	0.0889136	309.059	68.9721	72.1711
1637.344	4577.77	4581	0.186059	0.199957	0.326693	0.0900352	301.698	68.9721	72.1654
1637.487	4597.75	4581	0.105859	0.173777	0.326693	0.0868317	306.57	68.9224	72.1607
1637.631	4602.3	4581	0.1056	0.0963429	0.335782	0.0881209	303.647	68.9224	72.1552
1637.774	4574.23	4581	0.126627	0.0749346	0.318566	0.0917798	307.111	68.9224	72.1495
1637.917	4559.7	4581	0.159232	0.105916	0.318566	0.0913944	312.632	68.9224	72.1445
1638.060	4576.39	4581	0.211422	0.212203	0.325076	0.0894819	311.333	68.9224	72.1385
1638.203	4585.88	4581	0.229309	0.304893	0.325076	0.0896372	306.678	68.9224	72.1327
1638.346	4589.9	4581	0.159375	0.213279	0.327313	0.088667	307.219	68.9224	72.1269
1638.490	4599.83	4581	0.0632421	0.0885776	0.327313	0.088552	304.08	68.8728	72.1222
1638.633	4590.42	4581	0.0586332	0.107887	0.338024	0.0895567	303.214	68.8728	72.1167
1638.776	4570.73	4581	0.12928	0.0586171	0.338024	0.0904595	310.683	68.8728	72.1111
1638.919	4552.49	4581	0.190688	0.131456	0.323405	0.0891284	313.173	68.8728	72.1053
1639.062	4572.98	4581	0.257947	0.221615	0.341614	0.0900832	307.219	68.8728	72.1006
1639.205	4602.83	4581	0.183467	0.246585	0.341614	0.0899103	300.832	68.8728	72.0952
1639.348	4603.21	4581	0.102461	0.164366	0.324193	0.087826	306.353	68.8728	72.0896
1639.507	4605.66	4581	0.101701	0.111597	0.324193	0.0885915	306.894	68.8229	72.0837
1639.667	4599.89	4581	0.119189	0.0845006	0.339068	0.0890228	306.353	68.8229	72.0782
1639.825	4593.07	4581	0.0627286	0.0751004	0.324804	0.0898856	305.054	68.8229	72.0716
1640.127	4567.36	4581	0.119202	0.0803029	0.335695	0.0907957	311.549	68.8229	72.0602
1640.445	4553.05	4581	0.183624	0.128224	0.325774	0.0903595	310.791	68.7736	72.0478
1640.604	4567.14	4581	0.201382	0.226375	0.337584	0.0903756	308.951	68.7736	72.0421
1640.763	4565.82	4581	0.216845	0.194492	0.337584	0.0885718	307.327	68.7736	72.0366
1640.922	4580.52	4581	0.249988	0.27528	0.30943	0.0892876	307.76	68.7736	72.0296
1641.081	4586.67	4581	0.244907	0.260457	0.30943	0.089132	305.379	68.7736	72.0235
1641.240	4599.53	4581	0.15925	0.216296	0.336931	0.0863515	304.513	68.7736	72.018
1641.400	4599	4581	0.206897	0.250991	0.321039	0.0875394	305.487	68.7246	72.0113
1641.543	4603.71	4581	0.100313	0.114367	0.321039	0.0889527	300.074	68.7246	72.0064
1641.687	4585.71	4581	0.0427566	0.0692034	0.341996	0.0888543	308.41	68.7246	72.0009
1642.115	4561.78	4581	0.212876	0.179004	0.322467	0.0892083	308.626	68.7246	71.985
1642.259	4592.13	4581	0.183492	0.205864	0.337936	0.0874199	305.704	68.7246	71.9795
1642.402	4606.98	4581	0.124184	0.191307	0.326189	0.0881743	301.373	68.6751	71.9738
1642.545	4591.33	4581	0.0758902	0.0569377	0.326189	0.0902044	304.513	68.6751	71.9681
1642.688	4571.49	4581	0.0993416	0.0953661	0.338434	0.0908712	310.683	68.6751	71.9635
1642.831	4568.66	4581	0.164439	0.13267	0.338434	0.0901183	310.791	68.6751	71.958
1642.974	4569.04	4581	0.226942	0.238752	0.321623	0.0913104	308.951	68.6751	71.9522
1643.117	4575.17	4581	0.180707	0.262211	0.321623	0.0874557	309.384	68.6751	71.9473
1643.260	4601.21	4581	0.112836	0.178114	0.342455	0.0859902	303.43	68.6751	71.942
1643.546	4585.57	4581	0.0772758	0.043671	0.320416	0.0901396	309.601	68.6261	71.9307
1643.833	4560.16	4581	0.230681	0.216174	0.337139	0.0898355	308.085	68.6261	71.9204
1643.976	4580.52	4581	0.218392	0.228599	0.309225	0.0887428	310.358	68.6261	71.9144
1644.119	4598.76	4581	0.215055	0.237284	0.309225	0.0876284	306.028	68.6261	71.9092
1644.262	4609	4581	0.110416	0.186111	0.333475	0.0888503	300.724	68.6261	71.9036
1644.406	4596.32	4581	0.0672824	0.059268	0.333475	0.089395	305.595	68.5773	71.8981
1644.553	4570.51	4581	0.114438	0.0811004	0.328351	0.0917825	308.41	68.5773	71.8924
1644.696	4557.63	4581	0.180526	0.116031	0.335203	0.091636	312.199	68.5773	71.8868
1644.839	4559.43	4581	0.212039	0.185718	0.335203	0.0883239	310.791	68.5773	71.8822
1644.998	4568.31	4581	0.237807	0.193688	0.324565	0.0882651	310.358	68.5773	71.8756
1645.157	4583.59	4581	0.213954	0.241594	0.324565	0.0879311	309.925	68.5773	71.8697
1645.316	4592.62	4581	0.200308	0.202469	0.339571	0.0888412	307.869	68.5773	71.8643
1645.459	4593.96	4581	0.10419	0.174894	0.323948	0.0875074	304.729	68.5282	71.8587
1645.618	4603.97	4581	0.107383	0.185347	0.323948	0.08855	305.812	68.5282	71.8529
1645.777	4596.63	4581	0.0573024	0.0740419	0.336514	0.0889412	307.436	68.5282	71.8463
1645.936	4599.04	4581	0.12083	0.111866	0.336514	0.0891029	308.951	68.5282	71.8409
1646.254	4578.81	4581	0.0993915	0.0551635	0.333971	0.091423	305.487	68.5282	71.8286
1646.413	4562.04	4581	0.123269	0.0500021	0.333971	0.0916664	309.601	68.4794	71.8232
1646.572	4561.49	4581	0.142992	0.126542	0.329162	0.0907895	307.869	68.4794	71.8166
1646.890	4557.66	4581	0.174626	0.141886	0.326571	0.0886511	311.008	68.4794	71.8052
1647.034	4574.25	4581	0.232657	0.227307	0.316114	0.0900097	305.812	68.4794	71.7993
1647.177	4601.44	4581	0.211773	0.234985	0.316114	0.087689	307.977	68.4794	71.7933
1647.320	4598.66	4581	0.0847545	0.156186	0.335558	0.0879852	304.404	68.4794	71.7886
1647.463	4600.64	4581	0.073177	0.125857	0.335558	0.0906936	300.94	68.4311	71.7831
1647.606	4576.7	4581	0.0848238	0.093924	0.328602	0.0898083	311.441	68.4311	71.7775
1647.749	4564.36	4581	0.208669	0.12161	0.328602	0.0913764	312.632	68.4311	71.7719
1647.892	4563.29	4581	0.229159	0.221705	0.332923	0.091414	308.41	68.4311	71.7673
1648.035	4595.87	4581	0.203803	0.23645	0.330566	0.0886898	307.111	68.4311	71.7616
1648.179	4594.1	4581	0.165725	0.189166	0.330566	0.0874267	305.812	68.4311	71.756
1648.322	4594.44	4581	0.0732872	0.0618466	0.331566	0.0890245	301.806	68.4311	71.7503
1648.465	4573.69	4581	0.0779698	0.0502088	0.331566	0.0913838	309.059	68.3823	71.7455
1648.751	4562.44	4581	0.197249	0.183706	0.332713	0.089748	309.817	68.3823	71.7342
1649.403	4576.64	4581	0.220279	0.189686	0.330817	0.0905166	306.57	68.3341	71.7099
1649.546	4593.44	4581	0.161633	0.225831	0.330817	0.0871373	307.869	68.3341	71.7043
1649.689	4606.89	4581	0.0919457	0.162346	0.332853	0.0881972	303.322	68.3341	71.6996
1649.833	4580.39	4581	0.0686129	0.0637856	0.318253	0.0917187	302.889	68.3341	71.6938
1649.976	4558.54	4581	0.0901537	0.0628752	0.318253	0.090851	311.549	68.3341	71.6879
1650.119	4562.22	4581	0.221614	0.121493	0.32511	0.0897992	311.549	68.3341	71.6831
1650.262	4570.76	4581	0.270211	0.242961	0.32511	0.0904473	309.168	68.3341	71.6774
1650.405	4593.56	4581	0.184441	0.238068	0.329003	0.0889844	305.271	68.286	71.6718
1650.564	4603.74	4581	0.161752	0.20296	0.329003	0.0893166	300.074	68.286	71.6661
1650.723	4599.2	4581	0.151484	0.165985	0.336862	0.0893248	301.049	68.286	71.6597
1650.932	4573.32	4581	0.264375	0.240891	0.324734	0.0886355	308.735	68.286	71.652
1651.073	4590.35	4581	0.197629	0.199164	0.324734	0.0899345	300.183	68.286	71.6463
1651.232	4609.45	4581	0.146818	0.204235	0.338604	0.0899784	300.94	68.286	71.6408
1651.391	4602.06	4581	0.131095	0.147786	0.326544	0.0880102	302.131	68.2378	71.6352
1651.550	4604.56	4581	0.0790241	0.133133	0.326544	0.0873482	301.698	68.2378	71.6286
1651.709	4597.58	4581	0.118914	0.0993462	0.336579	0.0883492	304.621	68.2378	71.6231
1651.868	4582.14	4581	0.0525301	0.0507023	0.325503	0.0903094	307.219	68.2378	71.6175
1652.027	4577.98	4581	0.0809179	0.0659637	0.325503	0.0902425	308.735	68.2378	71.6109
1652.186	4563.25	4581	0.0793764	0.0706357	0.335293	0.0904993	311.441	68.2378	71.6054
1652.345	4566.22	4581	0.101674	0.113165	0.335293	0.0898842	311.874	68.2378	71.5999
1652.504	4557.53	4581	0.138176	0.126677	0.327498	0.0911665	311.008	68.1899	71.5933
1652.791	4576.93	4581	0.193816	0.249652	0.336487	0.089126	305.704	68.1899	71.5831
1652.934	4591.65	4581	0.173093	0.196988	0.308407	0.0873358	299.317	68.1899	71.5771
1653.363	4562.48	4581	0.128927	0.105352	0.336967	0.0919332	308.518	68.1899	71.5608
1653.506	4562.52	4581	0.177963	0.156906	0.325005	0.0908781	312.848	68.1424	71.5551
1653.649	4580.81	4581	0.242273	0.248142	0.338481	0.0879257	310.034	68.1424	71.5496
1653.793	4595.13	4581	0.200117	0.264876	0.338481	0.0889622	301.049	68.1424	71.545
1653.936	4600.99	4581	0.0724407	0.124493	0.32359	0.0887507	307.003	68.1424	71.5393
1654.079	4596.74	4581	0.0573369	0.0971081	0.32359	0.0875794	306.028	68.1424	71.5335
1654.222	4575.41	4581	0.107193	0.0785761	0.337093	0.090106	308.193	68.1424	71.5288
1654.365	4553.04	4581	0.196885	0.0706266	0.337093	0.0900884	312.956	68.1424	71.5233
1654.508	4565.29	4581	0.223174	0.17479	0.32542	0.0883857	309.168	68.0944	71.5177
1654.651	4598.86	4581	0.200519	0.267914	0.32542	0.0881112	303.647	68.0944	71.5121
1654.795	4599.46	4581	0.189942	0.191226	0.339378	0.0893395	302.781	68.0944	71.5077
1654.938	4597.91	4581	0.086658	0.067597	0.320961	0.0885612	306.137	68.0944	71.5022
1655.081	4579.2	4581	0.0583339	0.0567966	0.320961	0.0899333	306.786	68.0944	71.4963
1655.224	4561.83	4581	0.137921	0.131413	0.343161	0.0902275	309.276	68.0944	71.4908
1655.367	4557.93	4581	0.21023	0.186251	0.343161	0.0894895	312.307	68.0944	71.4864
1655.510	4567.8	4581	0.20244	0.226707	0.321643	0.0882377	307.111	68.0467	71.4807
1655.654	4595.16	4581	0.16609	0.193931	0.321643	0.0878743	298.667	68.0467	71.4749
1655.797	4605.28	4581	0.0900847	0.11188	0.335778	0.0881928	306.57	68.0467	71.4703
1655.940	4586.58	4581	0.0549093	0.100898	0.335778	0.0896751	306.245	68.0467	71.4647
1656.261	4575.59	4581	0.120139	0.0872718	0.335846	0.0909764	307.219	68.0467	71.4518
1656.420	4560.39	4581	0.0763685	0.0834838	0.335846	0.090512	310.034	67.9994	71.4463
1656.564	4558.1	4581	0.199896	0.138786	0.326866	0.0892656	309.925	67.9994	71.4407
1656.882	4576.09	4581	0.204711	0.216558	0.338491	0.090631	307.869	67.9994	71.4289
1657.041	4570.76	4581	0.252005	0.214912	0.321946	0.0882939	308.302	67.9994	71.4232
1657.200	4581.25	4581	0.218586	0.238389	0.321946	0.0880974	306.894	67.9994	71.4164
1657.359	4607.1	4599.66	0.215027	0.277497	0.342729	0.0860444	303.214	67.9994	71.4111
1657.518	4655.26	4655.54	0.276421	0.299933	0.333345	0.0853848	304.188	67.9519	71.4057
1657.677	4716.7	4711.52	0.18969	0.232419	0.333345	0.0842809	304.404	67.9519	71.3993
1657.836	4781.06	4767.49	0.197877	0.237178	0.347297	0.083589	306.028	67.9519	71.3941
1657.995	4832.86	4823.47	0.135443	0.217646	0.347297	0.0822108	302.781	67.9519	71.3888
1658.138	4883.25	4873.9	0.147048	0.142251	0.296138	0.080767	302.672	67.9519	71.3824
1658.282	4929.17	4924.47	0.121359	0.165101	0.313851	0.0830039	299.858	67.9519	71.3762
1658.424	4954.38	4975.14	0.133805	0.115552	0.313851	0.082402	302.997	67.9067	71.3701
1658.568	5006.08	5025.99	0.200687	0.151066	0.326002	0.0803996	308.193	67.9067	71.3653
1658.711	5053.74	5076.58	0.226319	0.178103	0.326002	0.0805519	305.271	67.9067	71.3596
1658.854	5106.42	5127.34	0.260172	0.178132	0.308798	0.0798568	304.513	67.9067	71.3537
1658.997	5162.27	5178.15	0.325698	0.218986	0.308798	0.0781248	309.601	67.9067	71.3486
1659.141	5212	5228.83	0.250581	0.270395	0.355991	0.0773883	303.755	67.9067	71.3439
1659.426	5314.33	5330.18	0.226013	0.253348	0.364982	0.0749911	308.193	67.7137	71.3346
1659.570	5374.76	5380.94	0.259093	0.289905	0.368585	0.0737646	306.028	67.7137	71.3308
1659.713	5421.16	5431.61	0.268468	0.258749	0.368585	0.0735795	300.183	67.7137	71.3262
1659.856	5474.16	5482.29	0.242449	0.273927	0.404647	0.0726679	308.41	67.7137	71.3224
1660.142	5574.7	5583.81	0.242677	0.334431	0.435247	0.0730132	304.188	67.7137	71.3168
1660.285	5627.42	5634.4	0.259144	0.277538	0.435247	0.071049	306.353	67.7137	71.3145
1660.428	5675.25	5685.16	0.282744	0.215411	0.471708	0.0700389	305.487	67.5284	71.3131
1660.715	5762.81	5786.51	0.249025	0.152416	0.489565	0.0693781	307.003	67.5284	71.3112
1660.858	5816.46	5837.28	0.225996	0.191671	0.522574	0.0688124	306.57	67.5284	71.3109
1661.144	5936.74	5938.71	0.169498	0.129205	0.546813	0.0673944	298.018	67.5284	71.3118
1661.288	5979.68	5989.39	0.130256	0.12071	0.546813	0.0660675	302.348	67.5284	71.3127
1661.431	6034.23	6040.06	0.129415	0.216934	0.577784	0.0639085	295.744	67.3526	71.3148
1661.589	6104.79	6096.41	0.288933	0.20987	0.614008	0.0637605	302.239	67.3526	71.3173
1661.748	6127.89	6152.75	0.328691	0.200898	0.614008	0.0654471	306.353	67.3526	71.3206
1661.907	6204.46	6209.1	0.184633	0.203678	0.662757	0.0643772	303.863	67.3526	71.326
1662.051	6224.36	6259.91	0.16581	0.202833	0.662757	0.0630739	296.069	67.3526	71.3313
1662.209	6343.61	6316.16	0.316315	0.257404	0.712647	0.059096	300.399	67.3526	71.339
1662.528	6435.99	6428.85	0.253141	0.284002	0.746579	0.0602802	300.399	67.1899	71.3575
1662.687	6458.79	6485.28	0.164359	0.0980653	0.786024	0.058437	302.781	67.1899	71.368
1662.846	6508.56	6541.54	0.300525	0.159428	0.786024	0.0606899	306.786	67.1899	71.3784
1663.005	6605.12	6597.88	0.0978336	0.0519091	0.811703	0.060155	303.105	67.1899	71.392
1663.164	6660.55	6654.23	0.199092	0.205525	0.800579	0.0590825	294.012	67.1899	71.4028
1663.323	6702.58	6710.57	0.244271	0.201793	0.800579	0.0600178	295.636	67.1899	71.4128
1663.482	6755.55	6767.01	0.200758	0.187116	0.794509	0.059282	294.229	67.0463	71.4236
1663.625	6818.61	6817.68	0.2081	0.202926	0.794509	0.0568473	303.105	67.0463	71.433
1663.769	6870	6868.44	0.221351	0.245733	0.817285	0.0562936	301.915	67.0463	71.4413
1663.911	6911.88	6919.12	0.216248	0.215413	0.842664	0.0579449	294.987	67.0463	71.4514
1664.197	7038.78	7020.56	0.211358	0.216512	0.864414	0.0545028	302.997	67.0463	71.4718
1664.341	7073.03	7071.23	0.240531	0.248199	0.864414	0.0557468	298.126	67.0463	71.4834
1664.484	7100.22	7121.91	0.205529	0.158992	0.888895	0.0548776	296.177	66.9093	71.4959
1664.627	7184.34	7172.58	0.194915	0.237702	0.888895	0.0540635	303.214	66.9093	71.5087
1664.770	7225.17	7223.34	0.234984	0.228752	0.920087	0.0537129	298.451	66.9093	71.5205
1664.913	7248.49	7274.02	0.191835	0.173048	0.920087	0.0543386	291.414	66.9093	71.5354
1665.199	7385.84	7375.5	0.230735	0.250928	0.972647	0.0524351	299.317	66.9093	71.5655
1665.343	7409.67	7426.18	0.200965	0.17432	0.972647	0.0528123	290.44	66.9093	71.5816
1665.486	7493.29	7476.94	0.214681	0.22142	0.98472	0.0515701	305.162	66.786	71.5978
1665.629	7520.64	7527.61	0.225329	0.204811	0.98472	0.050332	298.667	66.786	71.6137
1665.772	7574.79	7578.29	0.18705	0.212298	1.00313	0.0520288	289.574	66.786	71.6278
1665.915	7647.39	7629.05	0.217239	0.239392	1.00313	0.0509115	304.946	66.786	71.6445
1666.058	7660.45	7679.73	0.200466	0.196717	1.02525	0.0497625	298.667	66.786	71.6622
1666.201	7736.98	7730.49	0.218236	0.238211	1.04309	0.0504056	292.93	66.786	71.6797
1666.345	7773.58	7781.16	0.237339	0.204993	1.04309	0.0506128	301.157	66.786	71.6947
1666.488	7827.59	7831.93	0.195204	0.222922	1.0649	0.0486173	301.049	66.681	71.7131
1666.631	7871.26	7882.6	0.237056	0.257725	1.0649	0.0495009	295.528	66.681	71.7318
1666.774	7916.73	7933.28	0.207786	0.193301	1.08603	0.0485563	294.012	66.681	71.7482
1666.917	7988.94	7983.95	0.255878	0.227285	1.08603	0.0485372	303.43	66.681	71.7676
1667.076	8023.41	8040.3	0.189258	0.21809	1.10025	0.0464014	304.188	66.681	71.7909
1667.235	8084.2	8096.64	0.212069	0.212445	1.1265	0.0481302	302.672	66.681	71.8109
1667.538	8179.76	8203.75	0.204205	0.210742	1.14209	0.045258	300.724	66.588	71.8531
1667.696	8252.5	8260.01	0.240345	0.200949	1.14209	0.0473639	303.755	66.588	71.8742
1667.855	8335.57	8316.35	0.226223	0.241029	1.17172	0.0464085	305.054	66.588	71.9012
1668.014	8359.43	8372.69	0.204845	0.195015	1.21487	0.0461026	298.126	66.588	71.9255
1668.173	8411.42	8429.08	0.244381	0.175588	1.21487	0.047122	289.682	66.588	71.9512
1668.332	8477.31	8485.43	0.229504	0.239094	1.20208	0.0465643	289.899	66.588	71.9791
1668.491	8546.32	8541.77	0.201834	0.232863	1.20208	0.0469145	288.924	66.5088	72.0022
1668.650	8583.07	8598.21	0.197697	0.242806	1.21399	0.0437727	291.306	66.5088	72.0255
1668.809	8631.81	8654.46	0.219584	0.218404	1.23201	0.0432972	293.579	66.5088	72.053
1668.968	8730.23	8710.81	0.252144	0.259153	1.23201	0.0436841	296.827	66.5088	72.0765
1669.112	8751.41	8761.57	0.202348	0.222455	1.24954	0.0439324	289.141	66.5088	72.1011
1669.255	8792.79	8812.24	0.237156	0.196754	1.24954	0.0435128	302.348	66.5088	72.1252
1669.398	8868.75	8863.01	0.225684	0.25127	1.26505	0.0420541	300.074	66.45	72.1459
1669.541	8890.44	8913.68	0.192716	0.218346	1.28148	0.0439593	288.491	66.45	72.1706
1669.684	8961	8964.45	0.242748	0.198372	1.28148	0.042162	296.827	66.45	72.1956
1669.827	9025.93	9015.03	0.221647	0.271904	1.29691	0.0415785	301.049	66.45	72.2211
1669.971	9045.03	9065.79	0.218517	0.185218	1.29691	0.0424979	289.357	66.45	72.2421
1670.114	9098.64	9116.47	0.240204	0.204421	1.31377	0.0440083	290.765	66.45	72.2682
1670.400	9197.81	9217.91	0.203462	0.23968	1.32946	0.0420331	292.822	66.4016	72.316
1670.543	9261.63	9268.58	0.244053	0.184965	1.32946	0.0429191	285.352	66.4016	72.3421
1670.686	9322.71	9319.35	0.241993	0.243029	1.34343	0.0404052	302.564	66.4016	72.3687
1670.830	9360.68	9370.02	0.220299	0.245882	1.38627	0.0394587	295.311	66.4016	72.397
1670.973	9389.39	9420.69	0.239471	0.190638	1.38627	0.0407195	283.512	66.4016	72.4218
1671.116	9453.65	9471.5	0.246229	0.229766	1.40749	0.0385538	304.296	66.4016	72.4524
1671.259	9545.39	9522.35	0.223086	0.25811	1.40749	0.038458	297.152	66.4016	72.4829
1671.402	9560.08	9572.94	0.196757	0.249022	1.38848	0.0411398	286.218	66.3663	72.506
1671.545	9595.26	9623.61	0.213832	0.184188	1.38848	0.0399012	303.755	66.3663	72.5329
1671.688	9684.39	9674.38	0.253483	0.218208	1.40559	0.0368573	296.394	66.3663	72.5611
1671.831	9744.47	9725.14	0.251021	0.310917	1.42146	0.0421843	287.95	66.3663	72.5891
1671.975	9773.41	9775.82	0.214631	0.245032	1.42146	0.0372475	299.641	66.3663	72.6128
1672.118	9813.44	9826.49	0.195569	0.253514	1.42824	0.035001	300.291	66.3663	72.6409
1672.261	9860.8	9877.17	0.238762	0.234394	1.42824	0.0381227	286.11	66.3663	72.6687
1672.722	10016.3	10040.6	0.228542	0.200366	1.46519	0.0371397	281.455	66.3525	72.7553
1673.027	10131.4	10148.7	0.249547	0.215673	1.475	0.0348525	299.1	66.3525	72.8139
1673.345	10242.9	10261.4	0.217403	0.177431	1.48616	0.0358151	303.43	66.3525	72.8775
1673.504	10295.9	10317.6	0.247613	0.184613	1.50409	0.0367012	296.827	66.3499	72.9127
1673.822	10429.4	10430.3	0.219351	0.239126	1.51807	0.0381137	284.811	66.3499	72.9731
1673.981	10486.9	10486.7	0.244279	0.287145	1.56564	0.038094	287.084	66.3499	73.0132
1674.140	10543	10543.1	0.266084	0.270671	1.56268	0.037746	286.218	66.3499	73.0473
1674.506	10679	10672.7	0.282551	0.240358	1.55111	0.033575	301.698	66.3593	73.1263
1674.649	10740.9	10723.4	0.26585	0.294285	1.56752	0.0344078	292.28	66.3593	73.1513
1674.792	10780.9	10774.1	0.284992	0.265203	1.56752	0.0351405	280.373	66.3593	73.1822
1674.935	10850	10824.8	0.250547	0.284829	1.5742	0.0357422	304.837	66.3593	73.2128
1675.078	10874	10875.5	0.297962	0.260861	1.5742	0.03168	293.471	66.3593	73.243
1675.222	10939.6	10926.2	0.26245	0.265604	1.59674	0.0349415	282.105	66.3593	73.2694
1675.365	10985.9	10976.9	0.291241	0.26129	1.59674	0.0345233	302.131	66.3593	73.301
1675.508	11042.8	11027.6	0.264522	0.292466	1.59707	0.0310432	293.796	66.3909	73.3318
1675.651	11084.9	11078.3	0.300086	0.276828	1.59707	0.0351402	279.615	66.3909	73.357
1675.794	11155.2	11129	0.281828	0.24439	1.60898	0.0345266	295.853	66.3909	73.3879
1675.937	11182.6	11179.7	0.284501	0.230699	1.62659	0.0306553	297.693	66.3909	73.4189
1676.081	11253.7	11230.5	0.274361	0.23708	1.62659	0.0322245	284.27	66.3909	73.4506
1676.224	11269	11281.1	0.254513	0.186267	1.63515	0.0329587	286.759	66.3909	73.477
1676.367	11320.2	11331.9	0.268933	0.240147	1.63515	0.0314725	299.425	66.3909	73.5083
1676.653	11401.2	11433.3	0.251041	0.255183	1.64508	0.0330646	283.187	66.4303	73.5659
1676.797	11467.2	11484	0.234608	0.257276	1.67314	0.0306012	303.43	66.4303	73.5995
1676.939	11518.2	11534.7	0.277509	0.272009	1.67314	0.0313542	290.548	66.4303	73.6339
1677.082	11593.5	11585.5	0.262163	0.296313	1.71642	0.0330651	281.13	66.4303	73.6722
1677.369	11678.4	11686.9	0.276415	0.295779	1.69527	0.0301454	289.682	66.4303	73.7361
1677.512	11726.2	11737.6	0.265909	0.257365	1.69321	0.0320156	276.151	66.4824	73.7689
1677.655	11752.7	11788.3	0.252692	0.244162	1.69321	0.0314749	304.621	66.4824	73.8008
1677.798	11819.1	11839	0.230387	0.292504	1.70632	0.0297833	294.77	66.4824	73.8283
1677.941	11874.5	11889.7	0.2413	0.311313	1.70632	0.0319242	277.775	66.4824	73.8605
1678.100	11947.6	11946.1	0.269071	0.25581	1.71492	0.0301089	281.672	66.4824	73.8932
1678.418	12074.1	12058.7	0.296443	0.296489	1.72985	0.0293354	292.389	66.5594	73.9645
1678.562	12092.1	12109.5	0.248254	0.239356	1.74421	0.0311461	279.507	66.5594	73.9984
1678.720	12147.7	12165.9	0.250546	0.313592	1.74421	0.0308416	279.615	66.5594	74.032
1678.879	12210.1	12222.1	0.25752	0.253933	1.74833	0.0290863	286.976	66.5594	74.0707
1679.038	12281.1	12278.5	0.294047	0.279904	1.7591	0.0281013	290.765	66.5594	74.1038
1679.197	12317.2	12334.8	0.291499	0.269815	1.7591	0.0274132	295.853	66.5594	74.1369
1679.356	12396.5	12391.1	0.302243	0.321081	1.7708	0.0297426	299.208	66.5594	74.1762
1679.515	12448.6	12447.5	0.25924	0.2761	1.78122	0.0290614	304.513	66.6453	74.2098
1679.675	12519.3	12503.8	0.317123	0.259168	1.78122	0.0291519	302.889	66.6453	74.2435
1679.834	12542	12560.2	0.262345	0.238699	1.82024	0.0286554	294.121	66.6453	74.2867
1679.993	12621.3	12616.5	0.29073	0.269928	1.82024	0.0288522	278.208	66.6453	74.3242
1680.279	12704.1	12718	0.284201	0.331753	1.81629	0.0276688	287.517	66.6453	74.397
1680.422	12778.6	12768.7	0.32565	0.276333	1.81629	0.0292459	272.578	66.7424	74.4314
1680.565	12779	12819.4	0.269341	0.259313	1.82497	0.0276056	304.946	66.7424	74.4658
1680.708	12867.4	12870.1	0.271773	0.316718	1.82497	0.0271149	286.651	66.7424	74.4999
1680.852	12925.8	12920.8	0.31307	0.27609	1.83347	0.0292189	271.388	66.7424	74.5287
1680.995	12959.4	12971.5	0.275727	0.299417	1.83347	0.0278739	303.214	66.7424	74.5627
1681.138	13038.7	13022.2	0.321314	0.309646	1.84992	0.025904	291.739	66.7424	74.5981
1681.281	13042.8	13072.9	0.261419	0.288243	1.84992	0.0292806	278.532	66.7424	74.6332
1681.567	13123.3	13089	0.258712	0.194604	1.7989	0.0274096	296.935	66.8653	74.6951
1681.710	13099.8	13089	0.205678	0.276049	1.7989	0.0300666	286.976	66.8653	74.7205
1681.853	13126.8	13089	0.241855	0.210898	1.76114	0.0289821	292.064	66.8653	74.7386
1681.997	13068.6	13089	0.195564	0.191375	1.76114	0.0274584	302.131	66.8653	74.7579
1682.140	13081.3	13089	0.217773	0.260252	1.7614	0.0294608	284.27	66.8653	74.7769
1682.283	13100.2	13089	0.249778	0.174247	1.7614	0.0282308	282.213	66.8653	74.7957
1682.426	13074.5	13089	0.199085	0.257553	1.76277	0.0277183	302.131	66.9672	74.8112
1682.569	13109.4	13089	0.255418	0.226912	1.76277	0.0273895	287.301	66.9672	74.8297
1682.712	13051.2	13089	0.192394	0.219067	1.76536	0.0287122	282.429	66.9672	74.8481
1682.855	13093.1	13089	0.234281	0.236302	1.81126	0.027913	302.889	66.9672	74.8695
1682.999	13107.7	13089	0.264303	0.212657	1.81126	0.0268466	293.038	66.9672	74.8897
1683.142	13081.6	13089	0.229782	0.278141	1.80437	0.0301369	281.239	66.9672	74.913
1683.285	13104.6	13089	0.253256	0.195624	1.80437	0.0277506	304.729	66.9672	74.9353
1683.428	13057.1	13089	0.193132	0.21918	1.76477	0.0263618	295.528	67.0639	74.9498
1683.587	13085.9	13089	0.234781	0.205179	1.76477	0.0264941	298.342	67.0639	74.9687
1683.746	13080.5	13089	0.240541	0.261143	1.76921	0.0278347	301.373	67.0639	74.9852
1683.905	13050	13089	0.194467	0.222422	1.76877	0.0280755	305.162	67.0639	75.0014
1684.048	13099.2	13089	0.247988	0.227182	1.76877	0.0266615	290.115	67.0639	75.0172
1684.207	13070.6	13089	0.198686	0.224097	1.76268	0.0267315	296.177	67.0639	75.0346
1684.366	13089.5	13089	0.235405	0.188297	1.76268	0.0266051	300.724	67.0639	75.0493
1684.525	13091.6	13089	0.253063	0.219033	1.76809	0.0285106	303.214	67.168	75.0644
1684.684	13061	13089	0.206043	0.203602	1.76861	0.0284487	303.105	67.168	75.0818
1684.843	13088.9	13089	0.225757	0.169808	1.76861	0.0286502	292.605	67.168	75.0965
1685.002	13115.7	13089	0.246377	0.227339	1.7659	0.0295418	278.857	67.168	75.1106
1685.161	13066.3	13089	0.210203	0.252057	1.76336	0.0299391	279.831	67.168	75.1266
1685.511	13078.9	13089	0.198707	0.247688	1.76586	0.0303624	283.837	67.266	75.1579
1685.655	13098	13089	0.251832	0.246042	1.76586	0.0279605	305.704	67.266	75.1691
1685.798	13089.2	13089	0.214995	0.20006	1.77086	0.0260051	295.961	67.266	75.183
1685.941	13081.6	13089	0.251033	0.26387	1.81697	0.0299389	281.347	67.266	75.2
1686.084	13107	13089	0.242457	0.196133	1.81697	0.0287478	298.451	67.266	75.22
1686.227	13064.7	13089	0.203441	0.23708	1.78866	0.0270238	297.693	67.266	75.2336
1686.370	13102.2	13089	0.239545	0.245119	1.78866	0.0278988	281.888	67.266	75.2489
1686.514	13065.8	13089	0.200734	0.197	1.76315	0.0283904	291.739	67.3587	75.2609
1686.656	13096.4	13089	0.257511	0.249567	1.76315	0.0280538	299.641	67.3587	75.2722
1686.800	13114.9	13089	0.254056	0.252402	1.76204	0.0280144	287.95	67.3587	75.2816
1686.943	13075.3	13089	0.213825	0.235951	1.76786	0.0293194	289.249	67.3587	75.2929
1687.086	13091.8	13089	0.248291	0.196913	1.76786	0.0270479	302.781	67.3587	75.3046
1687.229	13069.4	13089	0.186129	0.21331	1.76629	0.0269415	290.223	67.3587	75.3142
1687.372	13090.8	13089	0.252123	0.220678	1.76629	0.0287968	278.424	67.3587	75.3255
1687.515	13098.6	13089	0.230827	0.212699	1.76153	0.0276997	305.704	67.4613	75.3362
1687.658	13079.9	13089	0.224691	0.274416	1.76153	0.0280416	293.796	67.4613	75.3466
1687.801	13104.3	13089	0.256331	0.22421	1.7638	0.0292651	277.666	67.4613	75.3554
1687.944	13068.3	13089	0.20474	0.203287	1.7638	0.0286494	304.946	67.4613	75.3661
1688.088	13106.2	13089	0.27289	0.248546	1.7646	0.0272838	292.389	67.4613	75.3766
1688.231	13088	13089	0.218784	0.238049	1.76192	0.0294891	282.538	67.4613	75.3852
1688.374	13084.3	13089	0.212276	0.244357	1.76192	0.029086	301.157	67.4613	75.3953
1688.517	13093.7	13089	0.235851	0.213359	1.7639	0.0264929	298.884	67.5555	75.4054
1688.660	13070.5	13089	0.185535	0.247298	1.7639	0.0299386	285.136	67.5555	75.4155
1688.994	13091.5	13089	0.231358	0.185778	1.81419	0.0276861	306.353	67.5555	75.4444
1689.153	13078.8	13089	0.223186	0.229412	1.81419	0.028708	295.311	67.5555	75.4612
1689.312	13065.2	13089	0.206386	0.219243	1.77003	0.0289878	289.574	67.5555	75.4752
1689.471	13075.7	13089	0.24312	0.212577	1.77003	0.0294498	279.074	67.6489	75.4852
1689.615	13072.5	13089	0.192886	0.231373	1.77061	0.0289678	305.595	67.6489	75.4953
1689.774	13087.8	13089	0.222946	0.179211	1.76262	0.0284825	298.126	67.6489	75.5049
1689.932	13109.2	13089	0.25666	0.216809	1.76262	0.0293302	282.754	67.6489	75.5152
1690.091	13070.1	13089	0.202645	0.235797	1.76035	0.0300579	280.373	67.6489	75.5237
1690.250	13082.1	13089	0.221719	0.198938	1.76035	0.0297664	280.806	67.6489	75.5323
1690.409	13107.6	13089	0.247139	0.229802	1.76673	0.0292638	282.429	67.7523	75.5431
1690.568	13081.3	13089	0.212172	0.248449	1.76234	0.0275804	288.708	67.7523	75.5519
1690.727	13073.6	13089	0.218926	0.205734	1.76234	0.0267791	293.796	67.7523	75.5604
1690.886	13108.3	13089	0.251221	0.207587	1.76163	0.0263759	295.636	67.7523	75.5703
1691.046	13077.4	13089	0.20309	0.231254	1.76195	0.0281178	299.966	67.7523	75.5786
1691.189	13107.7	13089	0.263529	0.215102	1.76195	0.027496	287.409	67.7523	75.587
1691.332	13086.3	13089	0.212579	0.238266	1.76385	0.0304287	284.27	67.7523	75.594
1691.475	13114.5	13089	0.26007	0.246997	1.76385	0.0280138	303.755	67.847	75.6026
1691.618	13070.9	13089	0.219515	0.216436	1.76133	0.0263084	294.445	67.847	75.6107
1691.761	13069	13089	0.234301	0.236327	1.76133	0.0295547	279.074	67.847	75.6187
1691.905	13108.9	13089	0.253911	0.176844	1.79885	0.0274159	305.487	67.847	75.6299
1692.048	13074	13089	0.195737	0.253312	1.79885	0.0269162	294.121	67.847	75.6433
1692.191	13111.3	13089	0.25052	0.239365	1.80685	0.0296023	278.316	67.847	75.6575
1692.334	13072.7	13089	0.214103	0.211954	1.76125	0.0279882	305.812	67.847	75.6682
1692.620	13102.4	13089	0.261255	0.204363	1.76103	0.028909	279.94	67.9365	75.6816
1692.764	13082.9	13089	0.211816	0.240981	1.76103	0.0289357	298.884	67.9365	75.6889
1692.906	13115.2	13089	0.250465	0.228734	1.76657	0.0274008	297.909	67.9365	75.6956
1693.050	13049.4	13089	0.190924	0.220775	1.76657	0.0295334	287.95	67.9365	75.7037
1693.193	13082.1	13089	0.219166	0.220965	1.76179	0.0293688	291.522	67.9365	75.711
1693.336	13090.2	13089	0.248136	0.189246	1.76179	0.0271853	301.698	67.9365	75.7182
1693.479	13083.2	13089	0.206675	0.303508	1.75888	0.0286239	289.249	68.0362	75.724
1693.622	13114.9	13089	0.262173	0.21197	1.76402	0.0294559	282.105	68.0362	75.7314
1693.765	13059.2	13089	0.189073	0.218587	1.76402	0.0278538	304.08	68.0362	75.739
1694.385	13103.4	13089	0.249541	0.241194	1.76105	0.0282963	300.724	68.1272	75.769
1694.529	13081.2	13089	0.24375	0.197499	1.76105	0.0273377	288.6	68.1272	75.7749
1694.687	13099.1	13089	0.26673	0.226633	1.76337	0.0273979	291.414	68.1272	75.7836
1694.847	13066.4	13089	0.22647	0.251278	1.76337	0.0268808	295.853	68.1272	75.7911
1695.006	13087.9	13089	0.246472	0.201687	1.80856	0.0269898	301.698	68.1272	75.805
1695.149	13092.9	13089	0.228111	0.298598	1.79058	0.0282429	286.218	68.1272	75.8178
1695.308	13072.4	13089	0.215513	0.233613	1.79058	0.0273241	292.93	68.1272	75.8287
1695.467	13118.5	13089	0.249448	0.226228	1.76597	0.0268847	293.579	68.2178	75.8384
1695.626	13094.8	13089	0.231943	0.285017	1.76597	0.0281812	298.451	68.2178	75.8456
1695.785	13083.9	13089	0.209954	0.233919	1.75829	0.0273951	303.43	68.2178	75.8528
1695.944	13103.7	13089	0.242687	0.203292	1.76044	0.0281877	305.812	68.2178	75.8592
1696.103	13102.5	13089	0.222989	0.250718	1.76044	0.0299891	295.853	68.2178	75.8658
1696.262	13082.5	13089	0.206164	0.233235	1.76449	0.0297073	290.44	68.2178	75.8741
1696.421	13113.2	13089	0.248843	0.226254	1.76	0.0290062	279.074	68.3158	75.881
1696.580	13096.5	13089	0.227066	0.285661	1.76	0.029523	280.264	68.3158	75.8874
1696.723	13096.1	13089	0.230876	0.18108	1.7589	0.0290342	305.812	68.3158	75.8938
1696.866	13062.2	13089	0.198751	0.250282	1.7589	0.0269698	298.884	68.3158	75.9002
1697.010	13098.7	13089	0.237991	0.216324	1.76125	0.0283583	278.424	68.3158	75.9068
1697.153	13075.3	13089	0.226345	0.209069	1.76125	0.0294865	295.961	68.3158	75.9123
1697.439	13101.8	13089	0.225406	0.22348	1.75821	0.0290389	290.332	68.4052	75.925
1697.725	13092.5	13089	0.246619	0.183321	1.77594	0.0273499	301.806	68.4052	75.9377
1697.869	13062.4	13089	0.2146	0.23788	1.77594	0.0277761	290.765	68.4052	75.9465
1698.155	13093.9	13089	0.219199	0.200633	1.81284	0.0275321	305.812	68.4052	75.9711
1698.298	13071.9	13089	0.217423	0.269565	1.77391	0.0268912	291.847	68.4052	75.9799
1698.441	13109.2	13089	0.255713	0.199002	1.77391	0.0298036	277.125	68.4919	75.9875
1698.584	13063.2	13089	0.221633	0.219953	1.7604	0.0285268	305.595	68.4919	75.9925
1698.728	13117.7	13089	0.242422	0.264098	1.76226	0.0269183	292.822	68.4919	75.9987
1698.870	13086.9	13089	0.217952	0.210066	1.76226	0.02914	283.728	68.4919	76.0051
1699.013	13070.7	13089	0.217393	0.246332	1.75729	0.0278429	306.028	68.4919	76.011
1699.300	13071	13089	0.233678	0.26822	1.7594	0.0297539	283.62	68.4919	76.0217
1699.443	13123.5	13089	0.267952	0.229039	1.7594	0.028464	298.992	68.5884	76.0277
1699.586	13083.3	13089	0.215607	0.21185	1.7627	0.0274679	300.399	68.5884	76.0341
1699.729	13080.1	13089	0.232558	0.276723	1.7627	0.029158	284.27	68.5884	76.0393
1699.872	13087.8	13089	0.225172	0.170942	1.75706	0.0291076	288.275	68.5884	76.045
1700.015	13071.2	13089	0.218227	0.232888	1.75913	0.0283583	302.889	68.5884	76.0509
1700.174	13097.5	13089	0.23584	0.192341	1.75913	0.027384	305.704	68.5884	76.0569
1700.334	13114.5	13089	0.286374	0.225901	1.75899	0.0289661	302.781	68.5884	76.063
1700.492	13061.6	13089	0.218134	0.219363	1.75899	0.0294135	292.822	68.6766	76.07
1700.636	13114.1	13089	0.252228	0.221199	1.758	0.0277003	300.291	68.6766	76.0758
1700.794	13092.4	13089	0.219327	0.257173	1.78546	0.0276447	303.538	68.6766	76.0837
1700.954	13085.6	13089	0.203603	0.227795	1.78546	0.028111	306.894	68.6766	76.0934
1701.113	13121.1	13089	0.253094	0.214883	1.81098	0.0289842	298.559	68.6766	76.1084
1701.272	13092.9	13089	0.227875	0.239065	1.81098	0.0290168	286.218	68.6766	76.1203
1701.431	13082	13089	0.189385	0.227336	1.76395	0.0298531	283.945	68.7643	76.1265
1701.590	13121.6	13089	0.256987	0.241367	1.75576	0.0298623	280.156	68.7643	76.133
1701.908	13077.1	13089	0.189149	0.241166	1.75999	0.0269192	290.548	68.7643	76.144
1702.067	13114.8	13089	0.24823	0.230595	1.76193	0.0267763	294.878	68.7643	76.1509
1702.210	13084	13089	0.196861	0.260449	1.76193	0.0297021	284.811	68.7643	76.1559
1702.353	13098.9	13089	0.25121	0.235	1.75671	0.0280026	302.564	68.7643	76.1616
1702.496	13086.1	13089	0.216146	0.195734	1.75671	0.0266247	297.476	68.8596	76.1669
1702.639	13076.1	13089	0.253964	0.271405	1.75928	0.0300533	282.971	68.8596	76.1727
1702.926	13067.9	13089	0.197846	0.233917	1.76009	0.0271433	299.317	68.8596	76.1835
1703.069	13100.3	13089	0.235351	0.238721	1.75622	0.027535	284.919	68.8596	76.1891
1703.212	13081.4	13089	0.197936	0.189035	1.75622	0.0285057	288.6	68.8596	76.1945
1703.355	13096	13089	0.266341	0.249031	1.75832	0.0274653	301.482	68.8596	76.1992
1703.498	13104.4	13089	0.244782	0.230167	1.75832	0.0278517	289.682	68.9462	76.2049
1703.641	13079.4	13089	0.219792	0.244627	1.76033	0.0289903	289.033	68.9462	76.2108
1704.119	13086.7	13089	0.224996	0.283076	1.79482	0.0292533	288.491	68.9462	76.2412
1704.262	13095.3	13089	0.24584	0.199526	1.79482	0.0284213	285.46	68.9462	76.2518
1704.405	13067.4	13089	0.197323	0.218758	1.76073	0.0273885	302.348	69.0326	76.2573
1704.548	13105.6	13089	0.255747	0.245824	1.76073	0.0285945	287.084	69.0326	76.263
1704.691	13083.9	13089	0.209882	0.20573	1.76061	0.0294674	282.862	69.0326	76.2686
1704.834	13073.3	13089	0.213371	0.236671	1.76061	0.0287577	305.054	69.0326	76.2734
1704.977	13092.6	13089	0.234001	0.214033	1.75554	0.0257894	293.363	69.0326	76.2783
1705.120	13069.6	13089	0.190928	0.224163	1.76091	0.0290448	282.105	69.0326	76.2837
1705.264	13116.2	13089	0.263415	0.220702	1.76091	0.028737	305.595	69.0326	76.2895
1705.407	13100.2	13089	0.225169	0.238874	1.76233	0.0271838	295.961	69.1291	76.2945
1705.550	13078.4	13089	0.230083	0.279276	1.76233	0.0304924	281.13	69.1291	76.3005
1705.709	13076.6	13089	0.191547	0.229619	1.75624	0.0300737	288.924	69.1291	76.306
1705.868	13121.3	13089	0.249258	0.232962	1.75624	0.0271897	289.466	69.1291	76.3121
1706.027	13084.6	13089	0.23176	0.266628	1.76028	0.0278887	293.038	69.1291	76.318
1706.170	13092.1	13089	0.234645	0.212911	1.75851	0.0297624	279.615	69.1291	76.3237
1706.329	13080.8	13089	0.216466	0.260588	1.75851	0.0287724	282.971	69.1291	76.3293
1706.488	13059.4	13089	0.186096	0.236669	1.75615	0.0277375	291.414	69.2147	76.3355
1706.647	13088.1	13089	0.235121	0.220856	1.75615	0.0268174	293.471	69.2147	76.3411
1706.806	13086.2	13089	0.241614	0.269665	1.76478	0.0263069	296.177	69.2147	76.3477
1706.965	13048.1	13089	0.193095	0.226776	1.81355	0.0279661	301.698	69.2147	76.36
1707.125	13071.1	13089	0.212448	0.190785	1.81355	0.0270352	305.162	69.2147	76.3733
1707.283	13093.9	13089	0.250112	0.232899	1.78069	0.0284457	306.028	69.2147	76.3817
1707.442	13048.4	13089	0.198543	0.209828	1.7551	0.0282057	301.157	69.2978	76.3895
1707.745	13071	13089	0.19718	0.242893	1.76179	0.0275057	300.832	69.2978	76.3996
1707.888	13118.7	13089	0.259827	0.228021	1.76179	0.0279228	287.625	69.2978	76.4053
1708.031	13070.8	13089	0.197936	0.244448	1.76035	0.0293481	285.244	69.2978	76.4099
1708.174	13110.8	13089	0.253652	0.242227	1.76035	0.0282056	304.837	69.2978	76.4153
1708.317	13075.9	13089	0.217087	0.211751	1.75668	0.0265419	295.42	69.2978	76.4204
1708.460	13076.1	13089	0.209743	0.250486	1.75961	0.0296803	278.532	69.3908	76.4248
1708.603	13108.2	13089	0.27088	0.16852	1.75961	0.0275703	305.812	69.3908	76.4303
1708.747	13071.1	13089	0.187679	0.248501	1.7587	0.0265389	295.42	69.3908	76.4358
1709.033	13079.2	13089	0.195475	0.202784	1.75489	0.029604	303.647	69.3908	76.4455
1709.176	13087.2	13089	0.229829	0.257003	1.75489	0.0273602	296.719	69.3908	76.4505
1709.319	13110.5	13089	0.259235	0.206183	1.76092	0.0286256	284.378	69.3908	76.4563
1709.462	13086.5	13089	0.209318	0.246138	1.76092	0.0286446	298.992	69.475	76.4611
1709.605	13104	13089	0.248831	0.217349	1.75789	0.027102	298.234	69.475	76.4665
1709.748	13056	13089	0.199334	0.230767	1.77533	0.0277347	289.249	69.475	76.4732
1709.891	13086.5	13089	0.214871	0.222414	1.77533	0.027791	302.131	69.475	76.481
1710.181	13073.5	13089	0.208025	0.257614	1.80959	0.029825	283.404	69.475	76.5027
1710.324	13119.4	13089	0.248465	0.202613	1.76903	0.0279159	304.729	69.475	76.5102
1710.467	13052.6	13089	0.177821	0.223074	1.76903	0.0272131	294.554	69.5567	76.5165
1710.611	13107.7	13089	0.238739	0.235607	1.75942	0.0301906	275.176	69.5567	76.5208
1710.753	13086	13089	0.238575	0.202338	1.7548	0.0282167	307.327	69.5567	76.5259
1710.896	13090.8	13089	0.230002	0.294434	1.7548	0.0274412	294.445	69.5567	76.5305
1711.040	13126.6	13089	0.263197	0.22195	1.76029	0.0307306	281.888	69.5567	76.5356
1711.198	13095.3	13089	0.233828	0.271741	1.76029	0.0294944	285.352	69.5567	76.5411
1711.358	13074.8	13089	0.193024	0.233115	1.75846	0.0275119	292.605	69.5567	76.5464
1711.660	13045.9	13089	0.19935	0.260968	1.75595	0.0290708	285.136	69.6507	76.5566
1711.819	13075.6	13089	0.228516	0.213721	1.75979	0.0287061	286.868	69.6507	76.5628
1711.978	13088.3	13089	0.228119	0.253762	1.75979	0.0282328	288.491	69.6507	76.5683
1712.137	13061.1	13089	0.188418	0.269492	1.75653	0.0274193	295.744	69.6507	76.5735
1712.296	13085.2	13089	0.22042	0.215711	1.75434	0.0258342	299.317	69.6507	76.5793
1712.455	13094.1	13089	0.236237	0.226586	1.75434	0.0270616	301.482	69.7362	76.5841
1712.614	13050.9	13089	0.206777	0.231623	1.75803	0.0283101	305.162	69.7362	76.5901
1712.773	13083.2	13089	0.204312	0.203796	1.75803	0.0283844	307.219	69.7362	76.5963
1712.932	13092	13089	0.248055	0.225496	1.79413	0.0283786	296.069	69.7362	76.6068
1713.091	13048.5	13089	0.189437	0.224571	1.80129	0.0296633	287.842	69.7362	76.6194
1713.234	13108.6	13089	0.241446	0.192204	1.80129	0.0276596	303.214	69.7362	76.6288
1713.520	13109.6	13089	0.247359	0.258919	1.75582	0.0294166	279.29	69.8166	76.64
1713.664	13097.8	13089	0.225121	0.200669	1.7605	0.0274259	305.704	69.8166	76.6454
1713.807	13069.9	13089	0.214248	0.27685	1.7605	0.0265301	293.471	69.8166	76.6497
1713.950	13115.4	13089	0.252971	0.211284	1.75757	0.0299907	275.501	69.8166	76.6547
1714.093	13068.5	13089	0.23119	0.208537	1.75553	0.0289458	306.786	69.8166	76.6595
1714.236	13101.7	13089	0.236293	0.255274	1.75553	0.0272555	293.688	69.8166	76.6635
1714.665	13110.1	13089	0.229424	0.186613	1.75686	0.0265573	296.394	69.9071	76.6789
1714.809	13070.5	13089	0.231432	0.262274	1.75686	0.0302223	284.486	69.9071	76.683
1714.952	13118	13089	0.258503	0.247901	1.75478	0.0289084	297.909	69.9071	76.6877
1715.238	13059.2	13089	0.209914	0.27222	1.76073	0.0290841	288.275	69.9071	76.6974
1715.382	13105.6	13089	0.227304	0.165291	1.75585	0.0291518	292.497	69.9071	76.7028
1715.525	13062.3	13089	0.209757	0.234122	1.75585	0.0282324	302.456	69.9889	76.7078
1715.668	13113.9	13089	0.240905	0.260648	1.75541	0.0284728	286.002	69.9889	76.7127
1715.811	13088.2	13089	0.194326	0.199775	1.75541	0.0300417	285.785	69.9889	76.7168
1715.954	13075.9	13089	0.228084	0.257489	1.80552	0.0283489	305.379	69.9889	76.7278
1716.240	13070.7	13089	0.229611	0.227956	1.79182	0.0299727	282.538	69.9889	76.7492
1716.383	13118.3	13089	0.246893	0.222538	1.79182	0.0284281	305.487	69.9889	76.7564
1716.527	13078.9	13089	0.189244	0.21033	1.75609	0.0274613	295.636	70.0681	76.761
1716.685	13105.5	13089	0.245081	0.194496	1.75506	0.0263441	297.909	70.0681	76.7655
1716.844	13100.2	13089	0.236351	0.248953	1.75506	0.028531	300.399	70.0681	76.7709
1717.003	13073	13089	0.192465	0.237952	1.75987	0.0274611	294.554	70.0681	76.7762
1717.150	13097.5	13089	0.231301	0.271271	1.75987	0.0301264	279.074	70.0681	76.7813
1717.308	13059.8	13089	0.208158	0.285797	1.75541	0.0297183	285.46	70.0681	76.7859
1717.467	13085	13109.2	0.223258	0.237503	1.76301	0.0281355	289.466	70.1596	76.7922
1717.626	13116.5	13130	0.270729	0.270554	1.76301	0.026727	290.332	70.1596	76.798
1717.785	13109.1	13150.8	0.226703	0.284084	1.79015	0.0260028	296.286	70.1596	76.8076
1717.945	13148.2	13171.5	0.226833	0.227641	1.79595	0.0265428	300.94	70.1596	76.8191
1718.103	13188	13192.3	0.276085	0.241828	1.79595	0.0260872	304.08	70.1596	76.8293
1718.422	13204.8	13233.8	0.215507	0.21667	1.79928	0.0284729	301.373	70.2497	76.8522
1718.581	13276.3	13254.5	0.260418	0.210555	1.80898	0.0283949	284.486	70.2497	76.8638
1718.724	13237.5	13273.2	0.213144	0.254018	1.81546	0.0273931	302.672	70.2497	76.8758
1718.867	13301	13291.9	0.285939	0.246862	1.81546	0.0269794	286.218	70.2497	76.8881
1719.011	13298.7	13310.6	0.248777	0.24559	1.86313	0.0282936	281.455	70.2497	76.9029
1719.153	13343.1	13329.3	0.286462	0.290329	1.86313	0.0279636	305.162	70.2497	76.9218
1719.296	13353.8	13347.9	0.239014	0.235695	1.83388	0.0260792	292.389	70.2497	76.9359
1719.583	13382.8	13385.3	0.238107	0.2069	1.81859	0.026757	306.245	70.345	76.959
1720.060	13417.1	13447.6	0.22895	0.253066	1.82498	0.0289579	281.996	70.345	76.9967
1720.203	13463.2	13466.3	0.267053	0.249115	1.82498	0.0261154	305.812	70.345	77.0087
1720.346	13469.4	13485	0.227297	0.245485	1.83137	0.0250524	291.631	70.345	77.0214
1720.490	13509.1	13503.7	0.290197	0.272952	1.83483	0.0285891	273.877	70.456	77.0319
1720.632	13501.7	13522.3	0.236735	0.243212	1.83483	0.0266734	305.487	70.456	77.0447
1720.775	13553.5	13541	0.279194	0.283586	1.83323	0.0261191	294.554	70.456	77.0573
1720.919	13560	13559.7	0.255892	0.259342	1.83323	0.0288282	282.321	70.456	77.0696
1721.062	13574.5	13578.4	0.266866	0.262662	1.84593	0.0266676	296.935	70.456	77.081
1721.205	13581.8	13597	0.222203	0.224514	1.84593	0.0255373	299.425	70.456	77.0948
1721.348	13626.7	13615.7	0.271317	0.278537	1.84025	0.0261732	277.775	70.456	77.1076
1721.491	13626.3	13634.4	0.261083	0.204876	1.84025	0.0279181	290.007	70.5644	77.1205
1721.635	13668.3	13653.1	0.30503	0.260698	1.85225	0.0258254	299.641	70.5644	77.1324
1721.777	13668	13671.8	0.230645	0.288823	1.87752	0.0261756	286.435	70.5644	77.1477
1722.064	13704.9	13709.1	0.247509	0.257078	1.90653	0.0268099	300.94	70.5644	77.182
1722.223	13741.9	13729.9	0.255749	0.248225	1.90653	0.0262641	305.92	70.5644	77.2069
1722.382	13775.3	13750.7	0.291537	0.259066	1.86086	0.0263347	296.61	70.5644	77.2208
1722.541	13791.7	13771.4	0.277935	0.281514	1.86747	0.0264546	285.352	70.6762	77.235
1722.684	13777.9	13790.1	0.233079	0.276498	1.86747	0.024918	299.75	70.6762	77.2497
1722.843	13822.2	13810.9	0.269267	0.231612	1.8629	0.0261136	305.812	70.6762	77.2661
1723.002	13851.3	13831.6	0.312259	0.207757	1.8629	0.0259269	302.564	70.6762	77.2797
1723.161	13854.5	13852.4	0.280671	0.238705	1.87542	0.0263164	287.409	70.6762	77.2949
1723.320	13864.5	13873.2	0.242352	0.289013	1.87238	0.0275651	275.934	70.6762	77.3122
1723.479	13867.5	13893.9	0.230652	0.299813	1.87238	0.027726	279.507	70.8046	77.3265
1723.638	13899.5	13914.7	0.238734	0.285081	1.8807	0.0281601	285.027	70.8046	77.3417
1723.798	13945	13935.4	0.28146	0.236085	1.8807	0.0262947	287.95	70.8046	77.3594
1723.956	13978.2	13956.2	0.295186	0.259367	1.88164	0.0231922	291.09	70.8046	77.3745
1724.258	13985.9	13995.6	0.250574	0.319482	1.88258	0.0269218	279.723	70.8046	77.4042
1724.402	14051	14014.3	0.299278	0.244631	1.89461	0.0252706	294.445	70.9278	77.4203
1724.688	14054.9	14051.7	0.274608	0.246245	1.8881	0.0247772	282.538	70.9278	77.4488
1724.974	14061	14089	0.254176	0.271683	1.94137	0.0239773	300.832	70.9278	77.4878
1725.117	14110	14107.7	0.294962	0.265012	1.94191	0.0246379	285.136	70.9278	77.5101
1725.260	14105.7	14126.4	0.244921	0.275847	1.94191	0.0253516	280.048	70.9278	77.5284
1725.404	14157.5	14145.2	0.272424	0.234106	1.90494	0.0249779	303.863	71.0547	77.5462
1725.547	14158.4	14163.8	0.268505	0.281898	1.90494	0.0238506	283.079	71.0547	77.5618
1725.690	14173.4	14182.5	0.241853	0.257911	1.91441	0.0252522	277.775	71.0547	77.576
1725.833	14215.1	14201.1	0.30656	0.256305	1.91441	0.024619	305.92	71.0547	77.5927
1725.976	14197.1	14219.8	0.264428	0.273731	1.91496	0.025515	287.842	71.0547	77.6093
1726.120	14244.1	14238.5	0.303431	0.249509	1.91712	0.0264562	276.692	71.0547	77.6258
1726.262	14261.3	14257.2	0.315407	0.275546	1.91712	0.0256175	304.513	71.0547	77.6395
1726.548	14311.8	14294.5	0.30351	0.268832	1.92552	0.026932	274.527	71.1993	77.6737
1726.692	14315.3	14313.2	0.28965	0.294046	1.9266	0.0259833	301.049	71.1993	77.688
1726.835	14324.8	14331.9	0.248935	0.271808	1.9266	0.0241199	296.502	71.1993	77.705
1726.978	14384.2	14350.6	0.294396	0.294999	1.92942	0.0252176	277.233	71.1993	77.7222
1727.121	14360.5	14369.3	0.255573	0.302857	1.92942	0.0263291	287.734	71.1993	77.7393
1727.264	14404.4	14388	0.273744	0.270232	1.93389	0.0231126	298.992	71.1993	77.7538
1727.407	14434.5	14406.6	0.321754	0.309866	1.94241	0.0253953	280.048	71.3415	77.7715
1727.550	14406.5	14425.3	0.253244	0.296873	1.94241	0.0264619	279.507	71.3415	77.7898
1727.709	14417.6	14446.1	0.258661	0.297561	1.94425	0.0255872	272.903	71.3415	77.808
1727.868	14446.1	14466.8	0.260316	0.287994	1.94425	0.0270795	274.635	71.3415	77.829
1728.027	14469.5	14487.6	0.235364	0.287267	1.99474	0.024736	283.295	71.3415	77.8548
1728.171	14524.9	14506.3	0.285582	0.234293	1.97587	0.0262913	288.058	71.3415	77.8789
1728.330	14541.6	14527.1	0.294836	0.272508	1.97587	0.0254181	274.852	71.3415	77.9007
1728.489	14579	14547.8	0.311563	0.312189	1.95939	0.0268815	271.604	71.4879	77.9203
1728.648	14580.6	14568.6	0.33418	0.290489	1.95939	0.0242836	276.584	71.4879	77.9419
1728.807	14603.9	14589.3	0.290713	0.28259	1.95945	0.0235216	280.914	71.4879	77.9602
1728.966	14616.4	14610.1	0.312706	0.293121	1.96244	0.0230529	288.383	71.4879	77.9784
1729.284	14670.5	14651.6	0.323881	0.280816	1.96829	0.0236046	298.992	71.4879	78.0184
1729.443	14670.2	14672.4	0.309415	0.2643	1.96829	0.0241046	305.379	71.6492	78.0403
1729.602	14690.1	14693.1	0.294424	0.273231	1.97446	0.0245078	303.322	71.6492	78.0596
1729.745	14680.3	14711.8	0.263606	0.313041	1.98012	0.0235674	291.631	71.6492	78.0792
1729.888	14711.1	14730.5	0.264919	0.310667	1.98012	0.0260875	278.424	71.6492	78.0956
1730.222	14756.1	14774.1	0.273538	0.296671	1.98583	0.0244545	305.162	71.6492	78.1412
1730.366	14771.6	14792.7	0.254556	0.272159	1.98583	0.0224727	291.522	71.6492	78.1576
1730.509	14832	14811.4	0.28998	0.271985	1.99014	0.0246148	272.578	71.8089	78.1773
1730.652	14821.9	14830.1	0.295531	0.279214	1.99014	0.0246404	305.379	71.8089	78.1971
1730.795	14825.4	14848.8	0.256826	0.309337	2.00971	0.023596	295.961	71.8089	78.2192
1731.081	14888.8	14886.2	0.309698	0.253128	2.04836	0.0247397	294.229	71.8089	78.2661
1731.224	14880	14904.9	0.285657	0.324969	2.04836	0.0212327	296.177	71.8089	78.293
1731.367	14889.2	14923.5	0.251413	0.339915	2.01589	0.0255761	277.883	71.8089	78.3113
1731.510	14937.2	14942.2	0.294976	0.246193	2.01109	0.0252438	284.703	71.9704	78.3327
1731.654	14975	14960.9	0.334771	0.274498	2.01109	0.0217621	302.131	71.9704	78.3534
1731.797	14971.4	14979.6	0.29015	0.352074	2.01887	0.0237304	280.481	71.9704	78.3746
1731.940	14984.5	14998.3	0.283195	0.321431	2.01887	0.0261212	275.285	71.9704	78.3924
1732.083	15030.1	15016.9	0.305346	0.27769	2.02541	0.0220751	302.672	71.9704	78.4143
1732.369	15043.1	15054.3	0.319089	0.340887	2.02837	0.0254628	266.3	71.9704	78.458
1732.512	15052.2	15073	0.294078	0.300606	2.02837	0.0241415	306.137	72.1545	78.4762
1732.656	15080.6	15091.7	0.308151	0.261942	2.03261	0.0225576	290.332	72.1545	78.4983
1732.799	15123.5	15110.4	0.319923	0.275693	2.04136	0.0240559	269.98	72.1545	78.5208
1733.085	15116.3	15147.7	0.281103	0.33583	2.03941	0.0216621	292.172	72.1545	78.5622
1733.244	15156.6	15168.5	0.318736	0.320249	2.03941	0.021873	297.801	72.1545	78.584
1733.403	15198.4	15189.2	0.320125	0.304418	2.05123	0.0212125	304.837	72.3315	78.6111
1733.562	15215.5	15210	0.337487	0.285442	2.05783	0.021765	305.487	72.3315	78.6346
1733.705	15203.5	15228.6	0.300808	0.344101	2.05783	0.0213167	290.765	72.3315	78.6585
1733.864	15251.9	15249.4	0.316046	0.317132	2.09424	0.0206438	297.585	72.3315	78.6861
1734.023	15282.3	15270.2	0.340901	0.270187	2.09424	0.0204454	302.889	72.3315	78.7205
1734.182	15299.3	15291	0.311513	0.256729	2.11192	0.0211124	306.57	72.3315	78.752
1734.341	15327.9	15311.7	0.319583	0.278321	2.07377	0.0242286	304.296	72.3315	78.7807
1734.500	15340.9	15332.5	0.314933	0.267759	2.07377	0.0244333	282.213	72.5187	78.8086
1734.659	15332.6	15353.2	0.265092	0.325843	2.08216	0.0246683	271.929	72.5187	78.8334
1734.818	15345.9	15374	0.296365	0.400484	2.08216	0.0256978	267.058	72.5187	78.8583
1734.977	15377.7	15394.8	0.33033	0.36972	2.09054	0.023487	271.821	72.5187	78.8883
1735.136	15406.5	15415.5	0.329198	0.331008	2.09294	0.0197078	284.161	72.5187	78.9138
1735.280	15400.9	15434.2	0.312015	0.318395	2.09294	0.0235974	270.63	72.5187	78.939
1735.423	15424.2	15452.9	0.292291	0.313962	2.10031	0.0219636	302.564	72.723	78.9651
1735.566	15463.5	15471.5	0.299154	0.330428	2.10031	0.0213863	284.703	72.723	78.9866
1735.709	15503.2	15490.2	0.314948	0.336561	2.1044	0.0239733	268.681	72.723	79.0127
1735.852	15537.8	15508.9	0.358542	0.264819	2.11542	0.0223846	307.977	72.723	79.039
1735.995	15530.8	15527.6	0.358969	0.311142	2.11542	0.0184207	290.223	72.723	79.0662
1736.138	15529.4	15546.3	0.317402	0.385748	2.12267	0.0232644	265.109	72.723	79.0891
1736.281	15533.4	15564.9	0.300819	0.337633	2.12267	0.0220579	300.616	72.723	79.1167
1736.425	15555.5	15583.6	0.297654	0.339883	2.12569	0.0203194	290.115	72.9286	79.1443
1736.568	15606.9	15602.3	0.311086	0.379364	2.12569	0.023898	269.764	72.9286	79.1671
1736.711	15642.1	15621	0.321756	0.309444	2.14693	0.0222411	293.146	72.9286	79.197
1736.854	15667.9	15639.7	0.364727	0.290765	2.14693	0.0203332	298.342	72.9286	79.2283
1736.998	15669.8	15658.4	0.374373	0.31895	2.18838	0.0213703	274.527	72.9286	79.2651
1737.140	15680.7	15677	0.340138	0.300979	2.18322	0.0225525	281.78	72.9286	79.295
1737.283	15670.3	15695.7	0.3266	0.32683	2.18322	0.0191081	297.693	72.9286	79.3296
1737.427	15673.4	15707	0.300811	0.372454	2.16575	0.0221815	273.661	73.1445	79.3615
1737.570	15713.9	15707	0.293092	0.337958	2.16575	0.0241516	272.037	73.1445	79.3869
1737.713	15726.5	15707	0.29499	0.298861	2.11944	0.0224155	303.214	73.1445	79.4115
1737.856	15726.1	15707	0.318072	0.287978	2.11944	0.0208169	284.594	73.1445	79.4333
1737.999	15722.5	15707	0.316928	0.27531	2.09921	0.0239629	271.388	73.1445	79.4514
1738.142	15717	15707	0.310933	0.277322	2.09921	0.0203827	305.379	73.1445	79.4662
1738.285	15702.1	15707	0.341119	0.292616	2.09413	0.0187084	287.084	73.1445	79.4832
1738.429	15707.9	15707	0.323358	0.367483	2.10481	0.0243247	264.893	73.3577	79.5011
1738.572	15704.6	15707	0.310316	0.318348	2.10481	0.0220573	305.271	73.3577	79.5197
1738.890	15723.5	15707	0.322071	0.275822	2.10084	0.0237137	277.233	73.3577	79.5552
1739.048	15717.9	15707	0.316485	0.297221	2.09812	0.0250908	267.382	73.3577	79.575
1739.192	15717.3	15707	0.317903	0.278093	2.10028	0.021439	306.028	73.3577	79.5891
1739.351	15688.2	15707	0.277642	0.291962	2.10028	0.0236997	295.203	73.3577	79.6091
1739.669	15704.4	15707	0.313442	0.334295	2.09993	0.023206	268.79	73.561	79.6427
1739.828	15730.5	15707	0.343988	0.343297	2.11012	0.0232327	270.197	73.561	79.6641
1739.987	15719.7	15707	0.300938	0.295282	2.15228	0.023064	274.635	73.561	79.686
1740.146	15691.2	15707	0.275762	0.336423	2.15228	0.022614	280.156	73.561	79.7153
1740.305	15693.9	15707	0.306143	0.33967	2.1165	0.0200871	284.919	73.561	79.7338
1740.464	15711.1	15707	0.320247	0.303412	2.09959	0.018415	295.311	73.7617	79.7512
1740.623	15731.4	15707	0.331133	0.294475	2.09959	0.0194403	300.074	73.7617	79.7691
1740.766	15728.3	15707	0.340683	0.313468	2.10134	0.0211719	276.692	73.7617	79.782
1740.909	15704.8	15707	0.353442	0.292233	2.10134	0.023321	271.388	73.7617	79.7976
1741.053	15685.6	15707	0.294436	0.300579	2.10247	0.0222122	307.111	73.7617	79.8133
1741.196	15679.9	15707	0.288924	0.334689	2.10247	0.0197513	283.512	73.7617	79.8262
1741.339	15683	15707	0.289781	0.345834	2.10714	0.0235597	269.872	73.7617	79.8425
1741.482	15703	15707	0.288345	0.305239	2.10259	0.0234864	305.595	73.9691	79.8585
1741.816	15727.7	15707	0.331817	0.30149	2.10243	0.0206254	285.027	73.9691	79.8916
1741.959	15735.3	15707	0.348744	0.301282	2.10243	0.0227954	272.362	73.9691	79.9068
1742.102	15716	15707	0.353955	0.26715	2.09805	0.0212999	305.595	73.9691	79.9211
1742.245	15695	15707	0.316123	0.319759	2.09805	0.0187929	284.703	73.9691	79.9329
1742.388	15692.3	15707	0.288595	0.387675	2.09577	0.0231641	265.109	73.9691	79.9468
1742.532	15681.3	15707	0.283687	0.31772	2.1006	0.0237175	305.595	74.1661	79.961
1742.675	15693.1	15707	0.289424	0.347778	2.1006	0.0213528	290.223	74.1661	79.9756
1742.818	15720	15707	0.298193	0.362353	2.123	0.0248726	271.063	74.1661	79.9902
1742.961	15721	15707	0.336855	0.256494	2.123	0.0217878	301.698	74.1661	80.0084
1743.104	15728.1	15707	0.344442	0.264696	2.14789	0.0196968	293.363	74.1661	80.0301
1743.247	15725.7	15707	0.3148	0.314594	2.14789	0.0230168	275.826	74.1661	80.051
1743.533	15691.1	15707	0.307204	0.322388	2.10088	0.0207409	298.342	74.3641	80.0782
1743.677	15691.7	15707	0.296148	0.412794	2.10088	0.0227854	271.929	74.3641	80.0919
1743.820	15699.2	15707	0.310451	0.30754	2.10041	0.0226641	280.806	74.3641	80.1033
1743.963	15708.3	15707	0.306978	0.276785	2.10041	0.0205689	299.317	74.3641	80.1168
1744.106	15719.3	15707	0.283223	0.299117	2.09802	0.0212539	279.29	74.3641	80.1301
1744.265	15682.9	15707	0.284521	0.348237	2.09802	0.0209931	283.837	74.3641	80.1431
1744.424	15701.1	15707	0.329916	0.310535	2.10349	0.0192882	290.223	74.5726	80.1595
1744.583	15705.2	15707	0.321662	0.29406	2.10468	0.0205123	298.342	74.5726	80.1735
1744.727	15689.4	15707	0.325325	0.355254	2.10468	0.0214293	275.826	74.5726	80.1876
1745.044	15711.5	15707	0.299367	0.268859	2.10301	0.020206	292.497	74.5726	80.2151
1745.203	15715.2	15707	0.292797	0.334083	2.10414	0.0224067	295.744	74.5726	80.2313
1745.362	15684.8	15707	0.299024	0.305063	2.09726	0.0218521	302.672	74.5726	80.2446
1745.521	15691.9	15707	0.314814	0.285668	2.09726	0.0229568	306.245	74.7715	80.2572
1745.680	15813.6	15707	0.35917	0.253574	2.09668	0.0224614	297.152	74.7715	80.2718
1745.839	15719.1	15707	0.290957	0.255824	2.13486	0.0229537	283.837	74.7715	80.2865
1745.998	15709.9	15707	0.296388	0.352082	2.13486	0.0231818	268.79	74.7715	80.3086
1746.157	15687.9	15707	0.30126	0.374935	2.13583	0.0236687	263.81	74.7715	80.3275
1746.444	15677.7	15707	0.275522	0.333697	2.10614	0.0206294	290.765	74.9676	80.3573
1746.587	15707.5	15707	0.291961	0.337022	2.10614	0.0242831	273.011	74.9676	80.3706
1746.873	15735.5	15707	0.350591	0.261942	2.10098	0.0193733	298.775	74.9676	80.3964
1747.016	15722.7	15707	0.338	0.305391	2.10098	0.0221945	278.099	74.9676	80.4069
1747.160	15709.4	15707	0.316431	0.279984	2.09839	0.0221157	283.837	74.9676	80.4192
1747.303	15684.3	15707	0.300213	0.321144	2.09839	0.0200232	300.507	74.9676	80.4313
1747.446	15675.1	15707	0.295571	0.354001	2.0971	0.0209168	277.883	75.1737	80.4413
1747.589	15702.3	15707	0.299145	0.335633	2.0971	0.0230359	275.068	75.1737	80.4532
1747.732	15702.4	15707	0.304271	0.298088	2.10401	0.0225055	304.404	75.1737	80.4662
1747.875	15723.1	15707	0.312929	0.281036	2.10401	0.0218271	285.785	75.1737	80.4791
1748.161	15715.1	15707	0.310778	0.274403	2.09902	0.0209686	306.245	75.1737	80.5019
1748.305	15698.9	15707	0.338813	0.303784	2.09902	0.0196056	287.734	75.1737	80.5141
1748.448	15700.2	15707	0.338473	0.368359	2.10051	0.0246249	265.65	75.3695	80.5244
1748.591	15704.9	15707	0.321101	0.316044	2.10051	0.0224178	303.647	75.3695	80.5368
1748.925	15705.5	15707	0.286251	0.333382	2.14322	0.0209007	284.27	75.3695	80.5705
1749.068	15712.9	15707	0.308365	0.309161	2.14322	0.0239332	267.599	75.3695	80.5869
1749.211	15712.3	15707	0.306762	0.272651	2.12337	0.0223814	306.353	75.3695	80.6039
1749.354	15714	15707	0.317065	0.301448	2.12337	0.0194964	293.579	75.3695	80.6198
1749.498	15705.9	15707	0.338802	0.320568	2.10222	0.0233045	271.171	75.5587	80.6304
1749.641	15718.2	15707	0.327164	0.283725	2.10222	0.0221773	306.894	75.5587	80.6425
1749.958	15703.7	15707	0.275964	0.287861	2.09823	0.0245168	275.934	75.5587	80.6684
1750.117	15692.9	15707	0.285668	0.407491	2.09823	0.0244597	266.3	75.5587	80.68
1750.261	15698.6	15707	0.302345	0.276655	2.10121	0.0231465	303.647	75.5587	80.692
1750.738	15720.5	15707	0.329887	0.302687	2.09554	0.0249643	269.331	75.762	80.7294
1750.897	15719.8	15707	0.317545	0.325002	2.09554	0.0228937	273.444	75.762	80.7405
1751.056	15701.3	15707	0.297826	0.3343	2.10196	0.0223693	278.208	75.762	80.7547
1751.215	15678.5	15707	0.289414	0.342661	2.09956	0.0197206	285.136	75.762	80.7668
1751.374	15704.6	15707	0.320864	0.339315	2.09956	0.0193216	294.337	75.762	80.7804
1751.533	15728.2	15707	0.335793	0.25425	2.09801	0.019583	298.667	75.9552	80.792
1751.835	15733.7	15707	0.319873	0.309839	2.11104	0.0200939	286.435	75.9552	80.8174
1751.978	15727.8	15707	0.337383	0.316296	2.14341	0.0237539	271.279	75.9552	80.833
1752.121	15712.8	15707	0.355239	0.274591	2.14341	0.0217725	306.353	75.9552	80.849
1752.265	15699.6	15707	0.328323	0.316478	2.11062	0.019172	286.11	75.9552	80.8651
1752.408	15690.4	15707	0.286003	0.368874	2.11062	0.0239189	265.975	76.1418	80.8783
1752.551	15675.1	15707	0.272095	0.310166	2.09914	0.022937	305.812	76.1418	80.8903
1752.694	15697.6	15707	0.278689	0.338626	2.09914	0.0219119	291.631	76.1418	80.8997
1752.980	15733.7	15707	0.334699	0.265856	2.10065	0.0219114	300.291	76.1418	80.9227
1753.123	15719.9	15707	0.334434	0.266047	2.09759	0.0197414	295.095	76.1418	80.932
1753.409	15698.7	15707	0.310203	0.293575	2.09532	0.0237372	289.141	76.3385	80.9539
1753.553	15692	15707	0.319985	0.320634	2.0987	0.0219276	300.291	76.3385	80.965
1753.696	15697.3	15707	0.297204	0.408947	2.0987	0.0219814	274.094	76.3385	80.9744
1753.839	15691.4	15707	0.296019	0.316037	2.10202	0.0228371	276.8	76.3385	80.9863
1753.983	15695.8	15707	0.308871	0.294453	2.10202	0.0207205	301.373	76.3385	80.9982
1754.125	15721.3	15707	0.296658	0.291423	2.10071	0.0219405	283.187	76.3385	81.0099
1754.268	15722.9	15707	0.296882	0.289859	2.10071	0.023041	274.96	76.3385	81.0198
1754.412	15710.8	15707	0.318107	0.273999	2.1051	0.0220791	306.137	76.5254	81.0322
1754.555	15718.9	15707	0.348936	0.310839	2.09548	0.0195956	288.708	76.5254	81.0439
1754.698	15709.8	15707	0.335158	0.335321	2.09548	0.0228793	267.058	76.5254	81.0529
1754.841	15690.1	15707	0.328836	0.283351	2.12361	0.0225368	306.461	76.5254	81.0662
1754.984	15683.3	15707	0.303781	0.329984	2.12361	0.019833	286.543	76.5254	81.0819
1755.127	15689	15707	0.276738	0.366738	2.13894	0.023827	268.79	76.5254	81.0997
1755.493	15723.3	15707	0.332623	0.308794	2.10024	0.020876	298.775	76.7096	81.1315
1755.652	15720.3	15707	0.321106	0.269901	2.10231	0.019916	305.379	76.7096	81.1451
1755.796	15711.2	15707	0.335926	0.294104	2.10231	0.0196066	286.868	76.7096	81.1549
1755.954	15744.2	15707	0.314902	0.301819	2.10192	0.0203629	290.981	76.7096	81.1684
1756.113	15703.9	15707	0.300852	0.291692	2.09873	0.02103	296.177	76.7096	81.1798
1756.272	15681.4	15707	0.28954	0.324125	2.09873	0.0221368	300.94	76.7096	81.1909
1756.431	15711.2	15707	0.338898	0.28366	2.09584	0.0216786	308.735	76.9079	81.2034
1756.590	15717.2	15707	0.321837	0.27637	2.0939	0.0214682	302.781	76.9079	81.214
1756.749	15739.2	15707	0.324679	0.271729	2.0939	0.0221495	287.95	76.9079	81.2244
1756.908	15701.2	15707	0.284242	0.302422	2.09954	0.0245911	272.903	76.9079	81.2372
1757.067	15684.3	15707	0.306713	0.401611	2.09954	0.025305	263.269	76.9079	81.2485
1757.227	15713.2	15707	0.346529	0.347314	2.09854	0.0227223	269.98	76.9079	81.2616
1757.513	15688.8	15707	0.287435	0.326253	2.10177	0.0201021	298.126	77.0926	81.283
1757.656	15685.3	15707	0.284181	0.362443	2.10361	0.0227883	277.991	77.0926	81.295
1757.799	15708.1	15707	0.291944	0.287039	2.10361	0.0231884	280.806	77.0926	81.3051
1757.942	15732	15707	0.301488	0.286643	2.13597	0.0219798	299.75	77.0926	81.3209
1758.086	15738.3	15707	0.320752	0.282963	2.13597	0.0196137	281.672	77.0926	81.3385
1758.371	15711.4	15707	0.326783	0.270719	2.12572	0.0216955	307.219	77.0926	81.3661
1758.515	15694.2	15707	0.312772	0.344224	2.09469	0.0201098	287.192	77.2789	81.3762
1758.658	15683.1	15707	0.300984	0.347316	2.09981	0.0237094	265.975	77.2789	81.3869
1758.801	15696.3	15707	0.290586	0.321305	2.09981	0.0233497	305.92	77.2789	81.3962
1758.944	15711.4	15707	0.278073	0.34255	2.10365	0.0211912	287.192	77.2789	81.4077
1759.087	15709.8	15707	0.311778	0.318468	2.10365	0.0251915	267.599	77.2789	81.4195
1759.373	15726	15707	0.328902	0.282243	2.09755	0.0196771	295.095	77.2789	81.4395
1759.517	15716	15707	0.318128	0.32512	2.10047	0.0233092	273.877	77.4749	81.4508
1759.660	15709.5	15707	0.326432	0.291909	2.10047	0.0223376	293.904	77.4749	81.4619
1759.803	15703.3	15707	0.317491	0.335212	2.09625	0.0208142	296.394	77.4749	81.4725
1759.946	15697.6	15707	0.311568	0.391197	2.09443	0.0224738	270.089	77.4749	81.4813
1760.089	15681.9	15707	0.29896	0.293108	2.09443	0.0224369	281.022	77.4749	81.4917
1760.232	15691.1	15707	0.287631	0.303135	2.09885	0.0205549	301.157	77.4749	81.5026
1760.376	15692.4	15707	0.28445	0.319064	2.09885	0.0212759	282.862	77.4749	81.5119
1760.519	15722.6	15707	0.303581	0.263907	2.09799	0.0242675	277.233	77.6567	81.5229
1760.662	15737.9	15707	0.330602	0.277028	2.09799	0.0201723	302.348	77.6567	81.5342
1760.980	15686.4	15707	0.27024	0.293857	2.14827	0.0237167	297.476	77.6567	81.5661
1761.282	15692.4	15707	0.306129	0.310934	2.11651	0.021093	299.1	77.6567	81.6003
1761.600	15741.9	15707	0.339736	0.262301	2.09909	0.0214469	301.482	77.8402	81.6242
1761.759	15719.5	15707	0.288075	0.247231	2.09641	0.0238061	287.734	77.8402	81.6364
1761.918	15704	15707	0.294178	0.310765	2.09641	0.0242525	275.285	77.8402	81.6469
1762.077	15686.5	15707	0.30139	0.360196	2.10319	0.0250473	263.269	77.8402	81.6603
1762.236	15693.3	15707	0.319699	0.365392	2.10066	0.0231536	273.661	77.8402	81.6718
1762.395	15738.5	15707	0.333692	0.323538	2.10066	0.0208974	282.213	77.8402	81.6829
1762.554	15717.7	15707	0.30515	0.285015	2.09605	0.0198294	289.574	78.034	81.6953
1762.713	15684.1	15707	0.286606	0.330914	2.09605	0.0206966	292.713	78.034	81.7057
1762.856	15723	15707	0.297815	0.372414	2.09631	0.0238536	274.31	78.034	81.7162
1762.999	15721.9	15707	0.332333	0.254916	2.09723	0.0221056	296.502	78.034	81.7249
1763.143	15731.2	15707	0.350717	0.278331	2.09723	0.0201182	296.177	78.034	81.7355
1763.286	15718	15707	0.311568	0.30325	2.09792	0.0196405	278.749	78.034	81.7463
1763.429	15701.1	15707	0.318811	0.302154	2.09792	0.0225223	285.027	78.2178	81.7571
1763.572	15687.7	15707	0.315176	0.316904	2.10094	0.0221588	302.239	78.2178	81.7664
1763.715	15695.3	15707	0.298574	0.381902	2.10094	0.0228589	275.934	78.2178	81.7778
1763.859	15690.7	15707	0.290172	0.326607	2.11356	0.0232185	274.419	78.2178	81.7914
1764.001	15699.5	15707	0.303463	0.274467	2.11356	0.0209741	298.342	78.2178	81.8035
1764.145	15702.6	15707	0.295955	0.289555	2.14163	0.0208563	281.13	78.2178	81.8218
1764.288	15723.5	15707	0.307182	0.280571	2.10159	0.0233877	276.042	78.2178	81.8375
1764.431	15718.1	15707	0.315777	0.258022	2.10159	0.0222142	306.786	78.399	81.8485
1764.717	15710.5	15707	0.332085	0.377318	2.09594	0.0229989	266.841	78.399	81.8674
1764.860	15698.1	15707	0.321791	0.278705	2.09938	0.0217466	306.028	78.399	81.8781
1765.004	15687	15707	0.303052	0.331931	2.09938	0.0203194	287.842	78.399	81.8889
1765.147	15688	15707	0.273876	0.368519	2.09699	0.0242031	268.465	78.399	81.8976
1765.290	15702.3	15707	0.282141	0.27424	2.09699	0.0242276	301.049	78.399	81.9081
1765.433	15715	15707	0.307873	0.301674	2.09882	0.0217179	296.177	78.59	81.9189
1765.576	15733.4	15707	0.321842	0.341477	2.09412	0.023228	278.099	78.59	81.9276
1765.719	15724.3	15707	0.348843	0.255784	2.09412	0.0233358	290.548	78.59	81.9377
1765.862	15714.1	15707	0.346136	0.266682	2.09006	0.0192733	298.126	78.59	81.9473
1766.005	15700.1	15707	0.314972	0.344201	2.09006	0.0211396	276.8	78.59	81.9568
1766.149	15687	15707	0.289871	0.307687	2.09534	0.0230379	281.78	78.59	81.9655
1766.307	15718.8	15707	0.329274	0.342977	2.09534	0.0230421	267.491	78.59	81.9776
1766.466	15724.3	15707	0.312828	0.288594	2.09316	0.0228973	271.063	78.7705	81.9877
1766.625	15712.3	15707	0.307143	0.315581	2.09754	0.0243926	276.8	78.7705	81.9981
1766.769	15726.6	15707	0.308717	0.289569	2.09754	0.0238725	292.822	78.7705	82.0091
1766.928	15702.3	15707	0.283095	0.296802	2.13368	0.023223	268.681	78.7705	82.0252
1767.087	15674.6	15707	0.297818	0.389643	2.13497	0.0239855	263.594	78.7705	82.0451
1767.246	15713.1	15707	0.33531	0.33718	2.13497	0.0232034	270.846	78.7705	82.0621
1767.405	15718.5	15707	0.325776	0.294661	2.09447	0.0190765	283.404	78.9449	82.0759
1767.564	15731.8	15707	0.304225	0.303836	2.09447	0.0207767	287.409	78.9449	82.0858
1767.723	15689.3	15707	0.28962	0.289595	2.09211	0.021026	291.198	78.9449	82.0953
1767.935	15684.1	15707	0.282946	0.304256	2.0983	0.0220459	305.271	78.9449	82.1107
1768.088	15707.8	15707	0.331021	0.294454	2.0983	0.0225719	289.79	78.9449	82.1215
1768.248	15726.4	15707	0.333534	0.251249	2.09921	0.0228264	271.388	78.9449	82.1325
1768.391	15712.5	15707	0.330312	0.294053	2.09745	0.02121	306.57	78.9449	82.1433
1768.534	15696.6	15707	0.298591	0.340411	2.09745	0.0194634	288.816	79.134	82.1539
1768.677	15677.2	15707	0.293479	0.373387	2.098	0.0236146	264.568	79.134	82.1629
1768.820	15691.3	15707	0.296427	0.321739	2.098	0.0216803	305.379	79.134	82.1737
1768.963	15711.1	15707	0.289812	0.324387	2.09217	0.0205426	287.192	79.134	82.1836
1769.106	15717.8	15707	0.306047	0.328149	2.09217	0.0250902	268.248	79.134	82.1934
1769.250	15720.5	15707	0.317721	0.271854	2.09084	0.0226851	304.188	79.134	82.2014
1769.393	15716.5	15707	0.332095	0.26151	2.09388	0.0202002	296.502	79.134	82.2113
1769.536	15715.9	15707	0.33515	0.345095	2.09388	0.0233223	275.393	79.3127	82.2216
1769.822	15708.6	15707	0.32262	0.335946	2.09765	0.0193555	295.853	79.3127	82.2413
1770.252	15691.2	15707	0.269354	0.310859	2.12184	0.0222072	301.482	79.3127	82.2883
1770.395	15706.4	15707	0.291335	0.315446	2.12184	0.0214447	283.837	79.3127	82.3022
1770.538	15715	15707	0.317325	0.266463	2.09682	0.0236551	278.532	79.4892	82.3125
1770.681	15733.9	15707	0.336023	0.285169	2.09468	0.0198086	301.806	79.4892	82.3226
1770.824	15730.3	15707	0.343653	0.314171	2.09468	0.0190153	283.295	79.4892	82.331
1770.967	15710.3	15707	0.333282	0.294457	2.09075	0.0242146	267.815	79.4892	82.3407
1771.110	15690.7	15707	0.305674	0.308002	2.09075	0.0222679	307.977	79.4892	82.3501
1771.253	15681.9	15707	0.277857	0.355306	2.09859	0.0213879	288.058	79.4892	82.3589
1771.397	15677.9	15707	0.279871	0.355695	2.09859	0.024911	268.573	79.4892	82.3697
1771.540	15699.9	15707	0.295891	0.288479	2.09887	0.0221143	305.487	79.6758	82.3805
1771.683	15735.3	15707	0.309166	0.284924	2.09887	0.0206444	290.765	79.6758	82.3914
1771.842	15688.8	15707	0.281556	0.312714	2.09469	0.0218709	295.095	79.6758	82.4016
1772.192	15671	15707	0.266597	0.328664	2.09687	0.0223381	296.719	79.6758	82.4261
1772.335	15695.5	15707	0.288855	0.352104	2.09505	0.0230305	277.341	79.6758	82.4364
1772.494	15695.3	15707	0.306872	0.33235	2.09479	0.0205768	281.888	79.848	82.4467
1772.653	15682.4	15707	0.319571	0.319624	2.09479	0.0193107	292.064	79.848	82.457
1772.971	15713.8	15707	0.29072	0.273401	2.10867	0.0223133	302.348	79.848	82.4849
1773.130	15693.7	15707	0.286128	0.30368	2.14516	0.0232345	306.57	79.848	82.507
1773.289	15684.1	15707	0.306459	0.298105	2.11156	0.0236879	297.801	79.848	82.5216
1773.448	15700.5	15707	0.316402	0.301476	2.11156	0.023444	282.213	80.0222	82.5344
1773.607	15729.8	15707	0.329867	0.298797	2.09295	0.0245583	271.171	80.0222	82.5455
1773.766	15720.1	15707	0.295522	0.310127	2.09522	0.0251097	269.656	80.0222	82.5553
1773.909	15720.5	15707	0.298752	0.267219	2.09522	0.0217444	306.353	80.0222	82.5654
1774.053	15716.4	15707	0.330485	0.282837	2.09778	0.0191276	294.337	80.0222	82.5741
1774.196	15720.5	15707	0.335594	0.374621	2.09778	0.0232597	274.419	80.0222	82.5847
1774.339	15708.1	15707	0.32079	0.300557	2.09457	0.02183	299.208	80.0222	82.5948
1774.482	15691.3	15707	0.324922	0.313744	2.09457	0.0207095	295.095	80.2026	82.605
1774.625	15685.6	15707	0.290896	0.354234	2.0974	0.0226823	269.439	80.2026	82.6139
1774.768	15702.6	15707	0.26279	0.280824	2.09798	0.0228926	285.677	80.2026	82.6245
1774.911	15692	15707	0.288003	0.300519	2.09798	0.0220568	299.966	80.2026	82.6351
1775.054	15714.3	15707	0.307696	0.308514	2.09429	0.0217578	281.888	80.2026	82.6438
1775.198	15739.8	15707	0.32726	0.279581	2.09429	0.0239977	277.341	80.2026	82.6538
1775.341	15730.1	15707	0.34731	0.261183	2.0941	0.0203766	300.832	80.2026	82.6639
1775.484	15716.8	15707	0.335607	0.298638	2.0941	0.0190607	283.728	80.373	82.674
1775.627	15696.5	15707	0.300368	0.337801	2.09274	0.0236375	266.841	80.373	82.6822
1775.770	15687.1	15707	0.286105	0.324392	2.09274	0.022162	306.786	80.373	82.693
1775.913	15684.5	15707	0.282377	0.348029	2.12283	0.0211691	286.002	80.373	82.7081
1776.056	15701.7	15707	0.279985	0.378267	2.13892	0.0238396	269.223	80.373	82.724
1776.199	15715.4	15707	0.310814	0.289706	2.13892	0.021927	305.812	80.373	82.7387
1776.343	15723.5	15707	0.322751	0.255849	2.09678	0.0202102	289.682	80.373	82.7525
1776.486	15721.3	15707	0.32875	0.301304	2.09678	0.0240275	270.413	80.5448	82.7626
1776.629	15716.3	15707	0.318807	0.2718	2.09574	0.0212882	302.456	80.5448	82.771
1776.772	15695.1	15707	0.325274	0.310848	2.09574	0.0202728	296.177	80.5448	82.781
1776.915	15701.1	15707	0.306841	0.388464	2.08996	0.0241051	270.738	80.5448	82.7901
1777.058	15691	15707	0.306383	0.313395	2.08996	0.0224894	288.275	80.5448	82.7994
1777.201	15686.1	15707	0.310412	0.30586	2.09405	0.0203461	296.61	80.5448	82.8076
1777.360	15690.7	15707	0.297256	0.317033	2.09427	0.021404	304.296	80.5448	82.8192
1777.519	15727.2	15707	0.340001	0.279605	2.09427	0.0208361	305.379	80.7223	82.8293
1777.678	15729.7	15707	0.316291	0.25674	2.09728	0.0217533	293.796	80.7223	82.8398
1777.822	15724.2	15707	0.325785	0.284523	2.09728	0.0202964	298.775	80.7223	82.8504
1777.981	15732.5	15707	0.316983	0.280791	2.09899	0.0217919	300.507	80.7223	82.8612
1778.140	15697.1	15707	0.293556	0.281328	2.09012	0.0226606	306.028	80.7223	82.8731
1778.299	15686.3	15707	0.290506	0.300547	2.09012	0.022814	295.311	80.7223	82.8824
1778.458	15707.1	15707	0.341866	0.297732	2.08961	0.0232321	282.646	80.8897	82.8933
1778.617	15730.2	15707	0.322971	0.290543	2.0886	0.0225639	274.527	80.8897	82.9026
1778.776	15722.5	15707	0.304961	0.336099	2.0886	0.0242266	273.12	80.8897	82.9119
1778.935	15696.4	15707	0.29855	0.340519	2.13438	0.0230116	273.336	80.8897	82.9294
1779.094	15669.7	15707	0.287462	0.361431	2.13438	0.0221438	278.641	80.8897	82.9465
1779.253	15712.6	15707	0.340002	0.307132	2.12866	0.0190143	290.223	80.8897	82.9623
1779.539	15691.7	15707	0.290268	0.304629	2.0943	0.0223246	305.812	81.0587	82.9857
1779.682	15675.6	15707	0.27361	0.327686	2.09607	0.020057	288.708	81.0587	82.9957
1779.826	15695.4	15707	0.286564	0.363142	2.09607	0.0255258	268.898	81.0587	83.0041
1779.969	15718.6	15707	0.304663	0.269106	2.09	0.0222533	300.291	81.0587	83.0134
1780.112	15727.6	15707	0.315514	0.279285	2.09	0.0206386	295.744	81.0587	83.0226
1780.255	15731.7	15707	0.346656	0.299769	2.08927	0.0221538	276.367	81.0587	83.0302
1780.589	15695.3	15707	0.331223	0.283188	2.09071	0.023096	300.832	81.2383	83.052
1780.732	15677.5	15707	0.309521	0.334779	2.09259	0.019784	293.146	81.2383	83.0619
1780.875	15685.2	15707	0.287736	0.39422	2.09259	0.0238199	273.553	81.2383	83.0701
1781.018	15687	15707	0.279392	0.290468	2.09284	0.0235902	291.198	81.2383	83.08
1781.161	15711	15707	0.291238	0.30254	2.09284	0.0206668	296.61	81.2383	83.0901
1781.305	15738.3	15707	0.309846	0.319818	2.09619	0.0226878	277.775	81.2383	83.0988
1781.591	15717.8	15707	0.339214	0.267395	2.09005	0.0198774	302.564	81.4076	83.1186
1781.734	15703.2	15707	0.318623	0.323902	2.09425	0.0197656	284.594	81.4076	83.1286
1781.877	15680.3	15707	0.319743	0.32163	2.09425	0.0225302	274.743	81.4076	83.1371
1782.020	15686.5	15707	0.309659	0.30555	2.13559	0.0221338	302.997	81.4076	83.1534
1782.164	15706.5	15707	0.27887	0.36317	2.13559	0.0215796	281.78	81.4076	83.1699
1782.307	15708.7	15707	0.294913	0.323428	2.10897	0.0245744	269.114	81.4076	83.1803
1782.450	15712.7	15707	0.30397	0.266687	2.10897	0.0224299	306.353	81.5703	83.1923
1782.593	15722.1	15707	0.296517	0.284827	2.09478	0.0202308	290.115	81.5703	83.2023
1782.736	15714.8	15707	0.321647	0.299113	2.0905	0.0236259	274.527	81.5703	83.212
1782.895	15723.1	15707	0.288097	0.35673	2.0905	0.0229567	275.285	81.5703	83.2214
1783.054	15689.8	15707	0.287978	0.337286	2.09471	0.0219451	278.424	81.5703	83.2313
1783.213	15687.3	15707	0.297071	0.349469	2.09471	0.0208279	284.486	81.5703	83.2429
1783.356	15702.3	15707	0.281972	0.388491	2.0901	0.0241253	267.707	81.5703	83.2507
1783.515	15697	15707	0.326333	0.350885	2.08801	0.0237548	268.032	81.7471	83.2615
1783.674	15701.7	15707	0.319675	0.321693	2.08801	0.0218536	279.723	81.7471	83.2707
1783.833	15724.6	15707	0.320992	0.283446	2.09032	0.0196179	286.543	81.7471	83.2817
1783.992	15698.9	15707	0.26868	0.318739	2.09308	0.021684	291.198	81.7471	83.2915
1784.151	15698	15707	0.298386	0.335234	2.09308	0.0215137	296.286	81.7471	83.3015
1784.310	15700.6	15707	0.328629	0.284263	2.0929	0.0222107	304.404	81.7471	83.3133
1784.469	15719.2	15707	0.319394	0.275212	2.0929	0.0212951	306.786	81.9138	83.3234
1784.628	15732.5	15707	0.308477	0.262393	2.09235	0.0235839	303.863	81.9138	83.3334
1784.787	15698	15707	0.263725	0.280246	2.10885	0.0224652	283.728	81.9138	83.3466
1784.931	15700.1	15707	0.29767	0.292936	2.10885	0.0226363	300.616	81.9138	83.3573
1785.074	15718.4	15707	0.304242	0.297849	2.13815	0.0216562	282.429	81.9138	83.3736
1785.217	15735.1	15707	0.329133	0.286779	2.13815	0.0226537	277.341	81.9138	83.3913
1785.360	15731.2	15707	0.345528	0.275317	2.09501	0.0213023	304.513	81.9138	83.4013
1785.503	15702.5	15707	0.344977	0.303364	2.09501	0.0192324	281.888	82.0746	83.4097
1785.646	15691.2	15707	0.311847	0.319383	2.0926	0.0243174	264.893	82.0746	83.4194
1785.790	15686.9	15707	0.277113	0.31015	2.09675	0.0227151	305.487	82.0746	83.4294
1786.075	15705.6	15707	0.28267	0.352221	2.09131	0.0240847	269.547	82.0746	83.448
1786.362	15724.8	15707	0.345162	0.245596	2.09546	0.0198996	291.198	82.0746	83.468
1786.505	15725.1	15707	0.33163	0.309862	2.09546	0.0231475	270.955	82.25	83.4767
1786.648	15715	15707	0.320424	0.274761	2.09217	0.0214188	299.425	82.25	83.4865
1786.791	15699.2	15707	0.324005	0.317251	2.09217	0.0205944	297.368	82.25	83.4964
1786.934	15698	15707	0.309656	0.392654	2.09241	0.0234322	272.037	82.25	83.5063
1787.078	15692.2	15707	0.286075	0.32351	2.09384	0.0225378	284.27	82.25	83.5146
1787.221	15690.5	15707	0.289591	0.323403	2.09384	0.0204442	296.069	82.25	83.5249
1787.364	15707.1	15707.1	0.296078	0.297216	2.09126	0.022468	276.475	82.25	83.5348
1787.650	15729	15717.8	0.323227	0.27564	2.10977	0.0210727	303.214	82.4151	83.5554
1787.793	15732.9	15723.1	0.342736	0.289188	2.10977	0.0205233	283.945	82.4151	83.5683
1787.936	15746.8	15728.5	0.346353	0.320188	2.14165	0.023696	270.738	82.4151	83.5867
1788.079	15741.3	15733.8	0.336671	0.308458	2.14165	0.0215549	306.353	82.4151	83.6024
1788.223	15728.5	15739.2	0.329901	0.314012	2.15692	0.0198774	279.29	82.4151	83.623
1788.382	15743.7	15745.1	0.333535	0.283815	2.12163	0.0186697	291.739	82.4151	83.6402
1788.541	15777.7	15751	0.332448	0.283933	2.12163	0.0196743	296.719	82.5836	83.6566
1788.700	15761	15756.9	0.293816	0.295519	2.12194	0.0211693	302.456	82.5836	83.6706
1788.843	15770.7	15762.3	0.311182	0.286382	2.12194	0.0204106	285.027	82.5836	83.685
1789.002	15771.3	15768.2	0.302658	0.337824	2.13731	0.0197527	287.95	82.5836	83.7015
1789.161	15748.4	15774.1	0.294857	0.327948	2.12472	0.019204	296.827	82.5836	83.7191
1789.479	15810.7	15786	0.342089	0.254382	2.12191	0.0215837	306.028	82.7656	83.7467
1789.638	15778.7	15791.9	0.291071	0.289684	2.12501	0.0221448	297.909	82.7656	83.7626
1789.797	15776.4	15797.9	0.303799	0.326608	2.12501	0.023057	278.857	82.7656	83.7765
1790.115	15838.1	15809.7	0.341241	0.352146	2.12627	0.0238465	271.388	82.7656	83.807
1790.274	15829.2	15815.7	0.326078	0.327427	2.13642	0.0224764	273.877	82.7656	83.8226
1790.417	15834.7	15821	0.331384	0.277319	2.13752	0.0231017	298.342	82.9389	83.8382
1790.561	15833.1	15826.3	0.336835	0.29421	2.13752	0.020389	298.342	82.9389	83.8537
1790.704	15840.3	15831.7	0.352548	0.342662	2.13507	0.021003	279.074	82.9389	83.8663
1790.847	15839.9	15837	0.34209	0.321588	2.13507	0.0237755	272.362	82.9389	83.8812
1790.990	15829.8	15842.3	0.347672	0.310725	2.17804	0.0206259	303.647	82.9389	83.9024
1791.133	15819.7	15847.7	0.31494	0.339572	2.17804	0.0203888	281.78	82.9389	83.9208
1791.276	15834.5	15853	0.285187	0.384475	2.15896	0.0233679	268.357	82.9389	83.9392
1791.419	15838.3	15858.4	0.304451	0.311577	2.1472	0.0227704	303.322	83.1176	83.9568
1791.562	15863.6	15863.7	0.297865	0.350956	2.1472	0.0202118	283.187	83.1176	83.9728
1791.706	15878.9	15869	0.309053	0.352782	2.14881	0.023185	266.949	83.1176	83.9862
1791.849	15892	15874.4	0.342664	0.27247	2.14881	0.0217191	306.245	83.1176	84.0023
1791.992	15888.6	15879.7	0.318314	0.287414	2.13911	0.0190747	293.796	83.1176	84.0172
1792.135	15897.5	15885.1	0.337153	0.347987	2.13911	0.023109	273.769	83.1176	84.0289
1792.453	15870.3	15896.9	0.299987	0.355655	2.14592	0.0204763	279.723	83.3025	84.0621
1792.596	15865.1	15902.3	0.283727	0.362921	2.14592	0.0228736	270.846	83.3025	84.0771
1792.740	15893.8	15907.6	0.306562	0.308236	2.1539	0.0208917	305.379	83.3025	84.093
1792.882	15922.8	15912.9	0.324865	0.324282	2.1539	0.0200401	285.785	83.3025	84.1066
1793.026	15932.7	15918.3	0.329315	0.314046	2.15798	0.0247968	267.058	83.3025	84.1234
1793.169	15938.1	15923.6	0.325827	0.27698	2.15798	0.0208242	306.353	83.3025	84.14
1793.312	15932.6	15928.9	0.332736	0.270911	2.15165	0.0189966	292.389	83.3025	84.1555
1793.455	15929.8	15934.3	0.337593	0.345009	2.15165	0.0235869	269.006	83.4805	84.1686
1793.598	15958.5	15939.6	0.3531	0.282436	2.16181	0.0208568	302.886	83.4805	84.1856
1793.741	15954.9	15944.9	0.360077	0.302671	2.17531	0.0188714	293.471	83.4805	84.2037
1793.900	15963.7	15950.9	0.328034	0.286428	2.17531	0.0192309	298.342	83.4805	84.2228
1794.059	15965.4	15956.8	0.316296	0.329521	2.20397	0.0211738	301.915	83.4805	84.2461
1794.218	15939.3	15962.7	0.317053	0.328429	2.20397	0.0219437	302.997	83.4805	84.2728
1794.361	15938.3	15968.1	0.298096	0.357997	2.17626	0.0188565	286.11	83.4805	84.2911
1794.520	15977.5	15974	0.364977	0.328035	2.16475	0.0186462	297.585	83.6679	84.3083
1794.679	16003.9	15979.9	0.3386	0.276745	2.16475	0.0190186	303.755	83.6679	84.3243
1794.838	15994	15985.9	0.309681	0.320229	2.18052	0.0222679	305.162	83.6679	84.3457
1794.997	15968.3	15991.8	0.324515	0.308847	2.16354	0.0214451	295.203	83.6679	84.3632
1795.156	15991.3	15997.7	0.349419	0.315016	2.16354	0.0216027	275.826	83.6679	84.3786
1795.315	16020.5	16003.7	0.3481	0.309702	2.17149	0.0235655	267.166	83.6679	84.3973
1795.474	15987.8	16009.6	0.307115	0.407281	2.17149	0.0233686	266.3	83.863	84.4138
1795.634	16004.5	16015.5	0.332095	0.358561	2.17725	0.0210372	270.522	83.863	84.4313
1795.793	16017.7	16021.5	0.344602	0.303875	2.18042	0.0176865	286.002	83.863	84.4517
1795.936	16025.1	16026.8	0.35173	0.363403	2.18042	0.0218885	270.413	83.863	84.4664
1796.079	16041.2	16032.1	0.351349	0.329275	2.18174	0.019653	305.812	83.863	84.4841
1796.222	16033.5	16037.5	0.362948	0.325463	2.18174	0.0196236	286.002	83.863	84.5017
1796.365	16026.1	16042.8	0.337172	0.400696	2.17986	0.0235906	259.588	83.863	84.5189
1796.508	16025.3	16048.2	0.315201	0.31396	2.17986	0.0218709	305.487	84.0499	84.5331
1796.652	16027.8	16053.5	0.315096	0.34952	2.18768	0.0194946	288.167	84.0499	84.5514
1796.795	16043	16058.8	0.318401	0.445775	2.21709	0.0240463	262.944	84.0499	84.5713
1796.938	16048.9	16064.2	0.327549	0.322819	2.21709	0.0215177	296.502	84.0499	84.5945
1797.081	16049	16069.5	0.308226	0.331066	2.2293	0.0187013	292.822	84.0499	84.6147
1797.510	16104.8	16085.5	0.336254	0.338405	2.19469	0.0202029	296.394	84.2397	84.6746
1797.654	16103.5	16090.9	0.34684	0.329132	2.19907	0.0219589	274.202	84.2397	84.6931
1797.797	16109.2	16096.2	0.327901	0.291535	2.19907	0.0218738	280.697	84.2397	84.7116
1797.940	16102.5	16101.5	0.318575	0.305003	2.19756	0.0197729	298.451	84.2397	84.7296
1798.083	16127.4	16106.9	0.352452	0.303316	2.196	0.0192666	277.991	84.2397	84.7445
1798.226	16136.5	16112.2	0.361398	0.317689	2.196	0.0244196	273.444	84.2397	84.762
1798.369	16134.1	16117.5	0.363441	0.284301	2.1976	0.0211002	304.837	84.2397	84.7794
1798.512	16133.4	16122.9	0.350053	0.314465	2.1976	0.0176935	285.244	84.4394	84.797
1798.655	16132.4	16128.2	0.350067	0.354286	2.21498	0.0233106	268.032	84.4394	84.8136
1798.798	16143.7	16133.6	0.369314	0.298083	2.21498	0.0204328	306.245	84.4394	84.8339
1798.942	16155.8	16138.9	0.370146	0.299771	2.20006	0.0174576	284.703	84.4394	84.8513
1799.085	16141.9	16144.2	0.357083	0.355731	2.20006	0.0210226	265.434	84.4394	84.8659
1799.228	16134.6	16149.6	0.346552	0.302062	2.20489	0.0202896	303.322	84.4394	84.8839
1799.387	16175.7	16155.5	0.358156	0.307643	2.22222	0.0220375	286.976	84.4394	84.9069
1799.546	16153.5	16161.4	0.311669	0.36067	2.22222	0.0219348	270.738	84.6371	84.9277
1799.705	16163.5	16167.4	0.343882	0.425543	2.20866	0.0233049	259.263	84.6371	84.9462
1799.848	16163.7	16172.7	0.355146	0.307451	2.20866	0.0202781	309.709	84.6371	84.9653
1800.007	16174.3	16178.6	0.36328	0.293338	2.2441	0.0210911	297.476	84.6371	84.9896
1800.166	16203.8	16184.6	0.342271	0.32998	2.25519	0.0217562	274.419	84.6371	85.0188
1800.325	16166	16190.5	0.317407	0.423833	2.25519	0.0229528	261.861	84.6371	85.0444
1800.691	16231.5	16204.1	0.372201	0.294293	2.22092	0.0192115	291.306	84.8363	85.0907
1800.850	16181.1	16210.1	0.321312	0.356642	2.22092	0.0198488	295.961	84.8363	85.1093
1801.009	16211.3	16216	0.368341	0.296675	2.22752	0.0204428	305.92	84.8363	85.1289
1801.168	16219.4	16221.9	0.350307	0.283711	2.2313	0.0214438	306.461	84.8363	85.1519
1801.327	16225.5	16227.9	0.345602	0.321904	2.2313	0.0211007	293.363	84.8363	85.1718
1801.470	16224.5	16233.2	0.329423	0.326797	2.23278	0.0187056	295.42	85.0474	85.1917
1801.613	16222.6	16238.5	0.31841	0.365914	2.23278	0.021863	272.795	85.0474	85.2115
1801.757	16247.2	16243.9	0.323842	0.323548	2.23518	0.0223342	286.435	85.0474	85.2282
1801.900	16259.4	16249.2	0.356809	0.336305	2.23518	0.020019	298.451	85.0474	85.2483
1802.043	16264.9	16254.5	0.346616	0.328233	2.24212	0.0207549	273.553	85.0474	85.2692
1802.186	16258.4	16259.9	0.331101	0.340759	2.23827	0.0220758	273.336	85.0474	85.2863
1802.329	16262.2	16265.2	0.33145	0.31631	2.23827	0.0222748	305.054	85.0474	85.3061
1802.472	16278.4	16270.6	0.338722	0.354921	2.24957	0.0193862	282.646	85.2521	85.3272
1802.615	16288.3	16275.9	0.350668	0.359412	2.24957	0.0229304	264.676	85.2521	85.3488
1802.759	16290.7	16281.2	0.337562	0.302638	2.25102	0.0205884	305.271	85.2521	85.3667
1802.902	16286.6	16286.6	0.332416	0.321048	2.25102	0.0199263	283.295	85.2521	85.3881
1803.045	16313.6	16291.9	0.358736	0.419417	2.28032	0.0235125	263.81	85.2521	85.4147
1803.331	16314	16302.6	0.351995	0.305621	2.28131	0.0185351	292.172	85.2521	85.4627
1803.474	16317.7	16307.9	0.339121	0.397235	2.263	0.0231212	268.681	85.4588	85.4867
1803.617	16330	16313.3	0.373222	0.3096	2.263	0.0208625	301.049	85.4588	85.5088
1803.760	16331.1	16318.6	0.370615	0.304352	2.26203	0.0196477	292.064	85.4588	85.5269
1804.047	16334.7	16329.3	0.344536	0.31374	2.27947	0.0222918	289.141	85.4588	85.5724
1804.190	16343.2	16334.6	0.35466	0.327557	2.27947	0.0198533	299.1	85.4588	85.596
1804.476	16347.7	16345.3	0.37069	0.30232	2.27252	0.0212522	277.991	85.6782	85.6341
1804.619	16359.5	16350.6	0.343499	0.306577	2.27252	0.0187952	300.616	85.6782	85.6564
1804.762	16367.9	16356	0.36867	0.323231	2.27879	0.0199639	278.749	85.6782	85.6752
1804.921	16346.5	16361.9	0.349583	0.359506	2.27879	0.0181587	279.723	85.6782	85.702
1805.080	16354.8	16367.8	0.36387	0.299088	2.27332	0.0172292	292.822	85.6782	85.7239
1805.239	16377.5	16373.8	0.376797	0.311234	2.27332	0.0186796	298.559	85.6782	85.75
1805.383	16397.2	16379.1	0.346468	0.328088	2.28989	0.0180888	276.475	85.6782	85.7703
1805.541	16381.6	16385	0.342507	0.367695	2.28883	0.0176273	279.507	85.897	85.7982
1805.860	16413.7	16396.9	0.383574	0.327889	2.29997	0.0190497	294.878	85.897	85.8472
1806.019	16377.1	16402.8	0.344498	0.356631	2.34119	0.0195823	299.858	85.897	85.8791
1806.178	16414.2	16408.8	0.386972	0.319678	2.34119	0.0191006	301.915	85.897	85.9116
1806.337	16417.2	16414.7	0.352594	0.3274	2.31135	0.0223574	294.662	85.897	85.9397
1806.496	16410	16420.6	0.376023	0.442674	2.31135	0.0210456	277.883	86.1206	85.9702
1806.814	16445.2	16432.5	0.34838	0.42849	2.32633	0.0237726	255.583	86.1206	86.0296
1806.958	16438.8	16437.8	0.359194	0.332428	2.32633	0.0205516	302.781	86.1206	86.0526
1807.101	16429.2	16443.2	0.348222	0.343201	2.31042	0.0201377	280.589	86.1206	86.0779
1807.244	16439.4	16448.5	0.33865	0.362515	2.31042	0.022252	251.686	86.1206	86.1019
1807.388	16461.1	16453.9	0.365629	0.363904	2.33564	0.0218297	307.652	86.1206	86.1257
1807.531	16448.2	16459.2	0.355908	0.352167	2.33564	0.0187866	290.115	86.3585	86.1537
1807.674	16443.7	16464.6	0.352692	0.385233	2.32852	0.0227985	259.588	86.3585	86.1802
1807.818	16458.4	16469.9	0.349863	0.362637	2.32302	0.0207192	305.812	86.3585	86.2058
1808.104	16462.4	16480.6	0.358768	0.382734	2.33377	0.0218809	257.964	86.3585	86.2522
1808.248	16449.2	16485.9	0.35974	0.360839	2.33377	0.0215861	310.358	86.3585	86.2785
1808.390	16483.3	16491.3	0.361065	0.386738	2.32663	0.0187605	300.507	86.3585	86.3034
1808.534	16485.3	16496.6	0.396267	0.33743	2.32663	0.0207836	256.665	86.5904	86.3237
1808.677	16476.2	16501.9	0.373103	0.374563	2.35514	0.0204846	294.878	86.5904	86.3534
1808.820	16473.8	16507.3	0.391518	0.361069	2.35514	0.0181316	288.708	86.5904	86.3825
1808.964	16507.3	16512.6	0.390441	0.352003	2.35352	0.0189091	260.129	86.5904	86.4063
1809.106	16496.9	16518	0.408659	0.360737	2.38364	0.021886	288.708	86.5904	86.4366
1809.249	16514.5	16523.3	0.376077	0.348603	2.38364	0.0173034	306.137	86.5904	86.4702
1809.392	16514.9	16528.6	0.404713	0.358248	2.36055	0.0189937	279.94	86.5904	86.5003
1809.536	16532.3	16534	0.408633	0.437018	2.36055	0.0208788	277.666	86.8317	86.5239
1809.679	16545.8	16539.3	0.413994	0.262737	2.34834	0.01835	306.678	86.8317	86.5498
1809.822	16534.1	16544.7	0.393548	0.340761	2.34834	0.0181892	267.924	86.8317	86.5764
1809.965	16553.7	16550	0.420487	0.420665	2.38862	0.0232709	257.856	86.8317	86.6093
1810.251	16568.2	16560.7	0.417821	0.33608	2.37894	0.0170968	285.352	86.8317	86.666
1810.410	16565.4	16566.6	0.382531	0.381931	2.4078	0.0218313	295.744	86.8317	86.6986
1810.569	16545.9	16572.5	0.379191	0.382428	2.4078	0.0160671	293.363	87.0869	86.7392
1810.728	16602	16578.5	0.404898	0.316986	2.39928	0.020239	315.879	87.0869	86.7718
1810.871	16605.3	16583.8	0.406744	0.312939	2.39928	0.0194618	290.007	87.0869	86.8041
1811.189	16600.9	16595.7	0.390793	0.341202	2.39413	0.0162546	292.389	87.0869	86.8675
1811.348	16591.9	16601.6	0.396058	0.362992	2.39413	0.0198584	315.121	87.0869	86.9022
1811.507	16585.6	16607.5	0.406983	0.334487	2.40593	0.0205056	320.534	87.3441	86.9339
1811.667	16616.4	16613.4	0.375825	0.373745	2.43048	0.021111	288.6	87.3441	86.9728
1811.826	16604.8	16619.4	0.369546	0.442749	2.43048	0.0201367	273.986	87.3441	87.0084
1811.985	16630.9	16625.3	0.440122	0.457646	2.43879	0.021674	248.005	87.3441	87.0449
1812.144	16645.6	16631.2	0.381528	0.375255	2.43879	0.0236467	254.609	87.3441	87.0884
1812.303	16617	16637.2	0.430866	0.388587	2.45913	0.0170672	275.501	87.3441	87.1281
1812.447	16618.6	16642.5	0.371844	0.410202	2.44222	0.0177891	280.156	87.6086	87.1653
1812.589	16628.8	16647.9	0.305506	0.336186	2.44222	0.0150012	300.507	87.6086	87.1944
1812.732	16640.9	16653.2	0.43576	0.351719	2.45816	0.0180931	287.192	87.6086	87.2311
1812.875	16665.8	16658.5	0.237438	0.392413	2.45816	0.0195636	277.558	87.6086	87.2684
1813.019	16655	16663.9	0.392054	0.338109	2.45156	0.014652	299.641	87.6086	87.3037
1813.162	16657.3	16669.2	0.433569	0.285861	2.45156	0.0172776	278.749	87.6086	87.3335
1813.305	16680.6	16674.5	0.41894	0.418461	2.47302	0.0200204	273.12	87.6086	87.3723
1813.448	16700.2	16679.9	0.357333	0.336547	2.45487	0.0169331	311.008	87.8857	87.4092
1813.591	16679.9	16685.2	0.422162	0.319395	2.45487	0.0183427	301.373	87.8857	87.4431
1813.734	16689	16690.6	0.41916	0.399968	2.49436	0.0203686	277.558	87.8857	87.4751
1813.878	16703.5	16695.9	0.386274	0.355365	2.49436	0.0166351	299.966	87.8857	87.5162
1814.020	16692.8	16701.2	0.390571	0.360524	2.48321	0.0149271	279.398	87.8857	87.5547
1814.164	16692.8	16706.6	0.40196	0.312195	2.48321	0.0195532	250.279	87.8857	87.586
1814.307	16705.7	16711.9	0.402946	0.448096	2.47525	0.0212102	298.451	87.8857	87.6214
1814.450	16691.8	16717.2	0.404524	0.402258	2.47525	0.0200239	302.781	88.1705	87.6565
1814.784	16700.9	16729.7	0.425029	0.374407	2.48645	0.019638	265.326	88.1705	87.7332
1814.927	16731.8	16735	0.316518	0.439916	2.48645	0.0166669	298.884	88.1705	87.769
1815.070	16724.7	16740.4	0.441675	0.323246	2.50836	0.0163422	285.893	88.1705	87.8087
1815.213	16731	16745.7	0.439449	0.350839	2.50836	0.0205023	244.758	88.1705	87.8415
1815.356	16757.7	16751.1	0.460085	0.351203	2.51327	0.0207532	305.379	88.1705	87.8811
1815.499	16774.6	16756.4	0.444937	0.297495	2.5144	0.017032	311.116	88.452	87.9202
1815.643	16767.5	16761.7	0.432759	0.347763	2.5144	0.0196556	281.13	88.452	87.9589
1815.786	16760.3	16767.1	0.327722	0.40083	2.51829	0.019834	285.352	88.452	87.9911
1815.945	16732.4	16773	0.419839	0.447473	2.51829	0.0202439	268.357	88.452	88.0359
1816.104	16788.1	16778.9	0.462566	0.402658	2.51753	0.0205071	272.795	88.452	88.0735
1816.263	16768.4	16784.9	0.406554	0.348607	2.52044	0.0207323	251.794	88.452	88.1108
1816.406	16754.5	16790.2	0.414502	0.431637	2.52044	0.0206243	299.966	88.452	88.148
1816.565	16805.8	16796.1	0.462088	0.436214	2.53312	0.0210764	257.423	88.7466	88.1861
1816.724	16790.3	16802.1	0.426346	0.392333	2.53312	0.0211224	243.134	88.7466	88.2313
1816.883	16783.2	16808	0.452381	0.37915	2.54488	0.0189621	251.902	88.7466	88.272
1817.042	16819.9	16813.9	0.449092	0.356578	2.54081	0.0186642	268.79	88.7466	88.3182
1817.361	16845.1	16825.8	0.455816	0.289114	2.54393	0.0188304	294.012	88.7466	88.3951
1817.519	16802.9	16831.7	0.419244	0.39239	2.54393	0.0164572	291.631	89.0486	88.4393
1817.678	16843.5	16837.7	0.41068	0.266198	2.53911	0.0176274	312.09	89.0486	88.4758
1817.837	16819.8	16843.6	0.430297	0.414896	2.5621	0.0213774	313.498	89.0486	88.5142
1817.980	16856.8	16848.9	0.438635	0.377137	2.5621	0.0186946	281.78	89.0486	88.5545
1818.124	16820.8	16854.3	0.427241	0.373769	2.56236	0.0197441	256.99	89.0486	88.5943
1818.268	16814.1	16859.6	0.41755	0.410177	2.56236	0.0186127	310.9	89.0486	88.627
1818.410	16855.1	16864.9	0.456533	0.387825	2.56265	0.013693	291.522	89.0486	88.6658
1818.553	16864	16870.3	0.357612	0.343597	2.56265	0.0214614	271.712	89.3532	88.7023
1818.696	16864	16875.6	0.423611	0.40507	2.53857	0.0173117	292.28	89.3532	88.7349
1818.840	16892.2	16880.9	0.343712	0.321314	2.55928	0.0127798	304.08	89.3532	88.7634
1818.982	16898	16886.3	0.418746	0.314391	2.55928	0.0193523	271.063	89.3532	88.7998
1819.126	16882.7	16891.6	0.412621	0.428692	2.56416	0.0206055	274.635	89.3532	88.8365
1819.269	16895.5	16897	0.133344	0.370084	2.56416	0.0175464	295.528	89.3532	88.8729
1819.555	16881.8	16907.6	0.421152	0.44603	2.58586	0.0198283	264.568	89.6629	88.9464
1819.698	16875.3	16913	0.410057	0.398885	2.56992	0.0138574	301.373	89.6629	88.9825
1819.841	16875.7	16918.3	0.472176	0.356791	2.57821	0.0141409	271.388	89.6629	89.0126
1819.984	16905.4	16923.6	0.438371	0.412242	2.57821	0.0198357	255.908	89.6629	89.0497
1820.127	16919.8	16929	0.265811	0.436996	2.58282	0.0182394	312.848	89.6629	89.0869
1820.271	16949.8	16934.3	0.47139	0.31784	2.58282	0.0161444	279.074	89.6629	89.1241
1820.414	16947.7	16939.7	0.452141	0.401314	2.5794	0.0193149	274.96	89.9767	89.1541
1820.557	16926.7	16945	0.327469	0.411429	2.5794	0.0200349	300.616	89.9767	89.1897
1820.700	16951.9	16950.3	0.456885	0.338985	2.5978	0.0173769	278.099	89.9767	89.2288
1820.843	16919.2	16955.7	0.446063	0.384842	2.5978	0.0205297	242.268	89.9767	89.269
1820.986	16919.8	16961	0.183927	0.445669	2.63985	0.0183309	301.049	89.9767	89.3083
1821.272	16913.3	16971.7	0.469634	0.394788	2.63184	0.0176055	264.676	89.9767	89.3983
1821.431	16979.8	16977.6	0.474745	0.352762	2.60735	0.0183472	270.197	90.2985	89.4381
1821.590	16962.5	16983.5	0.452706	0.364686	2.60735	0.0127179	277.45	90.2985	89.4756
1821.749	17006.4	16989.5	0.450884	0.35376	2.63366	0.0172134	296.069	90.2985	89.5256
1821.893	16994	16994.8	0.470001	0.345798	2.62604	0.0210427	258.397	90.2985	89.5605
1822.052	16985.8	17000.7	0.492765	0.366167	2.62604	0.0200958	273.877	90.2985	89.6071
1822.211	16986	17006.7	0.470119	0.337351	2.63424	0.0189874	287.517	90.2985	89.6476
1822.370	16967.4	17012.6	0.462989	0.364538	2.63424	0.0163754	290.007	90.2985	89.6952
1822.688	16975.9	17024.5	0.414651	0.431804	2.64512	0.0175715	313.389	90.6273	89.7773
1822.847	17027.2	17030.4	0.395136	0.424026	2.64512	0.0182042	312.415	90.6273	89.8255
1823.006	16965.6	17036.3	0.436456	0.443274	2.65061	0.0216393	306.353	90.6273	89.8671
1823.165	17040.9	17042.3	0.360583	0.445692	2.65061	0.0199521	267.599	90.6273	89.9077
1823.324	17000.4	17048.2	0.427144	0.377225	2.63195	0.0198288	255.691	90.6273	89.9503
1823.467	17019.4	17053.5	0.33887	0.430949	2.65718	0.0178706	315.23	90.9657	89.9833
1823.611	16999.4	17058.9	0.425288	0.371755	2.65718	0.0160116	286.326	90.9657	90.0246
1823.753	17008.3	17064.2	0.331761	0.401948	2.66848	0.0210745	254.933	90.9657	90.0675
1823.897	17053.3	17069.5	0.267703	0.440515	2.66848	0.0181746	304.188	90.9657	90.1101
1824.040	17047.3	17074.9	0.479285	0.386007	2.65454	0.0164652	289.249	90.9657	90.1426
1824.183	17043.1	17080.2	0.384141	0.321032	2.65454	0.0201382	259.805	90.9657	90.1811
1824.326	17075.6	17085.6	0.4032	0.424216	2.65406	0.0199757	301.265	90.9657	90.2191
1824.469	17061.4	17090.9	0.430266	0.372861	2.65742	0.0152271	294.012	91.3002	90.257
1824.612	17049.1	17096.2	0.484936	0.355346	2.65742	0.0207648	258.614	91.3002	90.2886
1824.755	17057.4	17101.6	0.423312	0.431542	2.69463	0.0192017	284.811	91.3002	90.3318
1824.898	17047.6	17106.9	0.416611	0.386576	2.69463	0.0165829	300.724	91.3002	90.377
1825.042	17064.5	17112.3	0.484454	0.330046	2.65605	0.0198965	268.898	91.3002	90.4069
1825.185	17109.6	17117.6	0.421346	0.486116	2.65605	0.0193904	267.924	91.3002	90.4425
1825.328	17084.9	17122.9	0.404688	0.330574	2.70706	0.0179109	309.276	91.3002	90.4893
1825.614	17087.6	17133.6	0.401996	0.402167	2.65835	0.0194284	256.232	91.6436	90.5602
1825.757	17059.1	17138.9	0.38847	0.465632	2.69573	0.0174694	309.168	91.6436	90.5987
1825.900	17087.9	17144.3	0.448705	0.349863	2.69573	0.0174123	277.666	91.6436	90.6409
1826.044	17103.5	17149.6	0.435719	0.42883	2.72646	0.0209689	252.552	91.6436	90.6803
1826.187	17114.4	17155	0.403457	0.436016	2.72646	0.018731	308.626	91.6436	90.7282
1826.330	17135.3	17160.3	0.47654	0.362851	2.68557	0.0163664	286.543	91.6436	90.7677
1826.473	17127.2	17165.6	0.465279	0.316088	2.68557	0.0184743	256.016	91.9959	90.8061
1826.616	17108.8	17171	0.407747	0.443485	2.70848	0.0186764	303.647	91.9959	90.8414
1826.760	17094.2	17176.3	0.464374	0.344443	2.6853	0.0158411	289.79	91.9959	90.8814
1826.918	17129.6	17182.2	0.318804	0.394024	2.6853	0.0167383	299.1	91.9959	90.9175
1827.077	17091.8	17188.2	0.397629	0.375202	2.68513	0.0179909	308.843	91.9959	90.9592
1827.237	17128.6	17194.1	0.38931	0.424873	2.68513	0.0181761	310.358	91.9959	90.9945
1827.380	17176.1	17199.5	0.470004	0.374486	2.69215	0.0171603	287.95	91.9959	91.031
1827.538	17080.3	17205.4	0.336058	0.420885	2.68292	0.016141	298.667	92.345	91.0665
1827.698	17158.2	17211.3	0.401861	0.393689	2.68292	0.0181122	302.564	92.345	91.1057
1828.015	17147.5	17223.2	0.414067	0.439686	2.6998	0.0197815	294.337	92.345	91.1786
1828.174	17117.9	17229.1	0.422653	0.483304	2.68731	0.018687	280.264	92.345	91.2177
1828.334	17146.4	17235	0.366633	0.400487	2.6758	0.0204054	257.315	92.345	91.2497
1828.493	17117.4	17240.9	0.45091	0.344546	2.6758	0.0208059	254.717	92.6934	91.2801
1828.652	17165.6	17246.9	0.477819	0.331287	2.67721	0.0192714	265.975	92.6934	91.3156
1828.811	17080.4	17252.8	0.493351	0.355244	2.67652	0.0196588	277.017	92.6934	91.3458
1828.954	17137.6	17258.1	0.419564	0.412172	2.67652	0.02096	257.964	92.6934	91.3757
1829.097	17145.4	17263.5	0.391408	0.448419	2.67665	0.015902	311.549	92.6934	91.4054
1829.240	17117.2	17268.8	0.492486	0.356855	2.67665	0.0173927	281.888	92.6934	91.4301
1829.384	17146.2	17274.2	0.447576	0.456173	2.67591	0.0218405	253.418	92.6934	91.4593
1829.527	17123.1	17279.5	0.365169	0.40401	2.67591	0.0190222	308.843	93.0357	91.4883
1829.670	17102.7	17284.8	0.326586	0.361329	2.68957	0.0129588	286.218	93.0357	91.515
1829.813	17099	17290.2	0.412386	0.382403	2.68957	0.0181087	256.232	93.0357	91.5468
1829.956	17120.3	17295.5	0.37807	0.488264	2.69405	0.0193992	300.94	93.0357	91.5793
1830.099	17098.5	17300.9	0.400149	0.366272	2.69455	0.0131423	291.847	93.0357	91.6115
1830.385	17152.9	17311.5	0.391415	0.442776	2.70159	0.0185932	294.662	93.0357	91.6708
1830.529	17140.8	17316.9	0.425203	0.411017	2.70159	0.0181539	298.126	93.3827	91.7039
1830.671	17126.6	17322.2	0.488328	0.30463	2.67191	0.0173305	261.753	93.3827	91.731
1830.815	17100.7	17327.5	0.426662	0.456237	2.67191	0.020566	270.305	93.3827	91.7527
1830.958	17107.3	17332.9	0.404299	0.391271	2.67999	0.0158341	301.915	93.3827	91.7805
1831.101	17125.4	17338.2	0.488087	0.294089	2.67999	0.0178309	271.063	93.3827	91.8102
1831.387	17166.7	17348.9	0.396248	0.412858	2.68661	0.0176005	307.436	93.3827	91.8689
1831.530	17135.7	17354.2	0.399341	0.335822	2.68661	0.0181028	277.233	93.727	91.8973
1831.674	17115.8	17359.6	0.45219	0.409977	2.6877	0.0201114	256.124	93.727	91.9258
1831.817	17127.2	17364.9	0.285204	0.39171	2.6877	0.016518	309.276	93.727	91.9494
1831.960	17114.4	17370.2	0.371297	0.358728	2.68069	0.0161989	282.862	93.727	91.9762
1832.103	17118.7	17375.6	0.454822	0.371213	2.68069	0.020658	254.067	93.727	92.0027
1832.246	17136.5	17380.9	0.402237	0.458225	2.6801	0.0194238	308.518	93.727	92.0247
1832.405	17089.3	17386.9	0.41539	0.427698	2.68225	0.0203512	282.862	93.727	92.0555
1832.564	17147.8	17392.8	0.433773	0.417191	2.68225	0.0183924	261.537	94.062	92.0821
1832.723	17119.5	17398.7	0.285649	0.41696	2.67946	0.0194163	252.444	94.062	92.1124
1832.866	17100.8	17404	0.403682	0.426311	2.67946	0.0177982	311.549	94.062	92.1339
1833.025	17152.6	17410	0.329788	0.43213	2.68939	0.0190227	300.507	94.062	92.1664
1833.184	17096.1	17415.9	0.429613	0.407342	2.69064	0.0203373	265.65	94.062	92.1943
1833.343	17176.9	17421.8	0.445719	0.377324	2.69064	0.0185175	258.506	94.062	92.2221
1833.502	17107.7	17427.8	0.366437	0.378836	2.68461	0.0213208	253.201	94.4026	92.2531
1833.661	17153.5	17433.7	0.483469	0.349756	2.68461	0.0198901	261.97	94.4026	92.2798
1833.820	17125.2	17439.6	0.50481	0.346294	2.69793	0.018381	271.929	94.4026	92.309
1833.979	17146.7	17445.6	0.452528	0.363815	2.68439	0.0163981	283.945	94.4026	92.3406
1834.138	17118	17451.5	0.4286	0.366801	2.68439	0.0145961	294.229	94.4026	92.3663
1834.297	17136.6	17457.4	0.397025	0.44898	2.69441	0.0169588	300.183	94.4026	92.3989
1834.441	17151.9	17462.8	0.484669	0.383443	2.68235	0.0148099	268.357	94.7442	92.4211
1834.584	17146.9	17468.1	0.431281	0.483979	2.68235	0.019784	265.542	94.7442	92.446
1834.727	17103.5	17473.5	0.399917	0.442265	2.70485	0.0195062	310.142	94.7442	92.4735
1834.870	17106.5	17478.8	0.497135	0.313491	2.70485	0.015067	276.042	94.7442	92.4984
1835.014	17103.2	17484.1	0.457691	0.460602	2.69918	0.0215797	253.634	94.7442	92.5271
1835.156	17117.7	17489.5	0.210208	0.413468	2.69918	0.0168134	310.467	94.7442	92.5553
1835.300	17150.8	17494.8	0.45258	0.354304	2.67696	0.0164736	281.672	94.7442	92.5783
1835.443	17139.9	17500.1	0.449716	0.369918	2.67696	0.0195014	252.66	95.0851	92.5984
1835.586	17123.1	17505.5	0.400974	0.436813	2.7	0.0194805	304.513	95.0851	92.6266
1835.729	17132.8	17510.8	0.453302	0.365663	2.68563	0.0149325	290.223	95.0851	92.6535
1836.015	17113	17521.5	0.406676	0.460637	2.69579	0.018499	298.667	95.0851	92.6998
1836.158	17137.4	17526.8	0.36474	0.384065	2.69579	0.01625	294.229	95.0851	92.7267
1836.301	17117.1	17532.2	0.47764	0.331148	2.68486	0.0201189	262.619	95.0851	92.7513
1836.445	17144.4	17537.5	0.42936	0.437763	2.68486	0.0206602	284.27	95.4188	92.7714
1836.588	17119.9	17542.8	0.408066	0.438914	2.67538	0.0158963	302.564	95.4188	92.7934
1836.731	17098.8	17548.2	0.490722	0.305149	2.67538	0.0163205	264.135	95.4188	92.8166
1836.874	17099.2	17553.5	0.436025	0.462107	2.7082	0.019553	265.867	95.4188	92.8461
1837.017	17100.7	17558.9	0.404865	0.442107	2.68607	0.0174198	307.327	95.4188	92.8687
1837.160	17095.5	17564.2	0.491029	0.333258	2.68607	0.0178096	272.903	95.4188	92.8927
1837.303	17133.1	17569.5	0.356581	0.424694	2.70453	0.0207818	255.042	95.4188	92.9196
1837.447	17129	17574.9	0.185348	0.413012	2.70453	0.0174774	313.822	95.7582	92.9431
1837.590	17114.6	17580.2	0.475503	0.343178	2.70806	0.0186393	280.914	95.7582	92.9717
1837.733	17126.8	17585.5	0.442383	0.419132	2.70806	0.0206488	254.825	95.7582	92.9988
1837.892	17118	17591.5	0.396344	0.360832	2.67085	0.0199829	259.805	95.7582	93.0189
1838.051	17114.7	17597.4	0.493131	0.343345	2.70204	0.0182644	268.14	95.7582	93.046
1838.353	17141.5	17608.7	0.33179	0.395899	2.6915	0.021407	252.227	95.7582	93.0981
1838.512	17079.3	17614.6	0.465572	0.357908	2.6915	0.0203687	253.526	96.0957	93.1233
1838.671	17130.2	17620.5	0.484186	0.373582	2.70688	0.0202845	264.027	96.0957	93.1513
1838.830	17124.5	17626.5	0.495949	0.381238	2.70426	0.0169103	277.125	96.0957	93.1833
1838.989	17084.1	17632.4	0.491658	0.361687	2.70426	0.0165605	284.27	96.0957	93.2104
1839.148	17121.8	17638.3	0.445309	0.408205	2.71126	0.0177793	289.574	96.0957	93.2434
1839.307	17133.1	17644.3	0.389712	0.376765	2.69253	0.0169894	306.57	96.0957	93.2704
1839.466	17119.7	17650.2	0.379731	0.456438	2.69253	0.0172549	314.797	96.4361	93.2943
1839.625	17128.4	17656.1	0.408262	0.484897	2.70228	0.0181483	299.533	96.4361	93.3242
1839.784	17087.5	17662.1	0.410989	0.414741	2.70228	0.0198605	277.45	96.4361	93.3494
1839.928	17105.6	17667.4	0.384681	0.366383	2.6813	0.0168967	303.971	96.4361	93.3706
1840.071	17097.3	17671	0.496124	0.31744	2.70717	0.0198514	266.733	96.4361	93.3893
1840.214	17084.8	17671	0.359728	0.463024	2.70717	0.0198947	262.403	96.4361	93.4165
1840.357	17119.8	17671	0.317589	0.409761	2.69091	0.0182528	305.054	96.4361	93.4417
1840.500	17120.4	17671	0.491762	0.378806	2.69091	0.0166151	273.228	96.7722	93.4649
1840.643	17124.5	17671	0.454888	0.454541	2.71099	0.0201688	257.64	96.7722	93.4873
1840.787	17128.3	17671	0.38092	0.405146	2.71099	0.0179727	313.281	96.7722	93.515
1840.929	17100.4	17671	0.493763	0.3754	2.71027	0.0163486	281.888	96.7722	93.5424
1841.073	17089.1	17671	0.464553	0.429201	2.71027	0.0211192	252.335	96.7722	93.5651
1841.216	17096.7	17671	0.39749	0.437799	2.67622	0.0177988	309.059	96.7722	93.5844
1841.359	17088.9	17671	0.467688	0.432127	2.70903	0.016982	288.6	96.7722	93.6064
1841.502	17127.3	17671	0.469761	0.381364	2.70903	0.0205114	255.366	97.1087	93.6333
1841.645	17129.3	17671	0.411894	0.405016	2.68225	0.0189333	301.157	97.1087	93.6526
1841.788	17110.8	17671	0.444891	0.387822	2.68225	0.0163976	295.528	97.1087	93.6733
1841.932	17076.2	17671	0.481216	0.364277	2.69809	0.0198328	258.397	97.1087	93.6971
1842.074	17088.9	17671	0.43063	0.425666	2.69809	0.0190575	285.677	97.1087	93.7214
1842.218	17079	17671	0.392692	0.396226	2.72334	0.0161445	299.208	97.1087	93.7465
1842.361	17110.8	17671	0.483408	0.347729	2.72334	0.0214555	263.485	97.1087	93.7756
1842.504	17141.9	17671	0.417207	0.465235	2.70337	0.02026	268.248	97.4448	93.8007
1842.647	17109.3	17671	0.39445	0.441498	2.69724	0.0167197	305.379	97.4448	93.8211
1842.933	17116.9	17671	0.432546	0.417426	2.70382	0.0193117	256.341	97.4448	93.8693
1843.076	17076.7	17671	0.191621	0.407775	2.70382	0.0175115	306.678	97.4448	93.8943
1843.220	17116.2	17671	0.422961	0.316941	2.70856	0.0166571	279.182	97.4448	93.9158
1843.378	17133.8	17671	0.468634	0.355585	2.70856	0.0162781	287.301	97.4448	93.9461
1843.537	17106.8	17671	0.412597	0.439957	2.70965	0.0163705	297.801	97.7804	93.9722
1843.696	17130.6	17671	0.309747	0.435594	2.72168	0.0164021	306.353	97.7804	93.9995
1843.840	17141	17671	0.489003	0.338625	2.72168	0.0167534	273.12	97.7804	94.0281
1843.999	17108.6	17671	0.48219	0.380541	2.68689	0.0154942	286.651	97.7804	94.0499
1844.158	17126.2	17671	0.42574	0.404605	2.68689	0.0168515	293.688	97.7804	94.0746
1844.317	17127.9	17671	0.138965	0.410846	2.69768	0.0158938	302.239	97.7804	94.0977
1844.476	17126.3	17671	0.381481	0.41292	2.68509	0.0178111	311.224	98.1144	94.1227
1844.635	17111.8	17671	0.402918	0.458237	2.68509	0.0190397	302.672	98.1144	94.1428
1844.794	17120.4	17671	0.42919	0.426958	2.70736	0.0189336	273.011	98.1144	94.1682
1844.953	17096.3	17671	0.436702	0.457818	2.71379	0.0199533	258.939	98.1144	94.1984
1845.112	17132.6	17671	0.459893	0.365574	2.71379	0.0202619	256.232	98.1144	94.2249
1845.271	17084	17671	0.387877	0.337174	2.68126	0.0206589	261.32	98.1144	94.2451
1845.415	17097.8	17671	0.397714	0.454217	2.68126	0.0203616	280.264	98.1144	94.2642
1845.557	17106	17671	0.410107	0.392272	2.67713	0.0160616	299.75	98.4448	94.2824
1845.701	17084.6	17671	0.480769	0.35258	2.6796	0.0195166	266.083	98.4448	94.301
1845.844	17116.9	17671	0.417316	0.417977	2.6796	0.0173575	278.532	98.4448	94.3169
1845.987	17084.6	17671	0.395833	0.374913	2.70486	0.0167067	304.621	98.4448	94.3389
1846.130	17091.8	17671	0.497792	0.356348	2.70486	0.0171724	272.47	98.4448	94.3637
1846.273	17108.8	17671	0.436724	0.448367	2.71423	0.0204119	256.774	98.4448	94.3858
1846.416	17069.1	17671	0.373442	0.411911	2.71423	0.0175487	310.25	98.4448	94.4126
1846.559	17093.3	17671	0.493325	0.397263	2.68396	0.0180529	274.419	98.7736	94.4334
1846.702	17136.2	17671	0.442741	0.355367	2.68396	0.0194424	255.799	98.7736	94.4547
1846.846	17119.6	17671	0.399828	0.416866	2.72057	0.017558	311.224	98.7736	94.4782
1846.989	17083.9	17671	0.387029	0.398408	2.69002	0.0170484	284.27	98.7736	94.5039
1847.132	17107.8	17671	0.439624	0.409654	2.69002	0.0208865	253.851	98.7736	94.5248
1847.275	17073.5	17671	0.416066	0.423045	2.71835	0.0184846	299.858	98.7736	94.5457
1847.419	17095.3	17671	0.460086	0.386415	2.71835	0.0153583	289.466	98.7736	94.5731
1847.561	17128.5	17671	0.425532	0.382046	2.70015	0.0205676	256.016	99.0994	94.5976
1847.847	17099.3	17671	0.423906	0.378851	2.69125	0.0155608	296.935	99.0994	94.6382
1847.991	17112.9	17671	0.475754	0.362802	2.69125	0.0190795	266.516	99.0994	94.6597
1848.134	17083.3	17671	0.431283	0.426056	2.70311	0.0190559	276.692	99.0994	94.6835
1848.420	17089.3	17671	0.38961	0.303291	2.69244	0.0176163	267.382	99.0994	94.7237
1848.564	17084.7	17671	0.425821	0.456859	2.69901	0.0191617	261.212	99.428	94.7458
1848.865	17101.7	17671	0.382681	0.430054	2.70651	0.0176036	310.358	99.428	94.7928
1849.024	17128	17671	0.408511	0.376438	2.70651	0.0202477	297.693	99.428	94.8167
1849.183	17072.9	17671	0.433354	0.489528	2.6942	0.0188685	270.955	99.428	94.8418
1849.342	17104.8	17671	0.451336	0.382471	2.71634	0.0199558	253.526	99.428	94.8669
1849.486	17099.8	17671	0.379487	0.463841	2.71634	0.0196995	313.822	99.7566	94.8934
1849.644	17071.7	17671	0.384945	0.423077	2.69824	0.0197503	295.961	99.7566	94.9163
1849.803	17124.7	17671	0.405247	0.470011	2.70091	0.0196073	279.29	99.7566	94.9426
1849.963	17068.7	17671	0.385797	0.453819	2.70091	0.0196553	256.665	99.7566	94.9655
1850.122	17116.1	17671	0.443876	0.421356	2.68855	0.0221854	253.093	99.7566	94.9864
1850.281	17076.6	17671	0.478324	0.351542	2.68855	0.0221305	259.588	99.7566	95.0115
1850.440	17091.1	17671	0.493711	0.347494	2.73063	0.0175512	268.898	100.079	95.0413
1850.599	17100.9	17671	0.489529	0.39082	2.69626	0.014231	280.914	100.079	95.0668
1850.758	17104.1	17671	0.424907	0.412739	2.69626	0.0158412	289.141	100.079	95.0919
1851.060	17063.7	17671	0.475921	0.352187	2.71162	0.0162105	266.949	100.079	95.1411
1851.203	17053	17671	0.423159	0.437394	2.70218	0.0206891	262.186	100.079	95.1638
1851.346	17084.9	17671	0.308371	0.394566	2.70332	0.0168533	307.652	100.079	95.1828
1851.489	17082.3	17671	0.510845	0.289022	2.70332	0.0171595	277.666	100.401	95.2059
1851.633	17111.4	17671	0.443888	0.409511	2.67206	0.0203881	258.83	100.401	95.2241
1851.776	17121.1	17671	0.34192	0.404595	2.67206	0.0173046	311.008	100.401	95.2374
1851.919	17107.4	17671	0.495381	0.368508	2.73348	0.0158167	279.94	100.401	95.2631
1852.062	17113.4	17671	0.434452	0.427996	2.73348	0.0213314	250.279	100.401	95.2932
1852.205	17074.3	17671	0.388998	0.413215	2.70443	0.0184957	311.008	100.401	95.3163
1852.348	17073.9	17671	0.480624	0.379461	2.70443	0.0161634	287.842	100.401	95.3348
1852.634	17100.7	17671	0.414265	0.432069	2.70997	0.01709	296.827	100.725	95.3756
1852.778	17121.1	17671	0.449485	0.391817	2.70997	0.0149333	292.389	100.725	95.4002
1852.921	17114	17671	0.476556	0.391722	2.70936	0.0208805	259.588	100.725	95.4204
1853.064	17082.8	17671	0.199507	0.419133	2.70936	0.0183931	291.522	100.725	95.4446
1853.207	17052	17671	0.421736	0.407816	2.69382	0.0184292	301.482	100.725	95.4657
1853.350	17082.5	17671	0.480615	0.340222	2.69382	0.0161853	267.707	100.725	95.4829
1853.493	17084.8	17671	0.372545	0.452967	2.68649	0.0196339	265.65	101.049	95.5019
1853.636	17080.2	17671	0.40122	0.371114	2.68649	0.0163566	305.595	101.049	95.5222
1853.780	17117.3	17671	0.472777	0.36347	2.70229	0.0185871	270.955	101.049	95.545
1853.923	17085.9	17671	0.44587	0.433394	2.67956	0.0185406	256.99	101.049	95.5621
1854.066	17087.9	17671	0.37993	0.417616	2.67956	0.0176956	311.766	101.049	95.5796
1854.209	17100.7	17671	0.496142	0.343737	2.71613	0.0166562	278.424	101.049	95.603
1854.511	17123.4	17671	0.466149	0.405596	2.69491	0.021312	256.449	101.369	95.6499
1854.670	17070.3	17671	0.483481	0.369321	2.74231	0.016734	268.357	101.369	95.6747
1854.829	17111.7	17671	0.497713	0.35543	2.74231	0.0175298	274.635	101.369	95.7119
1854.973	17097	17671	0.449827	0.366096	2.67722	0.0209784	257.964	101.369	95.7305
1855.131	17073.7	17671	0.46176	0.353646	2.67722	0.019546	252.877	101.369	95.7498
1855.290	17081.1	17671	0.479118	0.348416	2.693	0.0196297	264.784	101.369	95.7701
1855.449	17055.6	17671	0.496298	0.344779	2.7133	0.0179864	277.666	101.689	95.7921
1855.608	17122.7	17671	0.487056	0.351601	2.7133	0.016459	282.105	101.689	95.8214
1855.767	17062.8	17671	0.433121	0.39262	2.70474	0.0165364	294.121	101.689	95.8446
1855.926	17125.7	17671	0.408552	0.39303	2.70474	0.01529	302.456	101.689	95.8675
1856.086	17050.7	17671	0.383292	0.436794	2.71127	0.0141686	313.931	101.689	95.8959
1856.245	17103.3	17671	0.394412	0.426119	2.71535	0.0192333	309.384	101.689	95.9207
1856.403	17062.9	17671	0.409716	0.440559	2.71535	0.02014	280.806	101.689	95.9501
1856.547	17063.9	17671	0.406185	0.356149	2.70223	0.0161926	302.997	102.012	95.9684
1856.690	17060	17671	0.494279	0.367178	2.70223	0.0198246	266.733	102.012	95.9912
1856.833	17099.1	17671	0.436546	0.425178	2.72299	0.0195743	265.109	102.012	96.018
1857.119	17103.9	17671	0.484339	0.341841	2.70607	0.0180485	278.424	102.012	96.0617
1857.263	17111.7	17671	0.431209	0.427412	2.72413	0.0197894	256.016	102.012	96.0865
1857.406	17091.7	17671	0.383141	0.425257	2.72413	0.0184064	311.008	102.012	96.1133
1857.549	17088.9	17671	0.493245	0.352241	2.73118	0.0180354	278.099	102.34	96.1366
1857.692	17085.3	17671	0.400887	0.420376	2.73118	0.0173102	253.851	102.34	96.1647
1857.835	17106.9	17671	0.400673	0.374055	2.6895	0.0178745	310.575	102.34	96.1829
1857.978	17111.5	17671	0.484033	0.356185	2.6895	0.0155432	284.486	102.34	96.1983
1858.121	17112.2	17671	0.464298	0.41686	2.69009	0.018547	252.552	102.34	96.217
1858.407	17065.9	17671	0.451673	0.411106	2.70801	0.0140167	294.229	102.34	96.2602
1858.550	17083.2	17671	0.469531	0.359292	2.69201	0.0201664	258.506	102.657	96.2774
1858.694	17070.7	17671	0.419579	0.443577	2.69201	0.0172938	287.517	102.657	96.2966
1858.837	17078.4	17671	0.275908	0.373162	2.69716	0.0159701	298.018	102.657	96.3169
1858.980	17118.9	17671	0.490299	0.287267	2.69716	0.0193076	261.753	102.657	96.3369
1859.123	17117.6	17671	0.421749	0.38824	2.68363	0.0203974	270.846	102.657	96.3515
1859.266	17101	17671	0.404929	0.419189	2.68363	0.0178761	302.997	102.657	96.3694
1859.410	17089.3	17671	0.497604	0.351172	2.69321	0.0193153	268.898	102.657	96.3894
1859.553	17071.6	17671	0.440375	0.430118	2.69101	0.0189002	258.722	102.972	96.4059
1859.696	17059.6	17671	0.293838	0.389077	2.69101	0.0124321	277.666	102.972	96.4253
1859.842	17088.8	17671	0.448629	0.413039	2.69778	0.0184308	252.768	102.972	96.4458
1860.001	17081.7	17671	0.467301	0.389424	2.69778	0.0212624	254.717	102.972	96.4669
1860.160	17077.6	17671	0.485776	0.371041	2.70685	0.019919	263.485	102.972	96.494
1860.319	17118	17671	0.49038	0.338348	2.71899	0.017827	277.233	102.972	96.518
1860.462	17088.3	17671	0.441312	0.466013	2.71899	0.0209005	254.825	103.283	96.5439
1860.621	17090.9	17671	0.46799	0.383206	2.69766	0.0219783	252.985	103.283	96.5663
1860.780	17084.7	17671	0.472793	0.323306	2.69766	0.0201502	261.97	103.283	96.5911
1860.939	17070.2	17671	0.487028	0.345608	2.70961	0.0170191	271.171	103.283	96.6147
1861.098	17088.2	17671	0.488536	0.359685	2.72177	0.0164497	281.996	103.283	96.6397
1861.257	17071.7	17671	0.440201	0.381048	2.72177	0.0160944	289.682	103.283	96.6703
1861.416	17109.3	17671	0.415899	0.41798	2.69217	0.0170115	303.214	103.283	96.6906
1861.575	17080.4	17671	0.397275	0.417062	2.69217	0.0166684	310.575	103.601	96.7104
1861.734	17095.6	17671	0.32429	0.482537	2.7048	0.0194538	304.513	103.601	96.7365
1861.893	17065.6	17671	0.415551	0.465721	2.70382	0.0190618	281.996	103.601	96.7586
1862.037	17083.5	17671	0.374444	0.392014	2.70382	0.016578	297.693	103.601	96.7806
1862.179	17088.8	17671	0.490527	0.371572	2.70715	0.0195902	271.604	103.601	96.8033
1862.323	17118.5	17671	0.422359	0.437707	2.70715	0.0199675	270.305	103.601	96.8223
1862.466	17098	17671	0.407586	0.399425	2.71368	0.0177375	307.436	103.91	96.8465
1862.609	17095.1	17671	0.498839	0.363633	2.69746	0.0176696	273.553	103.91	96.8694
1862.752	17082.1	17671	0.436832	0.41981	2.69746	0.020539	257.531	103.91	96.8863
1862.895	17081.3	17671	0.268114	0.431277	2.70629	0.0157296	310.034	103.91	96.9077
1863.038	17080	17671	0.49781	0.382299	2.70629	0.0168271	277.558	103.91	96.9303
1863.181	17099.9	17671	0.441859	0.426284	2.72684	0.02004	251.469	103.91	96.9567
1863.325	17103.8	17671	0.397322	0.388052	2.72684	0.0185212	312.632	103.91	96.9792
1863.468	17123.6	17671	0.484783	0.355851	2.71928	0.0169185	288.167	104.228	97.0043
1863.611	17127.3	17671	0.464456	0.401641	2.71928	0.0204658	253.093	104.228	97.0287
1863.755	17077.3	17671	0.398375	0.478115	2.70166	0.0171133	308.193	104.228	97.0461
1863.897	17078.1	17671	0.450898	0.422105	2.6874	0.0166174	291.198	104.228	97.0659
1864.040	17077.4	17671	0.475122	0.329813	2.6874	0.0204505	256.016	104.228	97.0836
1864.183	17104.7	17671	0.403681	0.474948	2.72434	0.0195123	290.115	104.228	97.1072
1864.327	17120.1	17671	0.42409	0.425728	2.72434	0.0152468	297.26	104.228	97.1291
1864.470	17146.7	17671	0.483226	0.354486	2.72493	0.0169181	266.625	104.542	97.1554
1864.613	17116.6	17671	0.358584	0.45563	2.72493	0.0191064	272.037	104.542	97.1816
1864.756	17093.9	17671	0.281219	0.429656	2.73071	0.0188078	299.208	104.542	97.209
1864.899	17074.3	17671	0.489028	0.364009	2.73071	0.0159729	268.898	104.542	97.23
1865.042	17069.5	17671	0.428502	0.429462	2.68813	0.0204783	258.181	104.542	97.2473
1865.185	17090.5	17671	0.399291	0.442499	2.7135	0.0176925	309.709	104.542	97.2677
1865.329	17148.1	17671	0.497034	0.355935	2.7135	0.0168887	274.419	104.542	97.2872
1865.487	17101.1	17671	0.473565	0.375254	2.72056	0.0151726	288.708	104.857	97.3157
1865.646	17126.8	17671	0.372681	0.391051	2.72056	0.0162315	297.585	104.857	97.3405
1865.806	17123.3	17671	0.258143	0.391991	2.72809	0.0173513	307.544	104.857	97.3714
1865.949	17088.3	17671	0.493661	0.356067	2.70772	0.0181009	275.176	104.857	97.3917
1866.108	17114	17671	0.484791	0.350217	2.70772	0.0174554	283.62	104.857	97.4168
1866.267	17094.1	17671	0.447353	0.356454	2.70177	0.0161441	295.311	104.857	97.4372
1866.426	17135.9	17671	0.402792	0.409781	2.70177	0.0166654	304.188	104.857	97.4571
1866.585	17079.3	17671	0.336202	0.434305	2.69547	0.0176467	314.255	105.171	97.4791
